Running phase: unpackPhase
@nix { "action": "setPhase", "phase": "unpackPhase" }
unpacking source archive /nix/store/pypmd00mh1nqij7jkcldizr69iwz42i6-source
source root is source
Running phase: patchPhase
@nix { "action": "setPhase", "phase": "patchPhase" }
applying patch /nix/store/0785z81fai1zd8wqdk0mp894x70dhn35-no-hardcode-path-addr2line.patch
patching file art/runtime/native_stack_dump.cc
patching file art/tools/timeout_dumper/timeout_dumper.cc
patching script interpreter paths in .
./libziparchive/run-ziptool-tests-on-android.sh: interpreter directive changed from "#!/bin/bash" to "/nix/store/7ik8057hajl6vq9j40h3jracxjn0bb5x-bash-5.3p15/bin/bash"
./libcore/luni/src/test/resources/crypto/build_test_files.sh: interpreter directive changed from "#!/usr/bin/env bash" to "/nix/store/7ik8057hajl6vq9j40h3jracxjn0bb5x-bash-5.3p15/bin/bash"
./libcore/luni/src/test/resources/crypto/parse_records.py: interpreter directive changed from "#!/usr/bin/env python" to "/nix/store/gxzhl7aaiid7zp3y47jqqiq7zg5mqpwp-python3-3.14.6/bin/python"
./libcore/luni/src/test/java/dalvik/system/create_test_jar.sh: interpreter directive changed from "#!/bin/bash" to "/nix/store/7ik8057hajl6vq9j40h3jracxjn0bb5x-bash-5.3p15/bin/bash"
./libcore/luni/src/test/etc/loading-test-jar/build.sh: interpreter directive changed from "#!/bin/bash -e" to "/nix/store/7ik8057hajl6vq9j40h3jracxjn0bb5x-bash-5.3p15/bin/bash -e"
./libcore/luni/src/test/etc/loading-test2-jar/build.sh: interpreter directive changed from "#!/bin/bash -e" to "/nix/store/7ik8057hajl6vq9j40h3jracxjn0bb5x-bash-5.3p15/bin/bash -e"
./libcore/ojluni/src/test/gen-test-list: interpreter directive changed from "#!/usr/bin/env bash" to "/nix/store/7ik8057hajl6vq9j40h3jracxjn0bb5x-bash-5.3p15/bin/bash"
./libcore/ojluni/src/test/artrun-testng: interpreter directive changed from "#!/usr/bin/env bash" to "/nix/store/7ik8057hajl6vq9j40h3jracxjn0bb5x-bash-5.3p15/bin/bash"
./libcore/ojluni/src/test/artrun: interpreter directive changed from "#!/usr/bin/env bash" to "/nix/store/7ik8057hajl6vq9j40h3jracxjn0bb5x-bash-5.3p15/bin/bash"
./libcore/run-libcore-tests: interpreter directive changed from "#!/bin/bash" to "/nix/store/7ik8057hajl6vq9j40h3jracxjn0bb5x-bash-5.3p15/bin/bash"
./libcore/tools/upstream/oj_upstream_comparison.py: interpreter directive changed from "#!/usr/bin/env python" to "/nix/store/gxzhl7aaiid7zp3y47jqqiq7zg5mqpwp-python3-3.14.6/bin/python"
./libcore/tools/docs/crypto/format_supported_algorithm_table.py: interpreter directive changed from "#!/usr/bin/env python" to "/nix/store/gxzhl7aaiid7zp3y47jqqiq7zg5mqpwp-python3-3.14.6/bin/python"
./libcore/tools/docs/crypto/update_crypto_support.py: interpreter directive changed from "#!/usr/bin/env python" to "/nix/store/gxzhl7aaiid7zp3y47jqqiq7zg5mqpwp-python3-3.14.6/bin/python"
./libcore/tools/docs/crypto/update_crypto_support_test.py: interpreter directive changed from "#!/usr/bin/env python" to "/nix/store/gxzhl7aaiid7zp3y47jqqiq7zg5mqpwp-python3-3.14.6/bin/python"
./libcore/tools/docs/crypto/run_update_crypto_support.sh: interpreter directive changed from "#!/usr/bin/env bash" to "/nix/store/7ik8057hajl6vq9j40h3jracxjn0bb5x-bash-5.3p15/bin/bash"
./libcore/support/src/test/java/tests/resources/x509/create.sh: interpreter directive changed from "#!/bin/bash -" to "/nix/store/7ik8057hajl6vq9j40h3jracxjn0bb5x-bash-5.3p15/bin/bash -"
./libcore/check-ojluni-files: interpreter directive changed from "#!/bin/bash" to "/nix/store/7ik8057hajl6vq9j40h3jracxjn0bb5x-bash-5.3p15/bin/bash"
./art/tools/symbolize.sh: interpreter directive changed from "#!/bin/sh" to "/nix/store/7ik8057hajl6vq9j40h3jracxjn0bb5x-bash-5.3p15/bin/sh"
./art/tools/mount-buildbot-apexes.sh: interpreter directive changed from "#!/bin/bash" to "/nix/store/7ik8057hajl6vq9j40h3jracxjn0bb5x-bash-5.3p15/bin/bash"
./art/tools/runtime_memusage/symbol_trace_info.py: interpreter directive changed from "#!/usr/bin/env python" to "/nix/store/gxzhl7aaiid7zp3y47jqqiq7zg5mqpwp-python3-3.14.6/bin/python"
./art/tools/runtime_memusage/sanitizer_logcat_analysis.sh: interpreter directive changed from "#!/bin/bash" to "/nix/store/7ik8057hajl6vq9j40h3jracxjn0bb5x-bash-5.3p15/bin/bash"
./art/tools/runtime_memusage/prune_sanitizer_output.py: interpreter directive changed from "#!/usr/bin/env python" to "/nix/store/gxzhl7aaiid7zp3y47jqqiq7zg5mqpwp-python3-3.14.6/bin/python"
./art/tools/javac-helper.sh: interpreter directive changed from "#!/bin/bash" to "/nix/store/7ik8057hajl6vq9j40h3jracxjn0bb5x-bash-5.3p15/bin/bash"
./art/tools/teardown-buildbot-device.sh: interpreter directive changed from "#!/bin/bash" to "/nix/store/7ik8057hajl6vq9j40h3jracxjn0bb5x-bash-5.3p15/bin/bash"
./art/tools/golem/env: interpreter directive changed from "#!/bin/bash" to "/nix/store/7ik8057hajl6vq9j40h3jracxjn0bb5x-bash-5.3p15/bin/bash"
./art/tools/golem/build-target.sh: interpreter directive changed from "#!/bin/bash" to "/nix/store/7ik8057hajl6vq9j40h3jracxjn0bb5x-bash-5.3p15/bin/bash"
./art/tools/wrap-logcat.py: interpreter directive changed from "#!/usr/bin/env python3" to "/nix/store/gxzhl7aaiid7zp3y47jqqiq7zg5mqpwp-python3-3.14.6/bin/python3"
./art/tools/host_bcp.sh: interpreter directive changed from "#!/bin/bash" to "/nix/store/7ik8057hajl6vq9j40h3jracxjn0bb5x-bash-5.3p15/bin/bash"
./art/tools/ahat/ahat: interpreter directive changed from "#!/bin/bash" to "/nix/store/7ik8057hajl6vq9j40h3jracxjn0bb5x-bash-5.3p15/bin/bash"
./art/tools/extract-embedded-java: interpreter directive changed from "#!/bin/bash" to "/nix/store/7ik8057hajl6vq9j40h3jracxjn0bb5x-bash-5.3p15/bin/bash"
./art/tools/generate_operator_out.py: interpreter directive changed from "#!/usr/bin/env python3" to "/nix/store/gxzhl7aaiid7zp3y47jqqiq7zg5mqpwp-python3-3.14.6/bin/python3"
./art/tools/run-prebuilt-libjdwp-tests.sh: interpreter directive changed from "#!/bin/bash" to "/nix/store/7ik8057hajl6vq9j40h3jracxjn0bb5x-bash-5.3p15/bin/bash"
./art/tools/run-libcore-tests.sh: interpreter directive changed from "#!/bin/bash" to "/nix/store/7ik8057hajl6vq9j40h3jracxjn0bb5x-bash-5.3p15/bin/bash"
./art/tools/common/common.py: interpreter directive changed from "#!/usr/bin/env python3" to "/nix/store/gxzhl7aaiid7zp3y47jqqiq7zg5mqpwp-python3-3.14.6/bin/python3"
./art/tools/dt_fds_forward.py: interpreter directive changed from "#!/usr/bin/env python3" to "/nix/store/gxzhl7aaiid7zp3y47jqqiq7zg5mqpwp-python3-3.14.6/bin/python3"
./art/tools/unmount-buildbot-apexes.sh: interpreter directive changed from "#!/bin/bash" to "/nix/store/7ik8057hajl6vq9j40h3jracxjn0bb5x-bash-5.3p15/bin/bash"
./art/tools/cpp-define-generator/make_header.py: interpreter directive changed from "#!/usr/bin/env python3" to "/nix/store/gxzhl7aaiid7zp3y47jqqiq7zg5mqpwp-python3-3.14.6/bin/python3"
./art/tools/cpp-define-generator/make_header_test.py: interpreter directive changed from "#!/usr/bin/env python" to "/nix/store/gxzhl7aaiid7zp3y47jqqiq7zg5mqpwp-python3-3.14.6/bin/python"
./art/tools/jvmti-agents/field-null-percent/check-null-fields.py: interpreter directive changed from "#!/usr/bin/env python" to "/nix/store/gxzhl7aaiid7zp3y47jqqiq7zg5mqpwp-python3-3.14.6/bin/python"
./art/tools/setup-buildbot-device.sh: interpreter directive changed from "#!/bin/bash" to "/nix/store/7ik8057hajl6vq9j40h3jracxjn0bb5x-bash-5.3p15/bin/bash"
./art/tools/veridex/appcompat.sh: interpreter directive changed from "#!/bin/bash" to "/nix/store/7ik8057hajl6vq9j40h3jracxjn0bb5x-bash-5.3p15/bin/bash"
./art/tools/bisection_search/bisection_test.py: interpreter directive changed from "#!/usr/bin/env python3" to "/nix/store/gxzhl7aaiid7zp3y47jqqiq7zg5mqpwp-python3-3.14.6/bin/python3"
./art/tools/bisection_search/bisection_search.py: interpreter directive changed from "#!/usr/bin/env python3" to "/nix/store/gxzhl7aaiid7zp3y47jqqiq7zg5mqpwp-python3-3.14.6/bin/python3"
./art/tools/dist_linux_bionic.sh: interpreter directive changed from "#!/bin/bash" to "/nix/store/7ik8057hajl6vq9j40h3jracxjn0bb5x-bash-5.3p15/bin/bash"
./art/tools/bootjars.sh: interpreter directive changed from "#!/bin/bash" to "/nix/store/7ik8057hajl6vq9j40h3jracxjn0bb5x-bash-5.3p15/bin/bash"
./art/tools/buildbot-build.sh: interpreter directive changed from "#!/bin/bash" to "/nix/store/7ik8057hajl6vq9j40h3jracxjn0bb5x-bash-5.3p15/bin/bash"
./art/tools/stream-trace-converter.py: interpreter directive changed from "#!/usr/bin/env python" to "/nix/store/gxzhl7aaiid7zp3y47jqqiq7zg5mqpwp-python3-3.14.6/bin/python"
./art/tools/test_presubmit.py: interpreter directive changed from "#!/usr/bin/python3" to "/nix/store/gxzhl7aaiid7zp3y47jqqiq7zg5mqpwp-python3-3.14.6/bin/python3"
./art/tools/findbuildbotwarnings.py: interpreter directive changed from "#!/usr/bin/env python" to "/nix/store/gxzhl7aaiid7zp3y47jqqiq7zg5mqpwp-python3-3.14.6/bin/python"
./art/tools/build_linux_bionic_tests.sh: interpreter directive changed from "#!/bin/bash" to "/nix/store/7ik8057hajl6vq9j40h3jracxjn0bb5x-bash-5.3p15/bin/bash"
./art/tools/analyze-init-failures.py: interpreter directive changed from "#!/usr/bin/env python" to "/nix/store/gxzhl7aaiid7zp3y47jqqiq7zg5mqpwp-python3-3.14.6/bin/python"
./art/tools/add_package_property.sh: interpreter directive changed from "#!/bin/bash" to "/nix/store/7ik8057hajl6vq9j40h3jracxjn0bb5x-bash-5.3p15/bin/bash"
./art/tools/build/var_cache.sh: interpreter directive changed from "#!/bin/bash" to "/nix/store/7ik8057hajl6vq9j40h3jracxjn0bb5x-bash-5.3p15/bin/bash"
./art/tools/run-jdwp-tests.sh: interpreter directive changed from "#!/bin/bash" to "/nix/store/7ik8057hajl6vq9j40h3jracxjn0bb5x-bash-5.3p15/bin/bash"
./art/tools/run-gtests.sh: interpreter directive changed from "#!/bin/bash" to "/nix/store/7ik8057hajl6vq9j40h3jracxjn0bb5x-bash-5.3p15/bin/bash"
./art/tools/buildbot-sync.sh: interpreter directive changed from "#!/bin/bash" to "/nix/store/7ik8057hajl6vq9j40h3jracxjn0bb5x-bash-5.3p15/bin/bash"
./art/tools/symbolize-buildbot-crashes.sh: interpreter directive changed from "#!/bin/bash" to "/nix/store/7ik8057hajl6vq9j40h3jracxjn0bb5x-bash-5.3p15/bin/bash"
./art/tools/generate-boot-image-profile.sh: interpreter directive changed from "#!/bin/bash" to "/nix/store/7ik8057hajl6vq9j40h3jracxjn0bb5x-bash-5.3p15/bin/bash"
./art/tools/cleanup-buildbot-device.sh: interpreter directive changed from "#!/bin/bash" to "/nix/store/7ik8057hajl6vq9j40h3jracxjn0bb5x-bash-5.3p15/bin/bash"
./art/tools/run-libjdwp-tests.sh: interpreter directive changed from "#!/bin/bash" to "/nix/store/7ik8057hajl6vq9j40h3jracxjn0bb5x-bash-5.3p15/bin/bash"
./art/tools/dexfuzz/dexfuzz: interpreter directive changed from "#!/bin/bash" to "/nix/store/7ik8057hajl6vq9j40h3jracxjn0bb5x-bash-5.3p15/bin/bash"
./art/tools/jfuzz/run_dex_fuzz_test.py: interpreter directive changed from "#!/usr/bin/env python3" to "/nix/store/gxzhl7aaiid7zp3y47jqqiq7zg5mqpwp-python3-3.14.6/bin/python3"
./art/tools/jfuzz/run_jfuzz_test.py: interpreter directive changed from "#!/usr/bin/env python3" to "/nix/store/gxzhl7aaiid7zp3y47jqqiq7zg5mqpwp-python3-3.14.6/bin/python3"
./art/tools/jfuzz/run_jfuzz_test_nightly.py: interpreter directive changed from "#!/usr/bin/env python3" to "/nix/store/gxzhl7aaiid7zp3y47jqqiq7zg5mqpwp-python3-3.14.6/bin/python3"
./art/tools/build_linux_bionic.sh: interpreter directive changed from "#!/bin/bash" to "/nix/store/7ik8057hajl6vq9j40h3jracxjn0bb5x-bash-5.3p15/bin/bash"
./art/tools/generate_cmake_lists.py: interpreter directive changed from "#!/usr/bin/env python" to "/nix/store/gxzhl7aaiid7zp3y47jqqiq7zg5mqpwp-python3-3.14.6/bin/python"
./art/test.py: interpreter directive changed from "#!/usr/bin/env python" to "/nix/store/gxzhl7aaiid7zp3y47jqqiq7zg5mqpwp-python3-3.14.6/bin/python"
./art/build/apex/runtests.sh: interpreter directive changed from "#!/bin/bash" to "/nix/store/7ik8057hajl6vq9j40h3jracxjn0bb5x-bash-5.3p15/bin/bash"
./art/build/apex/art_apex_test.py: interpreter directive changed from "#!/usr/bin/env python3" to "/nix/store/gxzhl7aaiid7zp3y47jqqiq7zg5mqpwp-python3-3.14.6/bin/python3"
./art/runtime/interpreter/mterp/gen_mterp.py: interpreter directive changed from "#!/usr/bin/env python3" to "/nix/store/gxzhl7aaiid7zp3y47jqqiq7zg5mqpwp-python3-3.14.6/bin/python3"
./system/core/libnativebridge/tests/runtests.sh: interpreter directive changed from "#!/bin/bash" to "/nix/store/7ik8057hajl6vq9j40h3jracxjn0bb5x-bash-5.3p15/bin/bash"
./build/tools/warn.py: interpreter directive changed from "#!/usr/bin/env python" to "/nix/store/gxzhl7aaiid7zp3y47jqqiq7zg5mqpwp-python3-3.14.6/bin/python"
./build/tools/product_debug.py: interpreter directive changed from "#!/usr/bin/env python" to "/nix/store/gxzhl7aaiid7zp3y47jqqiq7zg5mqpwp-python3-3.14.6/bin/python"
./build/tools/droiddoc/test/stubs/run.sh: interpreter directive changed from "#!/bin/sh" to "/nix/store/7ik8057hajl6vq9j40h3jracxjn0bb5x-bash-5.3p15/bin/sh"
./build/tools/mktarball.sh: interpreter directive changed from "#!/bin/bash" to "/nix/store/7ik8057hajl6vq9j40h3jracxjn0bb5x-bash-5.3p15/bin/bash"
./build/tools/compare_fileslist.py: interpreter directive changed from "#!/usr/bin/env python" to "/nix/store/gxzhl7aaiid7zp3y47jqqiq7zg5mqpwp-python3-3.14.6/bin/python"
./build/tools/generate-notice-files.py: interpreter directive changed from "#!/usr/bin/env python" to "/nix/store/gxzhl7aaiid7zp3y47jqqiq7zg5mqpwp-python3-3.14.6/bin/python"
./build/tools/adbs: interpreter directive changed from "#!/usr/bin/env python" to "/nix/store/gxzhl7aaiid7zp3y47jqqiq7zg5mqpwp-python3-3.14.6/bin/python"
./build/tools/findleaves.py: interpreter directive changed from "#!/usr/bin/env python3" to "/nix/store/gxzhl7aaiid7zp3y47jqqiq7zg5mqpwp-python3-3.14.6/bin/python3"
./build/tools/java-layers.py: interpreter directive changed from "#!/usr/bin/env python" to "/nix/store/gxzhl7aaiid7zp3y47jqqiq7zg5mqpwp-python3-3.14.6/bin/python"
./build/tools/diff_package_overlays.py: interpreter directive changed from "#!/usr/bin/env python3" to "/nix/store/gxzhl7aaiid7zp3y47jqqiq7zg5mqpwp-python3-3.14.6/bin/python3"
./build/tools/fileslist.py: interpreter directive changed from "#!/usr/bin/env python" to "/nix/store/gxzhl7aaiid7zp3y47jqqiq7zg5mqpwp-python3-3.14.6/bin/python"
./build/tools/signapk/test/run: interpreter directive changed from "#!/usr/bin/make -f" to "/nix/store/pqqnhh0960k1a10jm41lgnq5vrxzs05x-gnumake-4.4.1/bin/make -f"
./build/tools/merge-event-log-tags.py: interpreter directive changed from "#!/usr/bin/env python" to "/nix/store/gxzhl7aaiid7zp3y47jqqiq7zg5mqpwp-python3-3.14.6/bin/python"
./build/tools/buildinfo.sh: interpreter directive changed from "#!/bin/bash" to "/nix/store/7ik8057hajl6vq9j40h3jracxjn0bb5x-bash-5.3p15/bin/bash"
./build/tools/check_radio_versions.py: interpreter directive changed from "#!/usr/bin/env python" to "/nix/store/gxzhl7aaiid7zp3y47jqqiq7zg5mqpwp-python3-3.14.6/bin/python"
./build/tools/print_module_licenses.sh: interpreter directive changed from "#!/bin/sh" to "/nix/store/7ik8057hajl6vq9j40h3jracxjn0bb5x-bash-5.3p15/bin/sh"
./build/tools/filter-product-graph.py: interpreter directive changed from "#!/usr/bin/env python" to "/nix/store/gxzhl7aaiid7zp3y47jqqiq7zg5mqpwp-python3-3.14.6/bin/python"
./build/tools/parsedeps.py: interpreter directive changed from "#!/usr/bin/env python" to "/nix/store/gxzhl7aaiid7zp3y47jqqiq7zg5mqpwp-python3-3.14.6/bin/python"
./build/tools/post_process_props.py: interpreter directive changed from "#!/usr/bin/env python" to "/nix/store/gxzhl7aaiid7zp3y47jqqiq7zg5mqpwp-python3-3.14.6/bin/python"
./build/tools/releasetools/check_target_files_signatures.py: interpreter directive changed from "#!/usr/bin/env python" to "/nix/store/gxzhl7aaiid7zp3y47jqqiq7zg5mqpwp-python3-3.14.6/bin/python"
./build/tools/releasetools/sign_target_files_apks.py: interpreter directive changed from "#!/usr/bin/env python" to "/nix/store/gxzhl7aaiid7zp3y47jqqiq7zg5mqpwp-python3-3.14.6/bin/python"
./build/tools/releasetools/ota_from_target_files.py: interpreter directive changed from "#!/usr/bin/env python" to "/nix/store/gxzhl7aaiid7zp3y47jqqiq7zg5mqpwp-python3-3.14.6/bin/python"
./build/tools/releasetools/make_recovery_patch.py: interpreter directive changed from "#!/usr/bin/env python" to "/nix/store/gxzhl7aaiid7zp3y47jqqiq7zg5mqpwp-python3-3.14.6/bin/python"
./build/tools/releasetools/add_img_to_target_files.py: interpreter directive changed from "#!/usr/bin/env python" to "/nix/store/gxzhl7aaiid7zp3y47jqqiq7zg5mqpwp-python3-3.14.6/bin/python"
./build/tools/releasetools/img_from_target_files.py: interpreter directive changed from "#!/usr/bin/env python" to "/nix/store/gxzhl7aaiid7zp3y47jqqiq7zg5mqpwp-python3-3.14.6/bin/python"
./build/tools/releasetools/build_image.py: interpreter directive changed from "#!/usr/bin/env python" to "/nix/store/gxzhl7aaiid7zp3y47jqqiq7zg5mqpwp-python3-3.14.6/bin/python"
./build/tools/java-event-log-tags.py: interpreter directive changed from "#!/usr/bin/env python" to "/nix/store/gxzhl7aaiid7zp3y47jqqiq7zg5mqpwp-python3-3.14.6/bin/python"
./build/tools/fixlinebreaks.sh: interpreter directive changed from "#!/bin/sh" to "/nix/store/7ik8057hajl6vq9j40h3jracxjn0bb5x-bash-5.3p15/bin/sh"
./build/tools/dump-package-stats: interpreter directive changed from "#!/bin/bash" to "/nix/store/7ik8057hajl6vq9j40h3jracxjn0bb5x-bash-5.3p15/bin/bash"
./build/core/find-jdk-tools-jar.sh: interpreter directive changed from "#!/bin/sh" to "/nix/store/7ik8057hajl6vq9j40h3jracxjn0bb5x-bash-5.3p15/bin/sh"
./build/core/tasks/check_boot_jars/check_boot_jars.py: interpreter directive changed from "#!/usr/bin/env python" to "/nix/store/gxzhl7aaiid7zp3y47jqqiq7zg5mqpwp-python3-3.14.6/bin/python"
./build/core/checktree: interpreter directive changed from "#!/usr/bin/python -E" to "/nix/store/gxzhl7aaiid7zp3y47jqqiq7zg5mqpwp-python3-3.14.6/bin/python -E"
./build/core/process_wrapper.sh: interpreter directive changed from "#!/bin/sh" to "/nix/store/7ik8057hajl6vq9j40h3jracxjn0bb5x-bash-5.3p15/bin/sh"
./build/core/process_wrapper_gdb.sh: interpreter directive changed from "#!/bin/sh" to "/nix/store/7ik8057hajl6vq9j40h3jracxjn0bb5x-bash-5.3p15/bin/sh"
./dalvik/dx/tests/run-all-tests: interpreter directive changed from "#!/bin/bash" to "/nix/store/7ik8057hajl6vq9j40h3jracxjn0bb5x-bash-5.3p15/bin/bash"
./dalvik/dx/tests/098-dex-jsr-ret-throw/run: interpreter directive changed from "#!/bin/bash" to "/nix/store/7ik8057hajl6vq9j40h3jracxjn0bb5x-bash-5.3p15/bin/bash"
./dalvik/dx/tests/127-merge-stress/run: interpreter directive changed from "#!/bin/bash" to "/nix/store/7ik8057hajl6vq9j40h3jracxjn0bb5x-bash-5.3p15/bin/bash"
./dalvik/dx/tests/133-source-debug-extension/run: interpreter directive changed from "#!/bin/bash" to "/nix/store/7ik8057hajl6vq9j40h3jracxjn0bb5x-bash-5.3p15/bin/bash"
./dalvik/dx/tests/run-test: interpreter directive changed from "#!/bin/bash" to "/nix/store/7ik8057hajl6vq9j40h3jracxjn0bb5x-bash-5.3p15/bin/bash"
./dalvik/dx/tests/139-lambda-metafactory/run: interpreter directive changed from "#!/bin/bash" to "/nix/store/7ik8057hajl6vq9j40h3jracxjn0bb5x-bash-5.3p15/bin/bash"
./dalvik/dx/tests/138-invoke-polymorphic-again/run: interpreter directive changed from "#!/bin/bash" to "/nix/store/7ik8057hajl6vq9j40h3jracxjn0bb5x-bash-5.3p15/bin/bash"
./dalvik/dx/tests/137-dexmerger-dex38/run: interpreter directive changed from "#!/bin/bash" to "/nix/store/7ik8057hajl6vq9j40h3jracxjn0bb5x-bash-5.3p15/bin/bash"
./dalvik/dx/tests/137-dexmerger-dex38/generate-test: interpreter directive changed from "#!/bin/bash" to "/nix/store/7ik8057hajl6vq9j40h3jracxjn0bb5x-bash-5.3p15/bin/bash"
./dalvik/dx/tests/135-invoke-custom/generate-test: interpreter directive changed from "#!/bin/bash" to "/nix/store/7ik8057hajl6vq9j40h3jracxjn0bb5x-bash-5.3p15/bin/bash"
./dalvik/dx/tests/135-invoke-custom/run: interpreter directive changed from "#!/bin/bash" to "/nix/store/7ik8057hajl6vq9j40h3jracxjn0bb5x-bash-5.3p15/bin/bash"
./dalvik/dx/etc/mainDexClasses: interpreter directive changed from "#!/bin/bash" to "/nix/store/7ik8057hajl6vq9j40h3jracxjn0bb5x-bash-5.3p15/bin/bash"
./dalvik/dx/etc/dx: interpreter directive changed from "#!/bin/bash" to "/nix/store/7ik8057hajl6vq9j40h3jracxjn0bb5x-bash-5.3p15/bin/bash"
./dalvik/dx/etc/dexmerger: interpreter directive changed from "#!/bin/bash" to "/nix/store/7ik8057hajl6vq9j40h3jracxjn0bb5x-bash-5.3p15/bin/bash"
./dalvik/tools/get-hprof: interpreter directive changed from "#!/bin/sh" to "/nix/store/7ik8057hajl6vq9j40h3jracxjn0bb5x-bash-5.3p15/bin/sh"
./dalvik/opcode-gen/opcode-gen: interpreter directive changed from "#!/bin/bash" to "/nix/store/7ik8057hajl6vq9j40h3jracxjn0bb5x-bash-5.3p15/bin/bash"
./dalvik/opcode-gen/regen-all: interpreter directive changed from "#!/bin/bash" to "/nix/store/7ik8057hajl6vq9j40h3jracxjn0bb5x-bash-5.3p15/bin/bash"
./external/okhttp/deploy_website.sh: interpreter directive changed from "#!/bin/bash" to "/nix/store/7ik8057hajl6vq9j40h3jracxjn0bb5x-bash-5.3p15/bin/bash"
./external/okhttp/okio/deploy_javadoc.sh: interpreter directive changed from "#!/bin/bash" to "/nix/store/7ik8057hajl6vq9j40h3jracxjn0bb5x-bash-5.3p15/bin/bash"
./external/libunwind/android/conf_x86.sh: interpreter directive changed from "#!/bin/bash" to "/nix/store/7ik8057hajl6vq9j40h3jracxjn0bb5x-bash-5.3p15/bin/bash"
./external/libunwind/android/conf_mips.sh: interpreter directive changed from "#!/bin/bash" to "/nix/store/7ik8057hajl6vq9j40h3jracxjn0bb5x-bash-5.3p15/bin/bash"
./external/libunwind/android/conf_arm.sh: interpreter directive changed from "#!/bin/bash" to "/nix/store/7ik8057hajl6vq9j40h3jracxjn0bb5x-bash-5.3p15/bin/bash"
./external/libunwind/scripts/make-L-files: interpreter directive changed from "#!/bin/sh" to "/nix/store/7ik8057hajl6vq9j40h3jracxjn0bb5x-bash-5.3p15/bin/sh"
./external/libunwind/src/ia64/mk_cursor_i: interpreter directive changed from "#!/bin/sh" to "/nix/store/7ik8057hajl6vq9j40h3jracxjn0bb5x-bash-5.3p15/bin/sh"
./external/libunwind/tests/run-check-namespace: interpreter directive changed from "#!/bin/sh" to "/nix/store/7ik8057hajl6vq9j40h3jracxjn0bb5x-bash-5.3p15/bin/sh"
./external/libunwind/tests/run-coredump-unwind-mdi: interpreter directive changed from "#!/bin/sh" to "/nix/store/7ik8057hajl6vq9j40h3jracxjn0bb5x-bash-5.3p15/bin/sh"
./external/libunwind/tests/run-coredump-unwind: interpreter directive changed from "#!/bin/sh" to "/nix/store/7ik8057hajl6vq9j40h3jracxjn0bb5x-bash-5.3p15/bin/sh"
./external/libunwind/tests/run-ptrace-misc: interpreter directive changed from "#!/bin/sh" to "/nix/store/7ik8057hajl6vq9j40h3jracxjn0bb5x-bash-5.3p15/bin/sh"
./external/libunwind/tests/run-ia64-test-dyn1: interpreter directive changed from "#!/bin/sh" to "/nix/store/7ik8057hajl6vq9j40h3jracxjn0bb5x-bash-5.3p15/bin/sh"
./external/libunwind/tests/run-ptrace-mapper: interpreter directive changed from "#!/bin/sh" to "/nix/store/7ik8057hajl6vq9j40h3jracxjn0bb5x-bash-5.3p15/bin/sh"
./external/libunwind/tests/perf-startup: interpreter directive changed from "#!/bin/sh" to "/nix/store/7ik8057hajl6vq9j40h3jracxjn0bb5x-bash-5.3p15/bin/sh"
./libandroidfw/tests/data/out_of_order_types/build: interpreter directive changed from "#!/bin/bash" to "/nix/store/7ik8057hajl6vq9j40h3jracxjn0bb5x-bash-5.3p15/bin/bash"
./libandroidfw/tests/data/system/build: interpreter directive changed from "#!/bin/bash" to "/nix/store/7ik8057hajl6vq9j40h3jracxjn0bb5x-bash-5.3p15/bin/bash"
./libandroidfw/tests/data/overlay/build: interpreter directive changed from "#!/bin/bash" to "/nix/store/7ik8057hajl6vq9j40h3jracxjn0bb5x-bash-5.3p15/bin/bash"
./libandroidfw/tests/data/libclient/build: interpreter directive changed from "#!/bin/bash" to "/nix/store/7ik8057hajl6vq9j40h3jracxjn0bb5x-bash-5.3p15/bin/bash"
./libandroidfw/tests/data/lib_one/build: interpreter directive changed from "#!/bin/bash" to "/nix/store/7ik8057hajl6vq9j40h3jracxjn0bb5x-bash-5.3p15/bin/bash"
./libandroidfw/tests/data/loader/build: interpreter directive changed from "#!/bin/bash" to "/nix/store/7ik8057hajl6vq9j40h3jracxjn0bb5x-bash-5.3p15/bin/bash"
./libandroidfw/tests/data/feature/build: interpreter directive changed from "#!/bin/bash" to "/nix/store/7ik8057hajl6vq9j40h3jracxjn0bb5x-bash-5.3p15/bin/bash"
./libandroidfw/tests/data/sparse/build: interpreter directive changed from "#!/bin/bash" to "/nix/store/7ik8057hajl6vq9j40h3jracxjn0bb5x-bash-5.3p15/bin/bash"
./libandroidfw/tests/data/sparse/gen_strings.sh: interpreter directive changed from "#!/bin/bash" to "/nix/store/7ik8057hajl6vq9j40h3jracxjn0bb5x-bash-5.3p15/bin/bash"
./libandroidfw/tests/data/appaslib/build: interpreter directive changed from "#!/bin/bash" to "/nix/store/7ik8057hajl6vq9j40h3jracxjn0bb5x-bash-5.3p15/bin/bash"
./libandroidfw/tests/data/basic/build: interpreter directive changed from "#!/bin/bash" to "/nix/store/7ik8057hajl6vq9j40h3jracxjn0bb5x-bash-5.3p15/bin/bash"
./libandroidfw/tests/data/app/build: interpreter directive changed from "#!/bin/bash" to "/nix/store/7ik8057hajl6vq9j40h3jracxjn0bb5x-bash-5.3p15/bin/bash"
./libandroidfw/tests/data/styles/build: interpreter directive changed from "#!/bin/bash" to "/nix/store/7ik8057hajl6vq9j40h3jracxjn0bb5x-bash-5.3p15/bin/bash"
./libandroidfw/tests/data/lib_two/build: interpreter directive changed from "#!/bin/bash" to "/nix/store/7ik8057hajl6vq9j40h3jracxjn0bb5x-bash-5.3p15/bin/bash"
./libandroidfw/tests/data/overlayable/build: interpreter directive changed from "#!/bin/bash" to "/nix/store/7ik8057hajl6vq9j40h3jracxjn0bb5x-bash-5.3p15/bin/bash"
Running phase: updateAutotoolsGnuConfigScriptsPhase
@nix { "action": "setPhase", "phase": "updateAutotoolsGnuConfigScriptsPhase" }
Updating Autotools / GNU config script to a newer upstream version: ./external/libunwind/aux/config.sub
Updating Autotools / GNU config script to a newer upstream version: ./external/libunwind/aux/config.guess
Running phase: configurePhase
@nix { "action": "setPhase", "phase": "configurePhase" }
fixing libtool script ./external/libunwind/aux/ltmain.sh
no configure script, doing nothing
Running phase: buildPhase
@nix { "action": "setPhase", "phase": "buildPhase" }
build flags: -j24 SHELL=/nix/store/7ik8057hajl6vq9j40h3jracxjn0bb5x-bash-5.3p15/bin/bash ____LIBDIR=lib ____PREFIX=/nix/store/xh3nflbrpidi93p4sfwvfcmz8mym0w9j-art-standalone-patched-0-unstable-2026-08-03 ____INSTALL_ETC=/nix/store/xh3nflbrpidi93p4sfwvfcmz8mym0w9j-art-standalone-patched-0-unstable-2026-08-03/etc
============================================
PLATFORM_VERSION_CODENAME=REL
PLATFORM_VERSION=6.0.1
TARGET_PRODUCT=full
TARGET_BUILD_VARIANT=eng
TARGET_BUILD_TYPE=release
TARGET_BUILD_APPS=
TARGET_ARCH=arm
TARGET_ARCH_VARIANT=armv7-a
TARGET_CPU_VARIANT=generic
TARGET_2ND_ARCH=
TARGET_2ND_ARCH_VARIANT=
TARGET_2ND_CPU_VARIANT=
HOST_ARCH=x86_64
HOST_OS=linux
HOST_OS_EXTRA=Linux-7.1.5-cachyos-x86_64-with-glibc2.42
HOST_BUILD_TYPE=release
BUILD_ID=MOB30M
OUT_DIR=out
============================================
Checking build tools versions...
including ./adb/Android.mk ...
including ./art/adbconnection/Android.mk ...
including ./art/benchmark/Android.mk ...
including ./art/build/Android.mk ...
including ./art/cmdline/Android.mk ...
including ./art/compiler/Android.mk ...
including ./art/dalvikvm/Android.mk ...
including ./art/dex2oat/Android.mk ...
including ./art/dexdump/Android.mk ...
including ./art/dexlayout/Android.mk ...
including ./art/dexlist/Android.mk ...
including ./art/dexoptanalyzer/Android.mk ...
including ./art/disassembler/Android.mk ...
including ./art/dt_fd_forward/Android.mk ...
including ./art/imgdiag/Android.mk ...
including ./art/libartbase/Android.mk ...
including ./art/libartpalette/Android.mk ...
including ./art/libdexfile/Android.mk ...
including ./art/libelffile/Android.mk ...
including ./art/libprofile/Android.mk ...
including ./art/oatdump/Android.mk ...
including ./art/openjdkjvm/Android.mk ...
including ./art/openjdkjvmti/Android.mk ...
including ./art/profman/Android.mk ...
including ./art/runtime/Android.mk ...
including ./art/sigchainlib/Android.mk ...
including ./art/simulator/Android.mk ...
including ./art/tools/Android.mk ...
including ./build/libs/host/Android.mk ...
including ./build/target/board/Android.mk ...
including ./build/target/product/security/Android.mk ...
including ./build/tools/Android.mk ...
including ./dalvik/Android.mk ...
including ./external/apache-http/Android.mk ...
including ./external/apache-xml/Android.mk ...
including ./external/bouncycastle/Android.mk ...
including ./external/fdlibm/Android.mk ...
including ./external/hamcrest/Android.mk ...
including ./external/icu/Android.mk ...
including ./external/junit/Android.mk ...
including ./external/libunwind/Android.mk ...
including ./external/okhttp/Android.mk ...
including ./external/safe-iop/Android.mk ...
including ./external/wolfssljni/Android.mk ...
including ./incfs/Android.mk ...
including ./libandroidfw/Android.mk ...
including ./libbase/Android.mk ...
including ./libcore/Android.mk ...
find: 'external/doclava/res/assets/templates-sdk': No such file or directory
including ./libnativehelper/Android.mk ...
including ./libziparchive/Android.mk ...
including ./prebuilts/misc/common/jarjar/Android.mk ...
including ./system/core/Android.mk ...
Export includes file: libnativehelper/Android.mk -- out/host/linux-x86/obj/SHARED_LIBRARIES/libnativehelper_intermediates/export_includes
Export includes file: art/sigchainlib/Android.mk -- out/host/linux-x86/obj/STATIC_LIBRARIES/libsigchain_intermediates/export_includes
Export includes file: system/core/liblog/Android.mk -- out/host/linux-x86/obj/SHARED_LIBRARIES/liblog_intermediates/export_includes
Import includes file: out/host/linux-x86/obj/SHARED_LIBRARIES/liblog_intermediates/import_includes
Import includes file: out/host/linux-x86/obj/STATIC_LIBRARIES/libsigchain_intermediates/import_includes
Export includes file: art/dalvikvm/Android.mk -- out/host/linux-x86/obj/EXECUTABLES/dalvikvm_intermediates/export_includes
Export includes file: build/libs/host/Android.mk -- out/host/linux-x86/obj/STATIC_LIBRARIES/libhost_intermediates/export_includes
Import includes file: out/host/linux-x86/obj/STATIC_LIBRARIES/libhost_intermediates/import_includes
Export includes file: build/tools/acp/Android.mk -- out/host/linux-x86/obj/EXECUTABLES/acp_intermediates/export_includes
Notice file: libnativehelper/NOTICE -- out/host/linux-x86/obj/NOTICE_FILES/src//lib64/libnativehelper.so.txt
Notice file: system/core/liblog/NOTICE -- out/host/linux-x86/obj/NOTICE_FILES/src//lib64/liblog.so.txt
Export includes file: art/libprofile/Android.mk -- out/host/linux-x86/obj/SHARED_LIBRARIES/libprofile_intermediates/export_includes
Export includes file: art/compiler/Android.mk -- out/host/linux-x86/obj/SHARED_LIBRARIES/libart-compiler_intermediates/export_includes
Export includes file: art/dexlayout/Android.mk -- out/host/linux-x86/obj/SHARED_LIBRARIES/libart-dexlayout_intermediates/export_includes
Export includes file: art/runtime/Android.mk -- out/host/linux-x86/obj/SHARED_LIBRARIES/libart_intermediates/export_includes
Export includes file: art/libdexfile/Android.mk -- out/host/linux-x86/obj/SHARED_LIBRARIES/libdexfile_intermediates/export_includes
Export includes file: art/libartbase/Android.mk -- out/host/linux-x86/obj/SHARED_LIBRARIES/libartbase_intermediates/export_includes
Export includes file: art/libartpalette/Android.mk -- out/host/linux-x86/obj/SHARED_LIBRARIES/libartpalette_intermediates/export_includes
Export includes file: libbase/Android.mk -- out/host/linux-x86/obj/SHARED_LIBRARIES/libbase_intermediates/export_includes
Export includes file: art/sigchainlib/Android.mk -- out/host/linux-x86/obj/SHARED_LIBRARIES/libsigchain_intermediates/export_includes
Export includes file: art/dex2oat/Android.mk -- out/host/linux-x86/obj/STATIC_LIBRARIES/libart-dex2oat_intermediates/export_includes
Export includes file: libziparchive/Android.mk -- out/host/linux-x86/obj/SHARED_LIBRARIES/libziparchive_intermediates/export_includes
Import includes file: out/host/linux-x86/obj/SHARED_LIBRARIES/libbase_intermediates/import_includes
target Generated: libartbase <= art/libartbase/arch/instruction_set.h
target Generated: libartbase <= art/libartbase/base/allocator.h
target Generated: libartbase <= art/libartbase/base/unix_file/fd_file.h
Export includes file: system/core/libutils/Android.mk -- out/host/linux-x86/obj/SHARED_LIBRARIES/libutils_intermediates/export_includes
Export includes file: system/core/libutils/binder/Android.mk -- out/host/linux-x86/obj/STATIC_LIBRARIES/libutils_binder_intermediates/export_includes
Import includes file: out/host/linux-x86/obj/STATIC_LIBRARIES/libutils_binder_intermediates/import_includes
Import includes file: out/host/linux-x86/obj/SHARED_LIBRARIES/libartpalette_intermediates/import_includes
target Generated: libdexfile <= art/libdexfile/dex/dex_file.h
target Generated: libdexfile <= art/libdexfile/dex/dex_file_layout.h
target Generated: libdexfile <= art/libdexfile/dex/dex_instruction.h
target Generated: libdexfile <= art/libdexfile/dex/dex_instruction_utils.h
target Generated: libdexfile <= art/libdexfile/dex/invoke_type.h
target Generated: libdexfile <= art/libdexfile/dex/method_reference.h
Import includes file: out/host/linux-x86/obj/SHARED_LIBRARIES/libdexfile_intermediates/import_includes
target Generated: libart-compiler <= art/tools/cpp-define-generator/asm_defines.cc
target Generated: libart-compiler <= art/compiler/driver/compiler_options.h
target Generated: libart-compiler <= art/compiler/linker/linker_patch.h
target Generated: libart-compiler <= art/compiler/optimizing/locations.h
target Generated: libart-compiler <= art/compiler/optimizing/optimizing_compiler_stats.h
target Generated: libart-compiler <= art/compiler/utils/arm/constants_arm.h
target Generated: libart-compiler <= art/compiler/utils/mips/assembler_mips.h
target Generated: libart-compiler <= art/compiler/utils/mips64/assembler_mips64.h
Export includes file: art/libelffile/Android.mk -- out/host/linux-x86/obj/STATIC_LIBRARIES/libelffile_intermediates/export_includes
target Generated: libart <= art/tools/cpp-define-generator/asm_defines.cc
target Generated: libart <= 
target Generated: libart <= art/runtime/base/callee_save_type.h
target Generated: libart <= art/runtime/base/locks.h
target Generated: libart <= art/runtime/class_loader_context.h
/build/source/art/tools/generate_operator_out.py:40: DeprecationWarning: codecs.open() is deprecated. Use open() instead.
  lines = codecs.open(filename, 'r', 'utf8', 'replace').read().split('\n')
/build/source/art/tools/generate_operator_out.py:40: DeprecationWarning: codecs.open() is deprecated. Use open() instead.
  lines = codecs.open(filename, 'r', 'utf8', 'replace').read().split('\n')
/build/source/art/tools/generate_operator_out.py:40: DeprecationWarning: codecs.open() is deprecated. Use open() instead.
  lines = codecs.open(filename, 'r', 'utf8', 'replace').read().split('\n')
target Generated: libart <= art/runtime/class_status.h
target Generated: libart <= art/runtime/debugger.h
/build/source/art/tools/generate_operator_out.py:40: DeprecationWarning: codecs.open() is deprecated. Use open() instead.
  lines = codecs.open(filename, 'r', 'utf8', 'replace').read().split('\n')
/build/source/art/tools/generate_operator_out.py:40: DeprecationWarning: codecs.open() is deprecated. Use open() instead.
  lines = codecs.open(filename, 'r', 'utf8', 'replace').read().split('\n')
/build/source/art/tools/generate_operator_out.py:40: DeprecationWarning: codecs.open() is deprecated. Use open() instead.
  lines = codecs.open(filename, 'r', 'utf8', 'replace').read().split('\n')
/build/source/art/tools/generate_operator_out.py:40: DeprecationWarning: codecs.open() is deprecated. Use open() instead.
  lines = codecs.open(filename, 'r', 'utf8', 'replace').read().split('\n')
/build/source/art/tools/generate_operator_out.py:40: DeprecationWarning: codecs.open() is deprecated. Use open() instead.
  lines = codecs.open(filename, 'r', 'utf8', 'replace').read().split('\n')
target Generated: libart <= art/runtime/gc_root.h
/build/source/art/tools/generate_operator_out.py:40: DeprecationWarning: codecs.open() is deprecated. Use open() instead.
  lines = codecs.open(filename, 'r', 'utf8', 'replace').read().split('\n')
target Generated: libart <= art/runtime/gc/allocator_type.h
/build/source/art/tools/generate_operator_out.py:40: DeprecationWarning: codecs.open() is deprecated. Use open() instead.
  lines = codecs.open(filename, 'r', 'utf8', 'replace').read().split('\n')
/build/source/art/tools/generate_operator_out.py:40: DeprecationWarning: codecs.open() is deprecated. Use open() instead.
  lines = codecs.open(filename, 'r', 'utf8', 'replace').read().split('\n')
target Generated: libart <= art/runtime/gc/allocator/rosalloc.h
target Generated: libart <= art/runtime/gc/collector_type.h
target Generated: libart <= art/runtime/gc/collector/gc_type.h
target Generated: libart <= art/runtime/gc/heap.h
/build/source/art/tools/generate_operator_out.py:40: DeprecationWarning: codecs.open() is deprecated. Use open() instead.
  lines = codecs.open(filename, 'r', 'utf8', 'replace').read().split('\n')
/build/source/art/tools/generate_operator_out.py:40: DeprecationWarning: codecs.open() is deprecated. Use open() instead.
  lines = codecs.open(filename, 'r', 'utf8', 'replace').read().split('\n')
/build/source/art/tools/generate_operator_out.py:40: DeprecationWarning: codecs.open() is deprecated. Use open() instead.
  lines = codecs.open(filename, 'r', 'utf8', 'replace').read().split('\n')
/build/source/art/tools/generate_operator_out.py:40: DeprecationWarning: codecs.open() is deprecated. Use open() instead.
  lines = codecs.open(filename, 'r', 'utf8', 'replace').read().split('\n')
target Generated: libart <= art/runtime/gc/space/region_space.h
/build/source/art/tools/generate_operator_out.py:40: DeprecationWarning: codecs.open() is deprecated. Use open() instead.
  lines = codecs.open(filename, 'r', 'utf8', 'replace').read().split('\n')
target Generated: libart <= art/runtime/gc/space/space.h
target Generated: libart <= art/runtime/gc/weak_root_state.h
target Generated: libart <= art/runtime/image.h
target Generated: libart <= art/runtime/instrumentation.h
/build/source/art/tools/generate_operator_out.py:40: DeprecationWarning: codecs.open() is deprecated. Use open() instead.
  lines = codecs.open(filename, 'r', 'utf8', 'replace').read().split('\n')
/build/source/art/tools/generate_operator_out.py:40: DeprecationWarning: codecs.open() is deprecated. Use open() instead.
  lines = codecs.open(filename, 'r', 'utf8', 'replace').read().split('\n')
target Generated: libart <= art/runtime/indirect_reference_table.h
target Generated: libart <= art/runtime/jdwp_provider.h
/build/source/art/tools/generate_operator_out.py:40: DeprecationWarning: codecs.open() is deprecated. Use open() instead.
  lines = codecs.open(filename, 'r', 'utf8', 'replace').read().split('\n')
target Generated: libart <= art/runtime/jdwp/jdwp.h
/build/source/art/tools/generate_operator_out.py:40: DeprecationWarning: codecs.open() is deprecated. Use open() instead.
  lines = codecs.open(filename, 'r', 'utf8', 'replace').read().split('\n')
/build/source/art/tools/generate_operator_out.py:40: DeprecationWarning: codecs.open() is deprecated. Use open() instead.
  lines = codecs.open(filename, 'r', 'utf8', 'replace').read().split('\n')
target Generated: libart <= art/runtime/jdwp/jdwp_constants.h
target Generated: libart <= art/runtime/lock_word.h
target Generated: libart <= art/runtime/oat.h
target Generated: libart <= art/runtime/object_callbacks.h
target Generated: libart <= art/runtime/process_state.h
/build/source/art/tools/generate_operator_out.py:40: DeprecationWarning: codecs.open() is deprecated. Use open() instead.
  lines = codecs.open(filename, 'r', 'utf8', 'replace').read().split('\n')
/build/source/art/tools/generate_operator_out.py:40: DeprecationWarning: codecs.open() is deprecated. Use open() instead.
  lines = codecs.open(filename, 'r', 'utf8', 'replace').read().split('\n')
/build/source/art/tools/generate_operator_out.py:40: DeprecationWarning: codecs.open() is deprecated. Use open() instead.
  lines = codecs.open(filename, 'r', 'utf8', 'replace').read().split('\n')
target Generated: libart <= art/runtime/stack.h
target Generated: libart <= art/runtime/suspend_reason.h
/build/source/art/tools/generate_operator_out.py:40: DeprecationWarning: codecs.open() is deprecated. Use open() instead.
  lines = codecs.open(filename, 'r', 'utf8', 'replace').read().split('\n')
/build/source/art/tools/generate_operator_out.py:40: DeprecationWarning: codecs.open() is deprecated. Use open() instead.
  lines = codecs.open(filename, 'r', 'utf8', 'replace').read().split('\n')
/build/source/art/tools/generate_operator_out.py:40: DeprecationWarning: codecs.open() is deprecated. Use open() instead.
  lines = codecs.open(filename, 'r', 'utf8', 'replace').read().split('\n')
/build/source/art/tools/generate_operator_out.py:40: DeprecationWarning: codecs.open() is deprecated. Use open() instead.
  lines = codecs.open(filename, 'r', 'utf8', 'replace').read().split('\n')
/build/source/art/tools/generate_operator_out.py:40: DeprecationWarning: codecs.open() is deprecated. Use open() instead.
  lines = codecs.open(filename, 'r', 'utf8', 'replace').read().split('\n')
/build/source/art/tools/generate_operator_out.py:40: DeprecationWarning: codecs.open() is deprecated. Use open() instead.
  lines = codecs.open(filename, 'r', 'utf8', 'replace').read().split('\n')
target Generated: libart <= art/runtime/thread.h
/build/source/art/tools/generate_operator_out.py:40: DeprecationWarning: codecs.open() is deprecated. Use open() instead.
  lines = codecs.open(filename, 'r', 'utf8', 'replace').read().split('\n')
target Generated: libart <= art/runtime/thread_state.h
/build/source/art/tools/generate_operator_out.py:40: DeprecationWarning: codecs.open() is deprecated. Use open() instead.
  lines = codecs.open(filename, 'r', 'utf8', 'replace').read().split('\n')
target Generated: libart <= art/runtime/ti/agent.h
target Generated: libart <= art/runtime/trace.h
/build/source/art/tools/generate_operator_out.py:40: DeprecationWarning: codecs.open() is deprecated. Use open() instead.
  lines = codecs.open(filename, 'r', 'utf8', 'replace').read().split('\n')
target Generated: libart <= art/runtime/verifier/verifier_enums.h
/build/source/art/tools/generate_operator_out.py:40: DeprecationWarning: codecs.open() is deprecated. Use open() instead.
  lines = codecs.open(filename, 'r', 'utf8', 'replace').read().split('\n')
/build/source/art/tools/generate_operator_out.py:40: DeprecationWarning: codecs.open() is deprecated. Use open() instead.
  lines = codecs.open(filename, 'r', 'utf8', 'replace').read().split('\n')
Export includes file: system/core/libnativebridge/Android.mk -- out/host/linux-x86/obj/SHARED_LIBRARIES/libnativebridge_intermediates/export_includes
Export includes file: system/core/libbacktrace/Android.mk -- out/host/linux-x86/obj/SHARED_LIBRARIES/libbacktrace_intermediates/export_includes
/build/source/art/tools/generate_operator_out.py:40: DeprecationWarning: codecs.open() is deprecated. Use open() instead.
  lines = codecs.open(filename, 'r', 'utf8', 'replace').read().split('\n')
/build/source/art/tools/generate_operator_out.py:40: DeprecationWarning: codecs.open() is deprecated. Use open() instead.
  lines = codecs.open(filename, 'r', 'utf8', 'replace').read().split('\n')
Import includes file: out/host/linux-x86/obj/SHARED_LIBRARIES/libnativebridge_intermediates/import_includes
/build/source/art/tools/generate_operator_out.py:40: DeprecationWarning: codecs.open() is deprecated. Use open() instead.
  lines = codecs.open(filename, 'r', 'utf8', 'replace').read().split('\n')
[01m[Kcc1plus:[m[K [01;35m[Kwarning: [m[Kcommand-line option '[01m[K]8;;https://gcc.gnu.org/onlinedocs/gcc-15.3.0/gcc/Warning-Options.html#index-Wimplicit-function-declaration-Wno-implicit-function-declaration]8;;[m[K' is valid for C/ObjC but not for C++
[01m[Kcc1plus:[m[K [01;35m[Kwarning: [m[Kcommand-line option '[01m[K]8;;https://gcc.gnu.org/onlinedocs/gcc-15.3.0/gcc/Warning-Options.html#index-Wimplicit-function-declaration-Wno-implicit-function-declaration]8;;[m[K' is valid for C/ObjC but not for C++
Export includes file: external/libunwind/Android.mk -- out/host/linux-x86/obj/SHARED_LIBRARIES/libunwind_intermediates/export_includes
/build/source/art/tools/generate_operator_out.py:40: DeprecationWarning: codecs.open() is deprecated. Use open() instead.
  lines = codecs.open(filename, 'r', 'utf8', 'replace').read().split('\n')
Export includes file: system/core/libcutils/Android.mk -- out/host/linux-x86/obj/SHARED_LIBRARIES/libcutils_intermediates/export_includes
Import includes file: out/host/linux-x86/obj/SHARED_LIBRARIES/libunwind_intermediates/import_includes
/build/source/art/tools/generate_operator_out.py:40: DeprecationWarning: codecs.open() is deprecated. Use open() instead.
  lines = codecs.open(filename, 'r', 'utf8', 'replace').read().split('\n')
/build/source/art/tools/generate_operator_out.py:40: DeprecationWarning: codecs.open() is deprecated. Use open() instead.
  lines = codecs.open(filename, 'r', 'utf8', 'replace').read().split('\n')
Import includes file: out/host/linux-x86/obj/SHARED_LIBRARIES/libcutils_intermediates/import_includes
/build/source/art/tools/generate_operator_out.py:40: DeprecationWarning: codecs.open() is deprecated. Use open() instead.
  lines = codecs.open(filename, 'r', 'utf8', 'replace').read().split('\n')
Import includes file: out/host/linux-x86/obj/SHARED_LIBRARIES/libsigchain_intermediates/import_includes
Import includes file: out/host/linux-x86/obj/STATIC_LIBRARIES/libelffile_intermediates/import_includes
/build/source/art/tools/generate_operator_out.py:40: DeprecationWarning: codecs.open() is deprecated. Use open() instead.
  lines = codecs.open(filename, 'r', 'utf8', 'replace').read().split('\n')
/build/source/art/tools/generate_operator_out.py:40: DeprecationWarning: codecs.open() is deprecated. Use open() instead.
  lines = codecs.open(filename, 'r', 'utf8', 'replace').read().split('\n')
Import includes file: out/host/linux-x86/obj/SHARED_LIBRARIES/libart-dexlayout_intermediates/import_includes
target Generated: libart-dex2oat <= art/tools/cpp-define-generator/asm_defines.cc
target Generated: libart-dex2oat <= art/dex2oat/dex/dex_to_dex_compiler.h
target Generated: libart-dex2oat <= art/dex2oat/driver/compiler_driver.h
target Generated: libart-dex2oat <= art/dex2oat/linker/image_writer.h
Import includes file: out/host/linux-x86/obj/STATIC_LIBRARIES/libart-dex2oat_intermediates/import_includes
/build/source/art/tools/generate_operator_out.py:40: DeprecationWarning: codecs.open() is deprecated. Use open() instead.
  lines = codecs.open(filename, 'r', 'utf8', 'replace').read().split('\n')
Export includes file: art/dex2oat/Android.mk -- out/host/linux-x86/obj/EXECUTABLES/dex2oat_intermediates/export_includes
Notice file: libbase/NOTICE -- out/host/linux-x86/obj/NOTICE_FILES/src//lib64/libbase.so.txt
Notice file: system/core/libutils/NOTICE -- out/host/linux-x86/obj/NOTICE_FILES/src//lib64/libutils.so.txt
Notice file: system/core/libcutils/NOTICE -- out/host/linux-x86/obj/NOTICE_FILES/src//lib64/libcutils.so.txt
/build/source/art/tools/generate_operator_out.py:40: DeprecationWarning: codecs.open() is deprecated. Use open() instead.
  lines = codecs.open(filename, 'r', 'utf8', 'replace').read().split('\n')
/build/source/art/tools/generate_operator_out.py:40: DeprecationWarning: codecs.open() is deprecated. Use open() instead.
  lines = codecs.open(filename, 'r', 'utf8', 'replace').read().split('\n')
Notice file: external/libunwind/NOTICE -- out/host/linux-x86/obj/NOTICE_FILES/src//lib64/libunwind.so.txt
Import includes file: out/host/linux-x86/obj/SHARED_LIBRARIES/libjavacore_intermediates/import_includes
Export includes file: libcore/Android.mk -- out/host/linux-x86/obj/SHARED_LIBRARIES/libjavacore_intermediates/export_includes
Notice file: libcore/NOTICE -- out/host/linux-x86/obj/NOTICE_FILES/src//lib64/libjavacore.so.txt
Export includes file: art/openjdkjvm/Android.mk -- out/host/linux-x86/obj/SHARED_LIBRARIES/libopenjdkjvm_intermediates/export_includes
Export includes file: external/fdlibm/Android.mk -- out/host/linux-x86/obj/STATIC_LIBRARIES/libfdlibm_intermediates/export_includes
Import includes file: out/host/linux-x86/obj/SHARED_LIBRARIES/libopenjdkjvm_intermediates/import_includes
Import includes file: out/host/linux-x86/obj/STATIC_LIBRARIES/libfdlibm_intermediates/import_includes
[01m[Kcc1plus:[m[K [01;35m[Kwarning: [m[Kcommand-line option '[01m[K]8;;https://gcc.gnu.org/onlinedocs/gcc-15.3.0/gcc/Warning-Options.html#index-Wimplicit-function-declaration-Wno-implicit-function-declaration]8;;[m[K' is valid for C/ObjC but not for C++
Export includes file: libcore/Android.mk -- out/host/linux-x86/obj/SHARED_LIBRARIES/libopenjdk_intermediates/export_includes
Notice file: libcore/NOTICE -- out/host/linux-x86/obj/NOTICE_FILES/src//lib64/libopenjdk.so.txt
Notice file: external/fdlibm/NOTICE -- out/host/linux-x86/obj/NOTICE_FILES/src//lib64/libfdlibm.a.txt
Notice file: art/openjdkjvm/NOTICE -- out/host/linux-x86/obj/NOTICE_FILES/src//lib64/libopenjdkjvm.so.txt
Import includes file: out/host/linux-x86/obj/STATIC_LIBRARIES/libopenjdkjvm_intermediates/import_includes
Export includes file: art/openjdkjvm/Android.mk -- out/host/linux-x86/obj/STATIC_LIBRARIES/libopenjdkjvm_intermediates/export_includes
/build/source/art/tools/generate_operator_out.py:40: DeprecationWarning: codecs.open() is deprecated. Use open() instead.
  lines = codecs.open(filename, 'r', 'utf8', 'replace').read().split('\n')
/build/source/art/tools/generate_operator_out.py:40: DeprecationWarning: codecs.open() is deprecated. Use open() instead.
  lines = codecs.open(filename, 'r', 'utf8', 'replace').read().split('\n')
/build/source/art/tools/generate_operator_out.py:40: DeprecationWarning: codecs.open() is deprecated. Use open() instead.
  lines = codecs.open(filename, 'r', 'utf8', 'replace').read().split('\n')
host Java: core-all-hostdex (out/host/common/obj/JAVA_LIBRARIES/core-all-hostdex_intermediates/classes)
host Java: dx (out/host/common/obj/JAVA_LIBRARIES/dx_intermediates/classes)
Notice file: dalvik/dx/NOTICE -- out/host/linux-x86/obj/NOTICE_FILES/src//bin/dx.txt
Notice file: libcore/NOTICE -- out/host/linux-x86/obj/NOTICE_FILES/src//framework/core-libart-hostdex.jar.txt
Notice file: libcore/NOTICE -- out/host/linux-x86/obj/NOTICE_FILES/src//framework/core-oj-hostdex.jar.txt
Notice file: external/apache-http/NOTICE -- out/host/linux-x86/obj/NOTICE_FILES/src//framework/apachehttp-hostdex.jar.txt
Notice file: external/apache-xml/NOTICE -- out/host/linux-x86/obj/NOTICE_FILES/src//framework/apache-xml-hostdex.jar.txt
Notice file: external/hamcrest/NOTICE -- out/host/linux-x86/obj/NOTICE_FILES/src//framework/hamcrest-hostdex.jar.txt
Notice file: external/junit/NOTICE -- out/host/linux-x86/obj/NOTICE_FILES/src//framework/core-junit-hostdex.jar.txt
Notice file: external/junit/NOTICE -- out/host/linux-x86/obj/NOTICE_FILES/src//framework/junit-runner-hostdex.jar.txt
Notice file: external/bouncycastle/NOTICE -- out/host/linux-x86/obj/NOTICE_FILES/src//framework/bouncycastle-hostdex.jar.txt
Import includes file: out/host/linux-x86/obj/SHARED_LIBRARIES/libwolfssljni_intermediates/import_includes
Export includes file: external/wolfssljni/Android.mk -- out/host/linux-x86/obj/SHARED_LIBRARIES/libwolfssljni_intermediates/export_includes
Export includes file: incfs/Android.mk -- out/host/linux-x86/obj/STATIC_LIBRARIES/libincfs-utils_intermediates/export_includes
Export includes file: libandroidfw/Android.mk -- out/host/linux-x86/obj/STATIC_LIBRARIES/libandroidfw_pathutils_intermediates/export_includes
Import includes file: out/host/linux-x86/obj/STATIC_LIBRARIES/libincfs-utils_intermediates/import_includes
Export includes file: libandroidfw/Android.mk -- out/host/linux-x86/obj/SHARED_LIBRARIES/libandroidfw_intermediates/export_includes
Notice file: libandroidfw/NOTICE -- out/host/linux-x86/obj/NOTICE_FILES/src//lib64/libandroidfw.so.txt
Notice file: libandroidfw/NOTICE -- out/host/linux-x86/obj/NOTICE_FILES/src//lib64/libandroidfw_pathutils.a.txt
sed -e 's|@prefix@|/nix/store/xh3nflbrpidi93p4sfwvfcmz8mym0w9j-art-standalone-patched-0-unstable-2026-08-03|g' \
    -e 's|@libdir@|lib|g' \
    -e 's|@includedir@|include|g' \
    -e 's|@version@|0.0.0|g' \
    art-standalone.pc.in > art-standalone.pc
Import includes file: out/host/linux-x86/obj/EXECUTABLES/dalvikvm_intermediates/import_includes
Import includes file: out/host/linux-x86/obj/SHARED_LIBRARIES/libnativehelper_intermediates/import_includes
host C: liblog <= system/core/liblog/logd_write.c
host C: liblog <= system/core/liblog/logprint.c
host C: liblog <= system/core/liblog/event_tag_map.c
host C: liblog <= system/core/liblog/fake_log_device.c
Import includes file: out/host/linux-x86/obj/EXECUTABLES/acp_intermediates/import_includes
host C++: libsigchain <= art/sigchainlib/sigchain.cc
host C: libhost <= build/libs/host/CopyFile.c
Import includes file: out/host/linux-x86/obj/EXECUTABLES/dex2oat_intermediates/import_includes
Import includes file: out/host/linux-x86/obj/SHARED_LIBRARIES/libprofile_intermediates/import_includes
host C++: libbase <= libbase/abi_compatibility.cpp
host C++: libbase <= libbase/chrono_utils.cpp
[01m[Kcc1plus:[m[K [01;35m[Kwarning: [m[Kcommand-line option '[01m[K]8;;https://gcc.gnu.org/onlinedocs/gcc-15.3.0/gcc/Warning-Options.html#index-Wimplicit-function-declaration-Wno-implicit-function-declaration]8;;[m[K' is valid for C/ObjC but not for C++
host C++: libbase <= libbase/cmsg.cpp
host C++: libbase <= libbase/errors_unix.cpp
host C++: libbase <= libbase/file.cpp
[01m[Kcc1plus:[m[K [01;35m[Kwarning: [m[Kcommand-line option '[01m[K]8;;https://gcc.gnu.org/onlinedocs/gcc-15.3.0/gcc/Warning-Options.html#index-Wimplicit-function-declaration-Wno-implicit-function-declaration]8;;[m[K' is valid for C/ObjC but not for C++
[01m[Kcc1plus:[m[K [01;35m[Kwarning: [m[Kcommand-line option '[01m[K]8;;https://gcc.gnu.org/onlinedocs/gcc-15.3.0/gcc/Warning-Options.html#index-Wimplicit-function-declaration-Wno-implicit-function-declaration]8;;[m[K' is valid for C/ObjC but not for C++
host C++: libbase <= libbase/hex.cpp
[01m[Kcc1plus:[m[K [01;35m[Kwarning: [m[Kcommand-line option '[01m[K]8;;https://gcc.gnu.org/onlinedocs/gcc-15.3.0/gcc/Warning-Options.html#index-Wimplicit-function-declaration-Wno-implicit-function-declaration]8;;[m[K' is valid for C/ObjC but not for C++
host C++: libbase <= libbase/logging.cpp
[01m[Kcc1plus:[m[K [01;35m[Kwarning: [m[Kcommand-line option '[01m[K]8;;https://gcc.gnu.org/onlinedocs/gcc-15.3.0/gcc/Warning-Options.html#index-Wimplicit-function-declaration-Wno-implicit-function-declaration]8;;[m[K' is valid for C/ObjC but not for C++
host C++: libbase <= libbase/mapped_file.cpp
[01m[Kcc1plus:[m[K [01;35m[Kwarning: [m[Kcommand-line option '[01m[K]8;;https://gcc.gnu.org/onlinedocs/gcc-15.3.0/gcc/Warning-Options.html#index-Wimplicit-function-declaration-Wno-implicit-function-declaration]8;;[m[K' is valid for C/ObjC but not for C++
host C++: libbase <= libbase/parsebool.cpp
[01m[Kcc1plus:[m[K [01;35m[Kwarning: [m[Kcommand-line option '[01m[K]8;;https://gcc.gnu.org/onlinedocs/gcc-15.3.0/gcc/Warning-Options.html#index-Wimplicit-function-declaration-Wno-implicit-function-declaration]8;;[m[K' is valid for C/ObjC but not for C++
host C++: libbase <= libbase/parsenetaddress.cpp
host C++: libbase <= libbase/posix_strerror_r.cpp
[01m[Kcc1plus:[m[K [01;35m[Kwarning: [m[Kcommand-line option '[01m[K]8;;https://gcc.gnu.org/onlinedocs/gcc-15.3.0/gcc/Warning-Options.html#index-Wimplicit-function-declaration-Wno-implicit-function-declaration]8;;[m[K' is valid for C/ObjC but not for C++
[01m[Kcc1plus:[m[K [01;35m[Kwarning: [m[Kcommand-line option '[01m[K]8;;https://gcc.gnu.org/onlinedocs/gcc-15.3.0/gcc/Warning-Options.html#index-Wimplicit-function-declaration-Wno-implicit-function-declaration]8;;[m[K' is valid for C/ObjC but not for C++
host C++: libbase <= libbase/process.cpp
[01m[Kcc1plus:[m[K [01;35m[Kwarning: [m[Kcommand-line option '[01m[K]8;;https://gcc.gnu.org/onlinedocs/gcc-15.3.0/gcc/Warning-Options.html#index-Wimplicit-function-declaration-Wno-implicit-function-declaration]8;;[m[K' is valid for C/ObjC but not for C++
host C++: libbase <= libbase/stringprintf.cpp
[01m[Kcc1plus:[m[K [01;35m[Kwarning: [m[Kcommand-line option '[01m[K]8;;https://gcc.gnu.org/onlinedocs/gcc-15.3.0/gcc/Warning-Options.html#index-Wimplicit-function-declaration-Wno-implicit-function-declaration]8;;[m[K' is valid for C/ObjC but not for C++
[01m[Kcc1plus:[m[K [01;35m[Kwarning: [m[Kcommand-line option '[01m[K]8;;https://gcc.gnu.org/onlinedocs/gcc-15.3.0/gcc/Warning-Options.html#index-Wimplicit-function-declaration-Wno-implicit-function-declaration]8;;[m[K' is valid for C/ObjC but not for C++
[01m[Kcc1plus:[m[K [01;35m[Kwarning: [m[Kcommand-line option '[01m[K]8;;https://gcc.gnu.org/onlinedocs/gcc-15.3.0/gcc/Warning-Options.html#index-Wimplicit-function-declaration-Wno-implicit-function-declaration]8;;[m[K' is valid for C/ObjC but not for C++
[01m[Kcc1plus:[m[K [01;35m[Kwarning: [m[Kcommand-line option '[01m[K]8;;https://gcc.gnu.org/onlinedocs/gcc-15.3.0/gcc/Warning-Options.html#index-Wimplicit-function-declaration-Wno-implicit-function-declaration]8;;[m[K' is valid for C/ObjC but not for C++
warning: [options] bootstrap class path not set in conjunction with -source 8
[01m[Ksystem/core/liblog/fake_log_device.c:[m[K In function '[01m[Kfake_writev[m[K':
[01m[Ksystem/core/liblog/fake_log_device.c:324:25:[m[K [01;35m[Kwarning: [m[Kinitialization discards '[01m[Kconst[m[K' qualifier from pointer target type [[01;35m[K]8;;https://gcc.gnu.org/onlinedocs/gcc-15.3.0/gcc/Warning-Options.html#index-Wdiscarded-qualifiers-Wdiscarded-qualifiers]8;;[m[K]
  324 |     struct iovec* end = [01;35m[Kiov[m[K + iovcnt;
      |                         [01;35m[K^~~[m[K
[01m[Ksystem/core/liblog/fake_log_device.c:327:15:[m[K [01;35m[Kwarning: [m[Kcomparison of integer expressions of different signedness: '[01m[Kint[m[K' and '[01m[Ksize_t[m[K' {aka [m[K'[01m[Klong unsigned int[m[K'} [[01;35m[K]8;;https://gcc.gnu.org/onlinedocs/gcc-15.3.0/gcc/Warning-Options.html#index-Wno-sign-compare-Wsign-compare]8;;[m[K]
  327 |         if (w [01;35m[K!=[m[K iov->iov_len) {
      |               [01;35m[K^~[m[K
[01m[Ksystem/core/liblog/fake_log_device.c:[m[K In function '[01m[KshowLog[m[K':
[01m[Ksystem/core/liblog/fake_log_device.c:465:18:[m[K [01;35m[Kwarning: [m[Kformat '[01m[K[01;32m[K%c[m[K[m[K' expects argument of type '[01m[K[01;32m[Kint[m[K[m[K', but argument 4 has type '[01m[K[01;34m[Kchar *[m[K[m[K' [[01;35m[K]8;;https://gcc.gnu.org/onlinedocs/gcc-15.3.0/gcc/Warning-Options.html#index-Wformat-Wformat=]8;;[m[K]
  465 |             "%%s[01;32m[K%[m[K[01;32m[Kc[m[K(%5d:%5d) ", [01;34m[Kf[m[K[01;34m[Ko[m[K[01;34m[Kr[m[K[01;34m[Km[m[K[01;34m[Ka[m[K[01;34m[Kt[m[K[01;34m[K_[m[K[01;34m[Kc[m[K[01;34m[Ko[m[K[01;34m[Kl[m[K[01;34m[Ko[m[K[01;34m[Kr[m[K, priChar, pid, tid);
      |                 [01;32m[K~[m[K[01;32m[K^[m[K             [01;34m[K~[m[K[01;34m[K~[m[K[01;34m[K~[m[K[01;34m[K~[m[K[01;34m[K~[m[K[01;34m[K~[m[K[01;34m[K~[m[K[01;34m[K~[m[K[01;34m[K~[m[K[01;34m[K~[m[K[01;34m[K~[m[K[01;34m[K~[m[K
      |                  [01;32m[K|[m[K             [01;34m[K|[m[K
      |                  [01;32m[Kint[m[K           [01;34m[Kchar *[m[K
      |                 [32m[K%s[m[K
[01m[Ksystem/core/liblog/fake_log_device.c:465:13:[m[K [01;35m[Kwarning: [m[Ktoo many arguments for format [[01;35m[K]8;;https://gcc.gnu.org/onlinedocs/gcc-15.3.0/gcc/Warning-Options.html#index-Wformat-extra-args-Wformat-extra-args]8;;[m[K]
  465 |             [01;35m[K"%%s%c(%5d:%5d) "[m[K, format_color, priChar, pid, tid);
      |             [01;35m[K^~~~~~~~~~~~~~~~~[m[K
host C++: libbase <= libbase/strings.cpp
[01m[Kcc1plus:[m[K [01;35m[Kwarning: [m[Kcommand-line option '[01m[K]8;;https://gcc.gnu.org/onlinedocs/gcc-15.3.0/gcc/Warning-Options.html#index-Wimplicit-function-declaration-Wno-implicit-function-declaration]8;;[m[K' is valid for C/ObjC but not for C++
host C++: libbase <= libbase/test_utils.cpp
[01m[Ksystem/core/liblog/fake_log_device.c:522:30:[m[K [01;35m[Kwarning: [m[Kargument 1 value '[01m[K18446744073709551584[m[K' exceeds maximum object size 9223372036854775807 [[01;35m[K]8;;https://gcc.gnu.org/onlinedocs/gcc-15.3.0/gcc/Warning-Options.html#index-Walloc-size-larger-than_003d-Walloc-size-larger-than=]8;;[m[K]
  522 |         vec = (struct iovec*)[01;35m[Kmalloc(sizeof(struct iovec)*numVecs)[m[K;
      |                              [01;35m[K^~~~~~~~~~~~~~~~~~~~~~~~~~~~~~~~~~~~[m[K
In file included from [01m[Ksystem/core/liblog/fake_log_device.c:24[m[K:
[01m[K/nix/store/29isvm6vfq10c528i31igdiy3fnvjcm3-glibc-2.42-67-dev/include/stdlib.h:672:14:[m[K [01;36m[Knote: [m[Kin a call to allocation function '[01m[K]8;;https://gcc.gnu.org/onlinedocs/gcc-15.3.0/gcc/Common-Function-Attributes.html#index-malloc-function-attributemalloc]8;;[m[K' declared here
  672 | extern void *[01;36m[Kmalloc[m[K (size_t __size) __THROW __attribute_malloc__
      |              [01;36m[K^~~~~~[m[K
[01m[Kcc1plus:[m[K [01;35m[Kwarning: [m[Kcommand-line option '[01m[K]8;;https://gcc.gnu.org/onlinedocs/gcc-15.3.0/gcc/Warning-Options.html#index-Wimplicit-function-declaration-Wno-implicit-function-declaration]8;;[m[K' is valid for C/ObjC but not for C++
Import includes file: out/host/linux-x86/obj/SHARED_LIBRARIES/libziparchive_intermediates/import_includes
host C++: libbase <= libbase/threads.cpp
Import includes file: out/host/linux-x86/obj/SHARED_LIBRARIES/libartbase_intermediates/import_includes
[01m[Kcc1plus:[m[K [01;35m[Kwarning: [m[Kcommand-line option '[01m[K]8;;https://gcc.gnu.org/onlinedocs/gcc-15.3.0/gcc/Warning-Options.html#index-Wimplicit-function-declaration-Wno-implicit-function-declaration]8;;[m[K' is valid for C/ObjC but not for C++
Import includes file: out/host/linux-x86/obj/SHARED_LIBRARIES/libutils_intermediates/import_includes
host C++: libutils_binder <= system/core/libutils/binder/Errors.cpp
host C++: libutils_binder <= system/core/libutils/binder/RefBase.cpp
[01m[Kcc1plus:[m[K [01;35m[Kwarning: [m[Kcommand-line option '[01m[K]8;;https://gcc.gnu.org/onlinedocs/gcc-15.3.0/gcc/Warning-Options.html#index-Wimplicit-function-declaration-Wno-implicit-function-declaration]8;;[m[K' is valid for C/ObjC but not for C++
[01m[Kcc1plus:[m[K [01;35m[Kwarning: [m[Kcommand-line option '[01m[K]8;;https://gcc.gnu.org/onlinedocs/gcc-15.3.0/gcc/Warning-Options.html#index-Wimplicit-function-declaration-Wno-implicit-function-declaration]8;;[m[K' is valid for C/ObjC but not for C++
host C++: libutils_binder <= system/core/libutils/binder/SharedBuffer.cpp
host C++: libutils_binder <= system/core/libutils/binder/String16.cpp
[01m[Kcc1plus:[m[K [01;35m[Kwarning: [m[Kcommand-line option '[01m[K]8;;https://gcc.gnu.org/onlinedocs/gcc-15.3.0/gcc/Warning-Options.html#index-Wimplicit-function-declaration-Wno-implicit-function-declaration]8;;[m[K' is valid for C/ObjC but not for C++
[01m[Kcc1plus:[m[K [01;35m[Kwarning: [m[Kcommand-line option '[01m[K]8;;https://gcc.gnu.org/onlinedocs/gcc-15.3.0/gcc/Warning-Options.html#index-Wimplicit-function-declaration-Wno-implicit-function-declaration]8;;[m[K' is valid for C/ObjC but not for C++
In file included from [01m[Kart/runtime/jit/jit.h:20[m[K,
                 from [01m[Kart/tools/cpp-define-generator/globals.def:26[m[K,
                 from [01m[Kart/tools/cpp-define-generator/asm_defines.def:21[m[K,
                 from [01m[Kart/tools/cpp-define-generator/asm_defines.cc:36[m[K:
[01m[Kart/libartbase/base/histogram-inl.h:234:[m[K [01;35m[Kwarning: [m[Kignoring '[01m[K#pragma clang diagnostic[m[K' [[01;35m[K]8;;https://gcc.gnu.org/onlinedocs/gcc-15.3.0/gcc/Warning-Options.html#index-Wno-unknown-pragmas-Wunknown-pragmas]8;;[m[K]
  234 | #pragma clang diagnostic push
[01m[Kart/libartbase/base/histogram-inl.h:235:[m[K [01;35m[Kwarning: [m[Kignoring '[01m[K#pragma clang diagnostic[m[K' [[01;35m[K]8;;https://gcc.gnu.org/onlinedocs/gcc-15.3.0/gcc/Warning-Options.html#index-Wno-unknown-pragmas-Wunknown-pragmas]8;;[m[K]
  235 | #pragma clang diagnostic ignored "-Wfloat-equal"
In file included from [01m[Kart/runtime/jit/jit.h:20[m[K,
                 from [01m[Kart/tools/cpp-define-generator/globals.def:26[m[K,
                 from [01m[Kart/tools/cpp-define-generator/asm_defines.def:21[m[K,
                 from [01m[Kart/tools/cpp-define-generator/asm_defines.cc:36[m[K:
[01m[Kart/libartbase/base/histogram-inl.h:234:[m[K [01;35m[Kwarning: [m[Kignoring '[01m[K#pragma clang diagnostic[m[K' [[01;35m[K]8;;https://gcc.gnu.org/onlinedocs/gcc-15.3.0/gcc/Warning-Options.html#index-Wno-unknown-pragmas-Wunknown-pragmas]8;;[m[K]
  234 | #pragma clang diagnostic push
[01m[Kart/libartbase/base/histogram-inl.h:235:[m[K [01;35m[Kwarning: [m[Kignoring '[01m[K#pragma clang diagnostic[m[K' [[01;35m[K]8;;https://gcc.gnu.org/onlinedocs/gcc-15.3.0/gcc/Warning-Options.html#index-Wno-unknown-pragmas-Wunknown-pragmas]8;;[m[K]
  235 | #pragma clang diagnostic ignored "-Wfloat-equal"
[01m[Kart/libartbase/base/histogram-inl.h:277:[m[K [01;35m[Kwarning: [m[Kignoring '[01m[K#pragma clang diagnostic[m[K' [[01;35m[K]8;;https://gcc.gnu.org/onlinedocs/gcc-15.3.0/gcc/Warning-Options.html#index-Wno-unknown-pragmas-Wunknown-pragmas]8;;[m[K]
  277 | #pragma clang diagnostic pop
[01m[Kart/libartbase/base/histogram-inl.h:277:[m[K [01;35m[Kwarning: [m[Kignoring '[01m[K#pragma clang diagnostic[m[K' [[01;35m[K]8;;https://gcc.gnu.org/onlinedocs/gcc-15.3.0/gcc/Warning-Options.html#index-Wno-unknown-pragmas-Wunknown-pragmas]8;;[m[K]
  277 | #pragma clang diagnostic pop
In file included from [01m[Kart/runtime/jit/jit.h:20[m[K,
                 from [01m[Kart/tools/cpp-define-generator/globals.def:26[m[K,
                 from [01m[Kart/tools/cpp-define-generator/asm_defines.def:21[m[K,
                 from [01m[Kart/tools/cpp-define-generator/asm_defines.cc:36[m[K:
[01m[Kart/libartbase/base/histogram-inl.h:234:[m[K [01;35m[Kwarning: [m[Kignoring '[01m[K#pragma clang diagnostic[m[K' [[01;35m[K]8;;https://gcc.gnu.org/onlinedocs/gcc-15.3.0/gcc/Warning-Options.html#index-Wno-unknown-pragmas-Wunknown-pragmas]8;;[m[K]
  234 | #pragma clang diagnostic push
[01m[Kart/libartbase/base/histogram-inl.h:235:[m[K [01;35m[Kwarning: [m[Kignoring '[01m[K#pragma clang diagnostic[m[K' [[01;35m[K]8;;https://gcc.gnu.org/onlinedocs/gcc-15.3.0/gcc/Warning-Options.html#index-Wno-unknown-pragmas-Wunknown-pragmas]8;;[m[K]
  235 | #pragma clang diagnostic ignored "-Wfloat-equal"
[01m[Kart/libartbase/base/histogram-inl.h:277:[m[K [01;35m[Kwarning: [m[Kignoring '[01m[K#pragma clang diagnostic[m[K' [[01;35m[K]8;;https://gcc.gnu.org/onlinedocs/gcc-15.3.0/gcc/Warning-Options.html#index-Wno-unknown-pragmas-Wunknown-pragmas]8;;[m[K]
  277 | #pragma clang diagnostic pop
host C++: libutils_binder <= system/core/libutils/binder/String8.cpp
[01m[Kcc1plus:[m[K [01;35m[Kwarning: [m[Kcommand-line option '[01m[K]8;;https://gcc.gnu.org/onlinedocs/gcc-15.3.0/gcc/Warning-Options.html#index-Wimplicit-function-declaration-Wno-implicit-function-declaration]8;;[m[K' is valid for C/ObjC but not for C++
art/sigchainlib/sigchain.cc: In instantiation of '[01m[Kvoid art::[01;32m[Klookup_next_symbol[m[K(T*, T, const char*) [35m[K[with T = int (*)(int, const sigaction*, sigaction*) noexcept][m[K[m[K':
[01m[Kart/sigchainlib/sigchain.cc:117:23:[m[K   required from here
  117 |     [01;36m[Klookup_next_symbol(&linked_sigaction, sigaction, "sigaction")[m[K;
      |     [01;36m[K~~~~~~~~~~~~~~~~~~^~~~~~~~~~~~~~~~~~~~~~~~~~~~~~~~~~~~~~~~~~~[m[K
[01m[Kart/sigchainlib/sigchain.cc:103:45:[m[K [01;35m[Kwarning: [m[Kunused parameter '[01m[Kwrapper[m[K' [[01;35m[K]8;;https://gcc.gnu.org/onlinedocs/gcc-15.3.0/gcc/Warning-Options.html#index-Wno-unused-parameter-Wunused-parameter]8;;[m[K]
  103 | static void lookup_next_symbol(T* output, [01;35m[KT wrapper[m[K, const char* name) {
      |                                           [01;35m[K~~^~~~~~~[m[K
art/sigchainlib/sigchain.cc: In instantiation of '[01m[Kvoid art::[01;32m[Klookup_next_symbol[m[K(T*, T, const char*) [35m[K[with T = int (*)(int, const __sigset_t*, __sigset_t*) noexcept][m[K[m[K':
[01m[Kart/sigchainlib/sigchain.cc:118:23:[m[K   required from here
  118 |     [01;36m[Klookup_next_symbol(&linked_sigprocmask, sigprocmask, "sigprocmask")[m[K;
      |     [01;36m[K~~~~~~~~~~~~~~~~~~^~~~~~~~~~~~~~~~~~~~~~~~~~~~~~~~~~~~~~~~~~~~~~~~~[m[K
[01m[Kart/sigchainlib/sigchain.cc:103:45:[m[K [01;35m[Kwarning: [m[Kunused parameter '[01m[Kwrapper[m[K' [[01;35m[K]8;;https://gcc.gnu.org/onlinedocs/gcc-15.3.0/gcc/Warning-Options.html#index-Wno-unused-parameter-Wunused-parameter]8;;[m[K]
  103 | static void lookup_next_symbol(T* output, [01;35m[KT wrapper[m[K, const char* name) {
      |                                           [01;35m[K~~^~~~~~~[m[K
[01m[Klibbase/abi_compatibility.cpp:82:[m[K [01;35m[Kwarning: [m[Kignoring '[01m[K#pragma clang diagnostic[m[K' [[01;35m[K]8;;https://gcc.gnu.org/onlinedocs/gcc-15.3.0/gcc/Warning-Options.html#index-Wno-unknown-pragmas-Wunknown-pragmas]8;;[m[K]
   82 | #pragma clang diagnostic ignored "-Wreturn-type-c-linkage"
host C++: libutils_binder <= system/core/libutils/binder/StrongPointer.cpp
[01m[Kcc1plus:[m[K [01;35m[Kwarning: [m[Kcommand-line option '[01m[K]8;;https://gcc.gnu.org/onlinedocs/gcc-15.3.0/gcc/Warning-Options.html#index-Wimplicit-function-declaration-Wno-implicit-function-declaration]8;;[m[K' is valid for C/ObjC but not for C++
host C++: libutils_binder <= system/core/libutils/binder/Unicode.cpp
host C++: libutils_binder <= system/core/libutils/binder/VectorImpl.cpp
[01m[Kcc1plus:[m[K [01;35m[Kwarning: [m[Kcommand-line option '[01m[K]8;;https://gcc.gnu.org/onlinedocs/gcc-15.3.0/gcc/Warning-Options.html#index-Wimplicit-function-declaration-Wno-implicit-function-declaration]8;;[m[K' is valid for C/ObjC but not for C++
[01m[Kcc1plus:[m[K [01;35m[Kwarning: [m[Kcommand-line option '[01m[K]8;;https://gcc.gnu.org/onlinedocs/gcc-15.3.0/gcc/Warning-Options.html#index-Wimplicit-function-declaration-Wno-implicit-function-declaration]8;;[m[K' is valid for C/ObjC but not for C++
In file included from [01m[Klibbase/include/android-base/cmsg.h:27[m[K,
                 from [01m[Klibbase/cmsg.cpp:17[m[K:
[01m[Klibbase/include/android-base/unique_fd.h:78:57:[m[K [01;35m[Kwarning: [m[K'[01m[Kclang::reinitializes[m[K' scoped attribute directive ignored [[01;35m[K]8;;https://gcc.gnu.org/onlinedocs/gcc-15.3.0/gcc/Warning-Options.html#index-Wattributes-Wattributes]8;;[m[K]
   78 |   [[clang::reinitializes]] void reset(int new_value = -1[01;35m[K)[m[K { reset(new_value, nullptr); }
      |                                                         [01;35m[K^[m[K
host C++: libartpalette <= art/libartpalette/system/palette_fake.cc
[01m[Kcc1plus:[m[K [01;35m[Kwarning: [m[Kcommand-line option '[01m[K]8;;https://gcc.gnu.org/onlinedocs/gcc-15.3.0/gcc/Warning-Options.html#index-Wimplicit-function-declaration-Wno-implicit-function-declaration]8;;[m[K' is valid for C/ObjC but not for C++
Import includes file: out/host/linux-x86/obj/SHARED_LIBRARIES/libart-compiler_intermediates/import_includes
Import includes file: out/host/linux-x86/obj/SHARED_LIBRARIES/libart_intermediates/import_includes
In file included from [01m[Klibbase/include/android-base/mapped_file.h:25[m[K,
                 from [01m[Klibbase/mapped_file.cpp:17[m[K:
[01m[Klibbase/include/android-base/unique_fd.h:78:57:[m[K [01;35m[Kwarning: [m[K'[01m[Kclang::reinitializes[m[K' scoped attribute directive ignored [[01;35m[K]8;;https://gcc.gnu.org/onlinedocs/gcc-15.3.0/gcc/Warning-Options.html#index-Wattributes-Wattributes]8;;[m[K]
   78 |   [[clang::reinitializes]] void reset(int new_value = -1[01;35m[K)[m[K { reset(new_value, nullptr); }
      |                                                         [01;35m[K^[m[K
host C++: libnativebridge <= system/core/libnativebridge/native_bridge.cc
[01m[Kcc1plus:[m[K [01;35m[Kwarning: [m[Kcommand-line option '[01m[K]8;;https://gcc.gnu.org/onlinedocs/gcc-15.3.0/gcc/Warning-Options.html#index-Wimplicit-function-declaration-Wno-implicit-function-declaration]8;;[m[K' is valid for C/ObjC but not for C++
In file included from [01m[Kart/libartbase/base/macros.h:24[m[K,
                 from [01m[Kart/libartbase/base/atomic.h:27[m[K,
                 from [01m[Kart/runtime/base/locks.h:25[m[K,
                 from [01m[Kart/runtime/gc/accounting/card_table.h:22[m[K,
                 from [01m[Kart/tools/cpp-define-generator/globals.def:23[m[K:
[01m[Klibbase/include/android-base/thread_annotations.h:[m[K In constructor '[01m[Kandroid::base::ScopedLockAssertion::[01;32m[KScopedLockAssertion[m[K(std::mutex&)[m[K':
[01m[Klibbase/include/android-base/thread_annotations.h:143:35:[m[K [01;35m[Kwarning: [m[Kunused parameter '[01m[Kmutex[m[K' [[01;35m[K]8;;https://gcc.gnu.org/onlinedocs/gcc-15.3.0/gcc/Warning-Options.html#index-Wno-unused-parameter-Wunused-parameter]8;;[m[K]
  143 |   ScopedLockAssertion([01;35m[Kstd::mutex& mutex[m[K) ACQUIRE(mutex) {}
      |                       [01;35m[K~~~~~~~~~~~~^~~~~[m[K
[01m[Kart/libartbase/base/atomic.h:[m[K At global scope:
[01m[Kart/libartbase/base/atomic.h:39:12:[m[K [01;35m[Kwarning: [m[Ktemplate-id not allowed for constructor in C++20 [[01;35m[K]8;;https://gcc.gnu.org/onlinedocs/gcc-15.3.0/gcc/C_002b_002b-Dialect-Options.html#index-Wno-template-id-cdtor-Wtemplate-id-cdtor]8;;[m[K]
   39 |   Atomic<T>[01;35m[K([m[K) : std::atomic<T>(T()) { }
      |            [01;35m[K^[m[K
[01m[Kart/libartbase/base/atomic.h:39:12:[m[K [01;36m[Knote: [m[Kremove the '[01m[K< >[m[K'
[01m[Kart/libartbase/base/atomic.h:41:22:[m[K [01;35m[Kwarning: [m[Ktemplate-id not allowed for constructor in C++20 [[01;35m[K]8;;https://gcc.gnu.org/onlinedocs/gcc-15.3.0/gcc/C_002b_002b-Dialect-Options.html#index-Wno-template-id-cdtor-Wtemplate-id-cdtor]8;;[m[K]
   41 |   explicit Atomic<T>([01;35m[KT[m[K value) : std::atomic<T>(value) { }
      |                      [01;35m[K^[m[K
[01m[Kart/libartbase/base/atomic.h:41:22:[m[K [01;36m[Knote: [m[Kremove the '[01m[K< >[m[K'
In file included from [01m[Klibbase/include/android-base/cmsg.h:27[m[K,
                 from [01m[Klibbase/abi_compatibility.cpp:19[m[K:
[01m[Klibbase/include/android-base/unique_fd.h:78:57:[m[K [01;35m[Kwarning: [m[K'[01m[Kclang::reinitializes[m[K' scoped attribute directive ignored [[01;35m[K]8;;https://gcc.gnu.org/onlinedocs/gcc-15.3.0/gcc/Warning-Options.html#index-Wattributes-Wattributes]8;;[m[K]
   78 |   [[clang::reinitializes]] void reset(int new_value = -1[01;35m[K)[m[K { reset(new_value, nullptr); }
      |                                                         [01;35m[K^[m[K
In file included from [01m[Klibbase/include/android-base/file.h:26[m[K,
                 from [01m[Klibbase/file.cpp:17[m[K:
[01m[Klibbase/include/android-base/unique_fd.h:78:57:[m[K [01;35m[Kwarning: [m[K'[01m[Kclang::reinitializes[m[K' scoped attribute directive ignored [[01;35m[K]8;;https://gcc.gnu.org/onlinedocs/gcc-15.3.0/gcc/Warning-Options.html#index-Wattributes-Wattributes]8;;[m[K]
   78 |   [[clang::reinitializes]] void reset(int new_value = -1[01;35m[K)[m[K { reset(new_value, nullptr); }
      |                                                         [01;35m[K^[m[K
In file included from [01m[Klibbase/process.cpp:17[m[K:
[01m[Klibbase/include/android-base/process.h:51:45:[m[K [01;35m[Kwarning: [m[Kignoring attributes on template argument '[01m[Kint (*)(DIR*)[m[K' [[01;35m[K]8;;https://gcc.gnu.org/onlinedocs/gcc-15.3.0/gcc/Warning-Options.html#index-Wignored-attributes-Wignored-attributes]8;;[m[K]
   51 |     std::unique_ptr<DIR, decltype(&closedir)[01;35m[K>[m[K dir_;
      |                                             [01;35m[K^[m[K
In file included from [01m[Kart/libartbase/base/macros.h:24[m[K,
                 from [01m[Kart/libartbase/base/atomic.h:27[m[K,
                 from [01m[Kart/runtime/base/locks.h:25[m[K,
                 from [01m[Kart/runtime/gc/accounting/card_table.h:22[m[K,
                 from [01m[Kart/tools/cpp-define-generator/globals.def:23[m[K:
[01m[Klibbase/include/android-base/thread_annotations.h:[m[K In constructor '[01m[Kandroid::base::ScopedLockAssertion::[01;32m[KScopedLockAssertion[m[K(std::mutex&)[m[K':
[01m[Klibbase/include/android-base/thread_annotations.h:143:35:[m[K [01;35m[Kwarning: [m[Kunused parameter '[01m[Kmutex[m[K' [[01;35m[K]8;;https://gcc.gnu.org/onlinedocs/gcc-15.3.0/gcc/Warning-Options.html#index-Wno-unused-parameter-Wunused-parameter]8;;[m[K]
  143 |   ScopedLockAssertion([01;35m[Kstd::mutex& mutex[m[K) ACQUIRE(mutex) {}
      |                       [01;35m[K~~~~~~~~~~~~^~~~~[m[K
[01m[Kart/libartbase/base/atomic.h:[m[K At global scope:
[01m[Kart/libartbase/base/atomic.h:39:12:[m[K [01;35m[Kwarning: [m[Ktemplate-id not allowed for constructor in C++20 [[01;35m[K]8;;https://gcc.gnu.org/onlinedocs/gcc-15.3.0/gcc/C_002b_002b-Dialect-Options.html#index-Wno-template-id-cdtor-Wtemplate-id-cdtor]8;;[m[K]
   39 |   Atomic<T>[01;35m[K([m[K) : std::atomic<T>(T()) { }
      |            [01;35m[K^[m[K
[01m[Kart/libartbase/base/atomic.h:39:12:[m[K [01;36m[Knote: [m[Kremove the '[01m[K< >[m[K'
[01m[Kart/libartbase/base/atomic.h:41:22:[m[K [01;35m[Kwarning: [m[Ktemplate-id not allowed for constructor in C++20 [[01;35m[K]8;;https://gcc.gnu.org/onlinedocs/gcc-15.3.0/gcc/C_002b_002b-Dialect-Options.html#index-Wno-template-id-cdtor-Wtemplate-id-cdtor]8;;[m[K]
   41 |   explicit Atomic<T>([01;35m[KT[m[K value) : std::atomic<T>(value) { }
      |                      [01;35m[K^[m[K
[01m[Kart/libartbase/base/atomic.h:41:22:[m[K [01;36m[Knote: [m[Kremove the '[01m[K< >[m[K'
In file included from [01m[Kart/libartbase/base/macros.h:24[m[K,
                 from [01m[Kart/libartbase/base/atomic.h:27[m[K,
                 from [01m[Kart/runtime/base/locks.h:25[m[K,
                 from [01m[Kart/runtime/gc/accounting/card_table.h:22[m[K,
                 from [01m[Kart/tools/cpp-define-generator/globals.def:23[m[K:
[01m[Klibbase/include/android-base/thread_annotations.h:[m[K In constructor '[01m[Kandroid::base::ScopedLockAssertion::[01;32m[KScopedLockAssertion[m[K(std::mutex&)[m[K':
[01m[Klibbase/include/android-base/thread_annotations.h:143:35:[m[K [01;35m[Kwarning: [m[Kunused parameter '[01m[Kmutex[m[K' [[01;35m[K]8;;https://gcc.gnu.org/onlinedocs/gcc-15.3.0/gcc/Warning-Options.html#index-Wno-unused-parameter-Wunused-parameter]8;;[m[K]
  143 |   ScopedLockAssertion([01;35m[Kstd::mutex& mutex[m[K) ACQUIRE(mutex) {}
      |                       [01;35m[K~~~~~~~~~~~~^~~~~[m[K
[01m[Kart/libartbase/base/atomic.h:[m[K At global scope:
[01m[Kart/libartbase/base/atomic.h:39:12:[m[K [01;35m[Kwarning: [m[Ktemplate-id not allowed for constructor in C++20 [[01;35m[K]8;;https://gcc.gnu.org/onlinedocs/gcc-15.3.0/gcc/C_002b_002b-Dialect-Options.html#index-Wno-template-id-cdtor-Wtemplate-id-cdtor]8;;[m[K]
   39 |   Atomic<T>[01;35m[K([m[K) : std::atomic<T>(T()) { }
      |            [01;35m[K^[m[K
[01m[Kart/libartbase/base/atomic.h:39:12:[m[K [01;36m[Knote: [m[Kremove the '[01m[K< >[m[K'
[01m[Kart/libartbase/base/atomic.h:41:22:[m[K [01;35m[Kwarning: [m[Ktemplate-id not allowed for constructor in C++20 [[01;35m[K]8;;https://gcc.gnu.org/onlinedocs/gcc-15.3.0/gcc/C_002b_002b-Dialect-Options.html#index-Wno-template-id-cdtor-Wtemplate-id-cdtor]8;;[m[K]
   41 |   explicit Atomic<T>([01;35m[KT[m[K value) : std::atomic<T>(value) { }
      |                      [01;35m[K^[m[K
[01m[Kart/libartbase/base/atomic.h:41:22:[m[K [01;36m[Knote: [m[Kremove the '[01m[K< >[m[K'
Import includes file: out/host/linux-x86/obj/SHARED_LIBRARIES/libbacktrace_intermediates/import_includes
In file included from [01m[Kart/runtime/stack_reference.h:21[m[K,
                 from [01m[Kart/runtime/handle_scope.h:27[m[K,
                 from [01m[Kart/runtime/thread.h:36[m[K,
                 from [01m[Kart/runtime/thread-current-inl.h:20[m[K,
                 from [01m[Kart/runtime/gc/space/large_object_space.h:25[m[K,
                 from [01m[Kart/runtime/gc/heap.h:39[m[K,
                 from [01m[Kart/tools/cpp-define-generator/globals.def:24[m[K:
[01m[Kart/runtime/mirror/object_reference.h:167:34:[m[K [01;35m[Kwarning: [m[Ktemplate-id not allowed for constructor in C++20 [[01;35m[K]8;;https://gcc.gnu.org/onlinedocs/gcc-15.3.0/gcc/C_002b_002b-Dialect-Options.html#index-Wno-template-id-cdtor-Wtemplate-id-cdtor]8;;[m[K]
  167 |   CompressedReference<MirrorType>[01;35m[K([m[K) REQUIRES_SHARED(Locks::mutator_lock_)
      |                                  [01;35m[K^[m[K
[01m[Kart/runtime/mirror/object_reference.h:167:34:[m[K [01;36m[Knote: [m[Kremove the '[01m[K< >[m[K'
In file included from [01m[Kart/runtime/thread.h:37[m[K:
[01m[Kart/runtime/interpreter/interpreter_cache.h:90:26:[m[K [01;35m[Kwarning: [m[Kignoring attributes on template argument '[01m[Kart::InterpreterCache::Entry[m[K' {aka '[01m[Kstd::pair<const void*, long unsigned int>[m[K'} [[01;35m[K]8;;https://gcc.gnu.org/onlinedocs/gcc-15.3.0/gcc/Warning-Options.html#index-Wignored-attributes-Wignored-attributes]8;;[m[K]
   90 |   std::array<Entry, kSize[01;35m[K>[m[K data_;
      |                          [01;35m[K^[m[K
In file included from [01m[Kart/runtime/thread.h:39[m[K:
[01m[Kart/runtime/managed_stack.h:167:23:[m[K [01;35m[Kwarning: [m[Kignoring packed attribute because of unpacked non-POD field '[01m[Kart::ManagedStack::TaggedTopQuickFrame art::ManagedStack::tagged_top_quick_frame_[m[K'
  167 |   TaggedTopQuickFrame [01;35m[Ktagged_top_quick_frame_[m[K;
      |                       [01;35m[K^~~~~~~~~~~~~~~~~~~~~~~[m[K
[01m[Kart/runtime/managed_stack.h:[m[K In member function '[01m[Kvoid art::ManagedStack::[01;32m[KPushManagedStackFragment[m[K(art::ManagedStack*)[m[K':
[01m[Kart/runtime/managed_stack.h:55:11:[m[K [01;35m[Kwarning: [m[K'[01m[Kvoid*[01;32m[K memset[m[K(void*, int, size_t)[m[K' clearing an object of non-trivial type '[01m[Kclass art::ManagedStack[m[K'; use assignment or value-initialization instead [[01;35m[K]8;;https://gcc.gnu.org/onlinedocs/gcc-15.3.0/gcc/C_002b_002b-Dialect-Options.html#index-Wclass-memaccess-Wclass-memaccess]8;;[m[K]
   55 |     [01;35m[Kmemset(this, 0, sizeof(ManagedStack))[m[K;
      |     [01;35m[K~~~~~~^~~~~~~~~~~~~~~~~~~~~~~~~~~~~~~[m[K
[01m[Kart/runtime/managed_stack.h:44:17:[m[K [01;36m[Knote: [m[K'[01m[Kclass art::ManagedStack[m[K' declared here
   44 | class PACKED(4) [01;36m[KManagedStack[m[K {
      |                 [01;36m[K^~~~~~~~~~~~[m[K
host asm: libunwind <= external/libunwind/src/x86_64/getcontext.S
[01m[Kart/runtime/thread.h:[m[K At global scope:
[01m[Kart/runtime/thread.h:1574:27:[m[K [01;35m[Kwarning: [m[Kignoring packed attribute because of unpacked non-POD field '[01m[Kstd::atomic<unsigned int> art::Thread::tls_32bit_sized_values::use_mterp[m[K'
 1574 |     std::atomic<bool32_t> [01;35m[Kuse_mterp[m[K;
      |                           [01;35m[K^~~~~~~~~[m[K
[01m[Kart/runtime/thread.h:1617:18:[m[K [01;35m[Kwarning: [m[Kignoring packed attribute because of unpacked non-POD field '[01m[Kart::ManagedStack art::Thread::tls_ptr_sized_values::managed_stack[m[K'
 1617 |     ManagedStack [01;35m[Kmanaged_stack[m[K;
      |                  [01;35m[K^~~~~~~~~~~~~[m[K
[01m[Kart/runtime/thread.h:1657:7:[m[K [01;35m[Kwarning: [m[Kignoring packed attribute because of unpacked non-POD field '[01m[Kart::Thread::tls_ptr_sized_values::DepsOrStackTraceSample art::Thread::tls_ptr_sized_values::deps_or_stack_trace_sample[m[K'
 1657 |     } [01;35m[Kdeps_or_stack_trace_sample[m[K;
      |       [01;35m[K^~~~~~~~~~~~~~~~~~~~~~~~~~[m[K
host asm: libunwind <= external/libunwind/src/x86_64/setcontext.S
host C: libunwind <= external/libunwind/src/mi/init.c
host C: libunwind <= external/libunwind/src/mi/flush_cache.c
host C: libunwind <= external/libunwind/src/mi/mempool.c
In file included from [01m[Kart/runtime/stack_reference.h:21[m[K,
                 from [01m[Kart/runtime/handle_scope.h:27[m[K,
                 from [01m[Kart/runtime/thread.h:36[m[K,
                 from [01m[Kart/runtime/thread-current-inl.h:20[m[K,
                 from [01m[Kart/runtime/gc/space/large_object_space.h:25[m[K,
                 from [01m[Kart/runtime/gc/heap.h:39[m[K,
                 from [01m[Kart/tools/cpp-define-generator/globals.def:24[m[K:
[01m[Kart/runtime/mirror/object_reference.h:167:34:[m[K [01;35m[Kwarning: [m[Ktemplate-id not allowed for constructor in C++20 [[01;35m[K]8;;https://gcc.gnu.org/onlinedocs/gcc-15.3.0/gcc/C_002b_002b-Dialect-Options.html#index-Wno-template-id-cdtor-Wtemplate-id-cdtor]8;;[m[K]
  167 |   CompressedReference<MirrorType>[01;35m[K([m[K) REQUIRES_SHARED(Locks::mutator_lock_)
      |                                  [01;35m[K^[m[K
[01m[Kart/runtime/mirror/object_reference.h:167:34:[m[K [01;36m[Knote: [m[Kremove the '[01m[K< >[m[K'
In file included from [01m[Kart/runtime/stack_reference.h:21[m[K,
                 from [01m[Kart/runtime/handle_scope.h:27[m[K,
                 from [01m[Kart/runtime/thread.h:36[m[K,
                 from [01m[Kart/runtime/thread-current-inl.h:20[m[K,
                 from [01m[Kart/runtime/gc/space/large_object_space.h:25[m[K,
                 from [01m[Kart/runtime/gc/heap.h:39[m[K,
                 from [01m[Kart/tools/cpp-define-generator/globals.def:24[m[K:
[01m[Kart/runtime/mirror/object_reference.h:167:34:[m[K [01;35m[Kwarning: [m[Ktemplate-id not allowed for constructor in C++20 [[01;35m[K]8;;https://gcc.gnu.org/onlinedocs/gcc-15.3.0/gcc/C_002b_002b-Dialect-Options.html#index-Wno-template-id-cdtor-Wtemplate-id-cdtor]8;;[m[K]
  167 |   CompressedReference<MirrorType>[01;35m[K([m[K) REQUIRES_SHARED(Locks::mutator_lock_)
      |                                  [01;35m[K^[m[K
[01m[Kart/runtime/mirror/object_reference.h:167:34:[m[K [01;36m[Knote: [m[Kremove the '[01m[K< >[m[K'
In file included from [01m[Kart/runtime/thread.h:37[m[K:
[01m[Kart/runtime/interpreter/interpreter_cache.h:90:26:[m[K [01;35m[Kwarning: [m[Kignoring attributes on template argument '[01m[Kart::InterpreterCache::Entry[m[K' {aka '[01m[Kstd::pair<const void*, long unsigned int>[m[K'} [[01;35m[K]8;;https://gcc.gnu.org/onlinedocs/gcc-15.3.0/gcc/Warning-Options.html#index-Wignored-attributes-Wignored-attributes]8;;[m[K]
   90 |   std::array<Entry, kSize[01;35m[K>[m[K data_;
      |                          [01;35m[K^[m[K
In file included from [01m[Kart/runtime/thread.h:37[m[K:
[01m[Kart/runtime/interpreter/interpreter_cache.h:90:26:[m[K [01;35m[Kwarning: [m[Kignoring attributes on template argument '[01m[Kart::InterpreterCache::Entry[m[K' {aka '[01m[Kstd::pair<const void*, long unsigned int>[m[K'} [[01;35m[K]8;;https://gcc.gnu.org/onlinedocs/gcc-15.3.0/gcc/Warning-Options.html#index-Wignored-attributes-Wignored-attributes]8;;[m[K]
   90 |   std::array<Entry, kSize[01;35m[K>[m[K data_;
      |                          [01;35m[K^[m[K
host C: libunwind <= external/libunwind/src/mi/strerror.c
In file included from [01m[Kart/runtime/thread.h:39[m[K:
[01m[Kart/runtime/managed_stack.h:167:23:[m[K [01;35m[Kwarning: [m[Kignoring packed attribute because of unpacked non-POD field '[01m[Kart::ManagedStack::TaggedTopQuickFrame art::ManagedStack::tagged_top_quick_frame_[m[K'
  167 |   TaggedTopQuickFrame [01;35m[Ktagged_top_quick_frame_[m[K;
      |                       [01;35m[K^~~~~~~~~~~~~~~~~~~~~~~[m[K
[01m[Kart/runtime/managed_stack.h:[m[K In member function '[01m[Kvoid art::ManagedStack::[01;32m[KPushManagedStackFragment[m[K(art::ManagedStack*)[m[K':
[01m[Kart/runtime/managed_stack.h:55:11:[m[K [01;35m[Kwarning: [m[K'[01m[Kvoid*[01;32m[K memset[m[K(void*, int, size_t)[m[K' clearing an object of non-trivial type '[01m[Kclass art::ManagedStack[m[K'; use assignment or value-initialization instead [[01;35m[K]8;;https://gcc.gnu.org/onlinedocs/gcc-15.3.0/gcc/C_002b_002b-Dialect-Options.html#index-Wclass-memaccess-Wclass-memaccess]8;;[m[K]
   55 |     [01;35m[Kmemset(this, 0, sizeof(ManagedStack))[m[K;
      |     [01;35m[K~~~~~~^~~~~~~~~~~~~~~~~~~~~~~~~~~~~~~[m[K
[01m[Kart/runtime/managed_stack.h:44:17:[m[K [01;36m[Knote: [m[K'[01m[Kclass art::ManagedStack[m[K' declared here
   44 | class PACKED(4) [01;36m[KManagedStack[m[K {
      |                 [01;36m[K^~~~~~~~~~~~[m[K
host C: libunwind <= external/libunwind/src/mi/backtrace.c
[01m[Kart/runtime/thread.h:[m[K At global scope:
[01m[Kart/runtime/thread.h:1574:27:[m[K [01;35m[Kwarning: [m[Kignoring packed attribute because of unpacked non-POD field '[01m[Kstd::atomic<unsigned int> art::Thread::tls_32bit_sized_values::use_mterp[m[K'
 1574 |     std::atomic<bool32_t> [01;35m[Kuse_mterp[m[K;
      |                           [01;35m[K^~~~~~~~~[m[K
[01m[Kart/runtime/thread.h:1617:18:[m[K [01;35m[Kwarning: [m[Kignoring packed attribute because of unpacked non-POD field '[01m[Kart::ManagedStack art::Thread::tls_ptr_sized_values::managed_stack[m[K'
 1617 |     ManagedStack [01;35m[Kmanaged_stack[m[K;
      |                  [01;35m[K^~~~~~~~~~~~~[m[K
[01m[Kart/runtime/thread.h:1657:7:[m[K [01;35m[Kwarning: [m[Kignoring packed attribute because of unpacked non-POD field '[01m[Kart::Thread::tls_ptr_sized_values::DepsOrStackTraceSample art::Thread::tls_ptr_sized_values::deps_or_stack_trace_sample[m[K'
 1657 |     } [01;35m[Kdeps_or_stack_trace_sample[m[K;
      |       [01;35m[K^~~~~~~~~~~~~~~~~~~~~~~~~~[m[K
In file included from [01m[Kart/runtime/thread.h:39[m[K:
[01m[Kart/runtime/managed_stack.h:167:23:[m[K [01;35m[Kwarning: [m[Kignoring packed attribute because of unpacked non-POD field '[01m[Kart::ManagedStack::TaggedTopQuickFrame art::ManagedStack::tagged_top_quick_frame_[m[K'
  167 |   TaggedTopQuickFrame [01;35m[Ktagged_top_quick_frame_[m[K;
      |                       [01;35m[K^~~~~~~~~~~~~~~~~~~~~~~[m[K
[01m[Kart/runtime/managed_stack.h:[m[K In member function '[01m[Kvoid art::ManagedStack::[01;32m[KPushManagedStackFragment[m[K(art::ManagedStack*)[m[K':
[01m[Kart/runtime/managed_stack.h:55:11:[m[K [01;35m[Kwarning: [m[K'[01m[Kvoid*[01;32m[K memset[m[K(void*, int, size_t)[m[K' clearing an object of non-trivial type '[01m[Kclass art::ManagedStack[m[K'; use assignment or value-initialization instead [[01;35m[K]8;;https://gcc.gnu.org/onlinedocs/gcc-15.3.0/gcc/C_002b_002b-Dialect-Options.html#index-Wclass-memaccess-Wclass-memaccess]8;;[m[K]
   55 |     [01;35m[Kmemset(this, 0, sizeof(ManagedStack))[m[K;
      |     [01;35m[K~~~~~~^~~~~~~~~~~~~~~~~~~~~~~~~~~~~~~[m[K
[01m[Kart/runtime/managed_stack.h:44:17:[m[K [01;36m[Knote: [m[K'[01m[Kclass art::ManagedStack[m[K' declared here
   44 | class PACKED(4) [01;36m[KManagedStack[m[K {
      |                 [01;36m[K^~~~~~~~~~~~[m[K
[01m[Kart/runtime/thread.h:[m[K At global scope:
[01m[Kart/runtime/thread.h:1574:27:[m[K [01;35m[Kwarning: [m[Kignoring packed attribute because of unpacked non-POD field '[01m[Kstd::atomic<unsigned int> art::Thread::tls_32bit_sized_values::use_mterp[m[K'
 1574 |     std::atomic<bool32_t> [01;35m[Kuse_mterp[m[K;
      |                           [01;35m[K^~~~~~~~~[m[K
[01m[Kart/runtime/thread.h:1617:18:[m[K [01;35m[Kwarning: [m[Kignoring packed attribute because of unpacked non-POD field '[01m[Kart::ManagedStack art::Thread::tls_ptr_sized_values::managed_stack[m[K'
 1617 |     ManagedStack [01;35m[Kmanaged_stack[m[K;
      |                  [01;35m[K^~~~~~~~~~~~~[m[K
[01m[Kart/runtime/thread.h:1657:7:[m[K [01;35m[Kwarning: [m[Kignoring packed attribute because of unpacked non-POD field '[01m[Kart::Thread::tls_ptr_sized_values::DepsOrStackTraceSample art::Thread::tls_ptr_sized_values::deps_or_stack_trace_sample[m[K'
 1657 |     } [01;35m[Kdeps_or_stack_trace_sample[m[K;
      |       [01;35m[K^~~~~~~~~~~~~~~~~~~~~~~~~~[m[K
host C: libunwind <= external/libunwind/src/mi/dyn-cancel.c
host C: libunwind <= external/libunwind/src/mi/dyn-info-list.c
host C: libunwind <= external/libunwind/src/mi/dyn-register.c
host C: libunwind <= external/libunwind/src/mi/map.c
host C: libunwind <= external/libunwind/src/mi/Lmap.c
host C: libunwind <= external/libunwind/src/mi/Ldyn-extract.c
host C: libunwind <= external/libunwind/src/mi/Lfind_dynamic_proc_info.c
In file included from [01m[Klibbase/include/android-base/file.h:26[m[K,
                 from [01m[Klibbase/include/android-base/test_utils.h:23[m[K,
                 from [01m[Klibbase/test_utils.cpp:17[m[K:
[01m[Klibbase/include/android-base/unique_fd.h:78:57:[m[K [01;35m[Kwarning: [m[K'[01m[Kclang::reinitializes[m[K' scoped attribute directive ignored [[01;35m[K]8;;https://gcc.gnu.org/onlinedocs/gcc-15.3.0/gcc/Warning-Options.html#index-Wattributes-Wattributes]8;;[m[K]
   78 |   [[clang::reinitializes]] void reset(int new_value = -1[01;35m[K)[m[K { reset(new_value, nullptr); }
      |                                                         [01;35m[K^[m[K
host C: libunwind <= external/libunwind/src/mi/Lget_proc_info_by_ip.c
host C: libunwind <= external/libunwind/src/mi/Lget_proc_name.c
host C: libunwind <= external/libunwind/src/mi/Lput_dynamic_unwind_info.c
In file included from [01m[Kart/runtime/stack.h:26[m[K,
                 from [01m[Kart/tools/cpp-define-generator/globals.def:30[m[K:
[01m[Kart/runtime/stack_map.h:53:15:[m[K [01;35m[Kwarning: [m[Kredundant redeclaration of '[01m[Kstd::ostream& art::[01;32m[Koperator<<[m[K(std::ostream&, const DexRegisterLocation&)[m[K' in same scope [[01;35m[K]8;;https://gcc.gnu.org/onlinedocs/gcc-15.3.0/gcc/Warning-Options.html#index-Wno-redundant-decls-Wredundant-decls]8;;[m[K]
   53 | std::ostream& [01;35m[Koperator[m[K<<(std::ostream& stream, const DexRegisterLocation& reg);
      |               [01;35m[K^~~~~~~~[m[K
In file included from [01m[Kart/runtime/stack_map.h:30[m[K:
[01m[Kart/runtime/dex_register_location.h:89:15:[m[K [01;36m[Knote: [m[Kprevious declaration of '[01m[Kstd::ostream& art::[01;32m[Koperator<<[m[K(std::ostream&, const DexRegisterLocation&)[m[K'
   89 | std::ostream& [01;36m[Koperator[m[K<<(std::ostream& stream, const DexRegisterLocation& reg);
      |               [01;36m[K^~~~~~~~[m[K
In file included from [01m[Ksystem/core/libutils/binder/../include/utils/CallStack.h:23[m[K,
                 from [01m[Ksystem/core/libutils/binder/RefBase.cpp:68[m[K:
[01m[Ksystem/core/libutils/binder/../include/utils/Vector.h:385:80:[m[K [01;35m[Kwarning: [m[K'[01m[Kcfi[m[K' attribute directive ignored [[01;35m[K]8;;https://gcc.gnu.org/onlinedocs/gcc-15.3.0/gcc/Warning-Options.html#index-Wattributes-Wattributes]8;;[m[K]
  385 | UTILS_VECTOR_NO_CFI void Vector<TYPE>::do_construct(void* storage, size_t num) [01;35m[Kconst[m[K {
      |                                                                                [01;35m[K^~~~~[m[K
[01m[Ksystem/core/libutils/binder/../include/utils/Vector.h:395:90:[m[K [01;35m[Kwarning: [m[K'[01m[Kcfi[m[K' attribute directive ignored [[01;35m[K]8;;https://gcc.gnu.org/onlinedocs/gcc-15.3.0/gcc/Warning-Options.html#index-Wattributes-Wattributes]8;;[m[K]
  395 | UTILS_VECTOR_NO_CFI void Vector<TYPE>::do_copy(void* dest, const void* from, size_t num) [01;35m[Kconst[m[K {
      |                                                                                          [01;35m[K^~~~~[m[K
[01m[Ksystem/core/libutils/binder/../include/utils/Vector.h:400:91:[m[K [01;35m[Kwarning: [m[K'[01m[Kcfi[m[K' attribute directive ignored [[01;35m[K]8;;https://gcc.gnu.org/onlinedocs/gcc-15.3.0/gcc/Warning-Options.html#index-Wattributes-Wattributes]8;;[m[K]
  400 | UTILS_VECTOR_NO_CFI void Vector<TYPE>::do_splat(void* dest, const void* item, size_t num) [01;35m[Kconst[m[K {
      |                                                                                           [01;35m[K^~~~~[m[K
[01m[Ksystem/core/libutils/binder/../include/utils/Vector.h:405:98:[m[K [01;35m[Kwarning: [m[K'[01m[Kcfi[m[K' attribute directive ignored [[01;35m[K]8;;https://gcc.gnu.org/onlinedocs/gcc-15.3.0/gcc/Warning-Options.html#index-Wattributes-Wattributes]8;;[m[K]
  405 | UTILS_VECTOR_NO_CFI void Vector<TYPE>::do_move_forward(void* dest, const void* from, size_t num) [01;35m[Kconst[m[K {
      |                                                                                                  [01;35m[K^~~~~[m[K
[01m[Ksystem/core/libutils/binder/../include/utils/Vector.h:410:99:[m[K [01;35m[Kwarning: [m[K'[01m[Kcfi[m[K' attribute directive ignored [[01;35m[K]8;;https://gcc.gnu.org/onlinedocs/gcc-15.3.0/gcc/Warning-Options.html#index-Wattributes-Wattributes]8;;[m[K]
  410 | UTILS_VECTOR_NO_CFI void Vector<TYPE>::do_move_backward(void* dest, const void* from, size_t num) [01;35m[Kconst[m[K {
      |                                                                                                   [01;35m[K^~~~~[m[K
host C: libunwind <= external/libunwind/src/mi/Ldestroy_addr_space.c
host C: libunwind <= external/libunwind/src/mi/Lget_reg.c
host C: libunwind <= external/libunwind/src/mi/Lset_reg.c
host C: libunwind <= external/libunwind/src/mi/Lget_fpreg.c
host C: libunwind <= external/libunwind/src/mi/Lset_fpreg.c
host C: libunwind <= external/libunwind/src/mi/Lset_caching_policy.c
In file included from [01m[Kart/runtime/stack.h:26[m[K,
                 from [01m[Kart/tools/cpp-define-generator/globals.def:30[m[K:
[01m[Kart/runtime/stack_map.h:53:15:[m[K [01;35m[Kwarning: [m[Kredundant redeclaration of '[01m[Kstd::ostream& art::[01;32m[Koperator<<[m[K(std::ostream&, const DexRegisterLocation&)[m[K' in same scope [[01;35m[K]8;;https://gcc.gnu.org/onlinedocs/gcc-15.3.0/gcc/Warning-Options.html#index-Wno-redundant-decls-Wredundant-decls]8;;[m[K]
   53 | std::ostream& [01;35m[Koperator[m[K<<(std::ostream& stream, const DexRegisterLocation& reg);
      |               [01;35m[K^~~~~~~~[m[K
In file included from [01m[Kart/runtime/stack_map.h:30[m[K:
[01m[Kart/runtime/dex_register_location.h:89:15:[m[K [01;36m[Knote: [m[Kprevious declaration of '[01m[Kstd::ostream& art::[01;32m[Koperator<<[m[K(std::ostream&, const DexRegisterLocation&)[m[K'
   89 | std::ostream& [01;36m[Koperator[m[K<<(std::ostream& stream, const DexRegisterLocation& reg);
      |               [01;36m[K^~~~~~~~[m[K
host C: libunwind <= external/libunwind/src/mi/Gdyn-extract.c
host C: libunwind <= external/libunwind/src/mi/Gdyn-remote.c
host C: libunwind <= external/libunwind/src/mi/Gfind_dynamic_proc_info.c
In file included from [01m[Kart/tools/cpp-define-generator/mirror_dex_cache.def:18[m[K,
                 from [01m[Kart/tools/cpp-define-generator/asm_defines.def:26[m[K:
art/runtime/mirror/dex_cache.h: In instantiation of '[01m[Kstruct art::mirror::DexCachePair<art::mirror::String>[m[K':
[01m[Kart/tools/cpp-define-generator/mirror_dex_cache.def:25:1:[m[K   required from here
   26 |            sizeof(art::mirror::StringDexCachePair[01;36m[K)[m[K)
      |                                                  [01;36m[K^[m[K
[01m[Kart/runtime/mirror/dex_cache.h:50:13:[m[K [01;35m[Kwarning: [m[Kignoring packed attribute because of unpacked non-POD field '[01m[Kart::GcRoot<art::mirror::String> art::mirror::DexCachePair<art::mirror::String>::object[m[K'
   50 |   GcRoot<T> [01;35m[Kobject[m[K;
      |             [01;35m[K^~~~~~[m[K
host C: libunwind <= external/libunwind/src/mi/Gget_accessors.c
host C: libunwind <= external/libunwind/src/mi/Gget_proc_info_by_ip.c
In file included from [01m[Kart/runtime/stack.h:26[m[K,
                 from [01m[Kart/tools/cpp-define-generator/globals.def:30[m[K:
[01m[Kart/runtime/stack_map.h:53:15:[m[K [01;35m[Kwarning: [m[Kredundant redeclaration of '[01m[Kstd::ostream& art::[01;32m[Koperator<<[m[K(std::ostream&, const DexRegisterLocation&)[m[K' in same scope [[01;35m[K]8;;https://gcc.gnu.org/onlinedocs/gcc-15.3.0/gcc/Warning-Options.html#index-Wno-redundant-decls-Wredundant-decls]8;;[m[K]
   53 | std::ostream& [01;35m[Koperator[m[K<<(std::ostream& stream, const DexRegisterLocation& reg);
      |               [01;35m[K^~~~~~~~[m[K
In file included from [01m[Kart/runtime/stack_map.h:30[m[K:
[01m[Kart/runtime/dex_register_location.h:89:15:[m[K [01;36m[Knote: [m[Kprevious declaration of '[01m[Kstd::ostream& art::[01;32m[Koperator<<[m[K(std::ostream&, const DexRegisterLocation&)[m[K'
   89 | std::ostream& [01;36m[Koperator[m[K<<(std::ostream& stream, const DexRegisterLocation& reg);
      |               [01;36m[K^~~~~~~~[m[K
host C: libunwind <= external/libunwind/src/mi/Gget_proc_name.c
host C: libunwind <= external/libunwind/src/mi/Gput_dynamic_unwind_info.c
host C: libunwind <= external/libunwind/src/mi/Gdestroy_addr_space.c
host C: libunwind <= external/libunwind/src/mi/Gget_reg.c
host C: libunwind <= external/libunwind/src/mi/Gset_reg.c
host C: libunwind <= external/libunwind/src/mi/Gget_fpreg.c
host C: libunwind <= external/libunwind/src/mi/Gset_fpreg.c
host C: libunwind <= external/libunwind/src/mi/Gset_caching_policy.c
host C: libunwind <= external/libunwind/src/dwarf/Lexpr.c
host C: libunwind <= external/libunwind/src/dwarf/Lfde.c
In file included from [01m[Kart/tools/cpp-define-generator/mirror_dex_cache.def:18[m[K,
                 from [01m[Kart/tools/cpp-define-generator/asm_defines.def:26[m[K:
art/runtime/mirror/dex_cache.h: In instantiation of '[01m[Kstruct art::mirror::DexCachePair<art::mirror::String>[m[K':
[01m[Kart/tools/cpp-define-generator/mirror_dex_cache.def:25:1:[m[K   required from here
   26 |            sizeof(art::mirror::StringDexCachePair[01;36m[K)[m[K)
      |                                                  [01;36m[K^[m[K
[01m[Kart/runtime/mirror/dex_cache.h:50:13:[m[K [01;35m[Kwarning: [m[Kignoring packed attribute because of unpacked non-POD field '[01m[Kart::GcRoot<art::mirror::String> art::mirror::DexCachePair<art::mirror::String>::object[m[K'
   50 |   GcRoot<T> [01;35m[Kobject[m[K;
      |             [01;35m[K^~~~~~[m[K
host C: libunwind <= external/libunwind/src/dwarf/Lparser.c
host C: libunwind <= external/libunwind/src/dwarf/Lpe.c
host C: libunwind <= external/libunwind/src/dwarf/Lstep_dwarf.c
host C: libunwind <= external/libunwind/src/dwarf/Lfind_proc_info-lsb.c
In file included from [01m[Kart/tools/cpp-define-generator/mirror_dex_cache.def:18[m[K,
                 from [01m[Kart/tools/cpp-define-generator/asm_defines.def:26[m[K:
art/runtime/mirror/dex_cache.h: In instantiation of '[01m[Kstruct art::mirror::DexCachePair<art::mirror::String>[m[K':
[01m[Kart/tools/cpp-define-generator/mirror_dex_cache.def:25:1:[m[K   required from here
   26 |            sizeof(art::mirror::StringDexCachePair[01;36m[K)[m[K)
      |                                                  [01;36m[K^[m[K
[01m[Kart/runtime/mirror/dex_cache.h:50:13:[m[K [01;35m[Kwarning: [m[Kignoring packed attribute because of unpacked non-POD field '[01m[Kart::GcRoot<art::mirror::String> art::mirror::DexCachePair<art::mirror::String>::object[m[K'
   50 |   GcRoot<T> [01;35m[Kobject[m[K;
      |             [01;35m[K^~~~~~[m[K
host C: libunwind <= external/libunwind/src/dwarf/Lfind_unwind_table.c
In file included from [01m[Kexternal/libunwind/include/dwarf_i.h:10[m[K,
                 from [01m[Kexternal/libunwind/src/dwarf/Gparser.c:27[m[K,
                 from [01m[Kexternal/libunwind/src/dwarf/Lparser.c:4[m[K:
[01m[Kexternal/libunwind/include/libunwind_i.h:92:10:[m[K [01;35m[Kwarning: [m[K'[01m[Kunreachable[m[K' redefined
   92 | # define [01;35m[Kunreachable[m[K() __builtin_unreachable()
      |          [01;35m[K^~~~~~~~~~~[m[K
In file included from [01m[Kexternal/libunwind/src/dwarf/Gparser.c:26[m[K:
[01m[K/nix/store/qrn789mrv652j7f5bcjp367npzpcyvdi-gcc-15.3.0/lib/gcc/x86_64-unknown-linux-gnu/15.3.0/include/stddef.h:468:9:[m[K [01;36m[Knote: [m[Kthis is the location of the previous definition
  468 | #define [01;36m[Kunreachable[m[K() (__builtin_unreachable ())
      |         [01;36m[K^~~~~~~~~~~[m[K
host C: libunwind <= external/libunwind/src/dwarf/Gexpr.c
host C: libunwind <= external/libunwind/src/dwarf/Gfde.c
host C: libunwind <= external/libunwind/src/dwarf/Gfind_proc_info-lsb.c
In file included from [01m[Kexternal/libunwind/include/dwarf_i.h:10[m[K,
                 from [01m[Kexternal/libunwind/src/dwarf/Gfind_proc_info-lsb.c:33[m[K,
                 from [01m[Kexternal/libunwind/src/dwarf/Lfind_proc_info-lsb.c:4[m[K:
[01m[Kexternal/libunwind/include/libunwind_i.h:92:10:[m[K [01;35m[Kwarning: [m[K'[01m[Kunreachable[m[K' redefined
   92 | # define [01;35m[Kunreachable[m[K() __builtin_unreachable()
      |          [01;35m[K^~~~~~~~~~~[m[K
In file included from [01m[Kexternal/libunwind/src/dwarf/Gfind_proc_info-lsb.c:29[m[K:
[01m[K/nix/store/qrn789mrv652j7f5bcjp367npzpcyvdi-gcc-15.3.0/lib/gcc/x86_64-unknown-linux-gnu/15.3.0/include/stddef.h:468:9:[m[K [01;36m[Knote: [m[Kthis is the location of the previous definition
  468 | #define [01;36m[Kunreachable[m[K() (__builtin_unreachable ())
      |         [01;36m[K^~~~~~~~~~~[m[K
host C: libunwind <= external/libunwind/src/dwarf/Gfind_unwind_table.c
host C: libunwind <= external/libunwind/src/dwarf/Gparser.c
host C: libunwind <= external/libunwind/src/dwarf/Gpe.c
In file included from [01m[Kexternal/libunwind/include/dwarf_i.h:10[m[K,
                 from [01m[Kexternal/libunwind/src/dwarf/Gfind_proc_info-lsb.c:33[m[K:
[01m[Kexternal/libunwind/include/libunwind_i.h:92:10:[m[K [01;35m[Kwarning: [m[K'[01m[Kunreachable[m[K' redefined
   92 | # define [01;35m[Kunreachable[m[K() __builtin_unreachable()
      |          [01;35m[K^~~~~~~~~~~[m[K
In file included from [01m[Kexternal/libunwind/src/dwarf/Gfind_proc_info-lsb.c:29[m[K:
[01m[K/nix/store/qrn789mrv652j7f5bcjp367npzpcyvdi-gcc-15.3.0/lib/gcc/x86_64-unknown-linux-gnu/15.3.0/include/stddef.h:468:9:[m[K [01;36m[Knote: [m[Kthis is the location of the previous definition
  468 | #define [01;36m[Kunreachable[m[K() (__builtin_unreachable ())
      |         [01;36m[K^~~~~~~~~~~[m[K
host C: libunwind <= external/libunwind/src/dwarf/Gstep_dwarf.c
art/runtime/mirror/dex_cache.h: In instantiation of '[01m[Kstruct art::mirror::DexCachePair<art::mirror::Class>[m[K':
[01m[K/nix/store/qrn789mrv652j7f5bcjp367npzpcyvdi-gcc-15.3.0/include/c++/15.3.0/atomic:206:5:[m[K   required from '[01m[Kconstexpr const int std::atomic<art::mirror::DexCachePair<art::mirror::Class> >::_S_min_alignment[m[K'
  206 |         = ([01;36m[Ksizeof(_Tp)[m[K & (sizeof(_Tp) - 1)) || sizeof(_Tp) > 16
      |            [01;36m[K^~~~~~~~~~~[m[K
[01m[K/nix/store/qrn789mrv652j7f5bcjp367npzpcyvdi-gcc-15.3.0/include/c++/15.3.0/atomic:210:11:[m[K   required from '[01m[Kconstexpr const int std::atomic<art::mirror::DexCachePair<art::mirror::Class> >::_S_alignment[m[K'
  210 |         = [01;36m[K_S_min_alignment[m[K > alignof(_Tp) ? _S_min_alignment : alignof(_Tp);
      |           [01;36m[K^~~~~~~~~~~~~~~~[m[K
[01m[K/nix/store/qrn789mrv652j7f5bcjp367npzpcyvdi-gcc-15.3.0/include/c++/15.3.0/atomic:212:33:[m[K   required from '[01m[Kstruct std::atomic<art::mirror::DexCachePair<art::mirror::Class> >[m[K'
  212 |       alignas(_S_alignment) _Tp [01;36m[K_M_i[m[K;
      |                                 [01;36m[K^~~~[m[K
[01m[Kart/runtime/mirror/object.h:579:52:[m[K   required from '[01m[Kvoid art::mirror::Object::[01;32m[KSetFieldPtrWithSize[m[K(art::MemberOffset, T, art::PointerSize) [35m[K[with bool kTransactionActive = false; bool kCheckTransaction = true; art::VerifyObjectFlags kVerifyFlags = art::kVerifyNone; T = std::atomic<art::mirror::DexCachePair<art::mirror::Class> >*][m[K[m[K'
  579 |           field_offset, [01;36m[Kreinterpret_cast32<int32_t>(new_value)[m[K);
      |                         [01;36m[K~~~~~~~~~~~~~~~~~~~~~~~~~~~^~~~~~~~~~~[m[K
[01m[Kart/runtime/mirror/object.h:556:77:[m[K   required from '[01m[Kvoid art::mirror::Object::[01;32m[KSetFieldPtr[m[K(art::MemberOffset, T) [35m[K[with bool kTransactionActive = false; bool kCheckTransaction = true; art::VerifyObjectFlags kVerifyFlags = art::kVerifyNone; T = std::atomic<art::mirror::DexCachePair<art::mirror::Class> >*][m[K[m[K'
  556 |     [01;36m[KSetFieldPtrWithSize<kTransactionActive, kCheckTransaction, kVerifyFlags>([m[K
      |     [01;36m[K~~~~~~~~~~~~~~~~~~~~~~~~~~~~~~~~~~~~~~~~~~~~~~~~~~~~~~~~~~~~~~~~~~~~~~~~^[m[K
  557 | [01;36m[K        field_offset, new_value, kRuntimePointerSize)[m[K;
      |         [01;36m[K~~~~~~~~~~~~~~~~~~~~~~~~~~~~~~~~~~~~~~~~~~~~~[m[K                        
[01m[Kart/runtime/mirror/dex_cache.h:362:23:[m[K   required from here
  362 |     [01;36m[KSetFieldPtr<false>(ResolvedTypesOffset(), resolved_types)[m[K;
      |     [01;36m[K~~~~~~~~~~~~~~~~~~^~~~~~~~~~~~~~~~~~~~~~~~~~~~~~~~~~~~~~~[m[K
[01m[Kart/runtime/mirror/dex_cache.h:50:13:[m[K [01;35m[Kwarning: [m[Kignoring packed attribute because of unpacked non-POD field '[01m[Kart::GcRoot<art::mirror::Class> art::mirror::DexCachePair<art::mirror::Class>::object[m[K'
   50 |   GcRoot<T> [01;35m[Kobject[m[K;
      |             [01;35m[K^~~~~~[m[K
art/runtime/mirror/dex_cache.h: In instantiation of '[01m[Kstruct art::mirror::DexCachePair<art::mirror::MethodType>[m[K':
[01m[K/nix/store/qrn789mrv652j7f5bcjp367npzpcyvdi-gcc-15.3.0/include/c++/15.3.0/atomic:206:5:[m[K   required from '[01m[Kconstexpr const int std::atomic<art::mirror::DexCachePair<art::mirror::MethodType> >::_S_min_alignment[m[K'
  206 |         = ([01;36m[Ksizeof(_Tp)[m[K & (sizeof(_Tp) - 1)) || sizeof(_Tp) > 16
      |            [01;36m[K^~~~~~~~~~~[m[K
[01m[K/nix/store/qrn789mrv652j7f5bcjp367npzpcyvdi-gcc-15.3.0/include/c++/15.3.0/atomic:210:11:[m[K   required from '[01m[Kconstexpr const int std::atomic<art::mirror::DexCachePair<art::mirror::MethodType> >::_S_alignment[m[K'
  210 |         = [01;36m[K_S_min_alignment[m[K > alignof(_Tp) ? _S_min_alignment : alignof(_Tp);
      |           [01;36m[K^~~~~~~~~~~~~~~~[m[K
[01m[K/nix/store/qrn789mrv652j7f5bcjp367npzpcyvdi-gcc-15.3.0/include/c++/15.3.0/atomic:212:33:[m[K   required from '[01m[Kstruct std::atomic<art::mirror::DexCachePair<art::mirror::MethodType> >[m[K'
  212 |       alignas(_S_alignment) _Tp [01;36m[K_M_i[m[K;
      |                                 [01;36m[K^~~~[m[K
[01m[Kart/runtime/mirror/object.h:579:52:[m[K   required from '[01m[Kvoid art::mirror::Object::[01;32m[KSetFieldPtrWithSize[m[K(art::MemberOffset, T, art::PointerSize) [35m[K[with bool kTransactionActive = false; bool kCheckTransaction = true; art::VerifyObjectFlags kVerifyFlags = art::kVerifyNone; T = std::atomic<art::mirror::DexCachePair<art::mirror::MethodType> >*][m[K[m[K'
  579 |           field_offset, [01;36m[Kreinterpret_cast32<int32_t>(new_value)[m[K);
      |                         [01;36m[K~~~~~~~~~~~~~~~~~~~~~~~~~~~^~~~~~~~~~~[m[K
[01m[Kart/runtime/mirror/object.h:556:77:[m[K   required from '[01m[Kvoid art::mirror::Object::[01;32m[KSetFieldPtr[m[K(art::MemberOffset, T) [35m[K[with bool kTransactionActive = false; bool kCheckTransaction = true; art::VerifyObjectFlags kVerifyFlags = art::kVerifyNone; T = std::atomic<art::mirror::DexCachePair<art::mirror::MethodType> >*][m[K[m[K'
  556 |     [01;36m[KSetFieldPtrWithSize<kTransactionActive, kCheckTransaction, kVerifyFlags>([m[K
      |     [01;36m[K~~~~~~~~~~~~~~~~~~~~~~~~~~~~~~~~~~~~~~~~~~~~~~~~~~~~~~~~~~~~~~~~~~~~~~~~^[m[K
  557 | [01;36m[K        field_offset, new_value, kRuntimePointerSize)[m[K;
      |         [01;36m[K~~~~~~~~~~~~~~~~~~~~~~~~~~~~~~~~~~~~~~~~~~~~~[m[K                        
[01m[Kart/runtime/mirror/dex_cache.h:394:23:[m[K   required from here
  394 |     [01;36m[KSetFieldPtr<false>(ResolvedMethodTypesOffset(), resolved_method_types)[m[K;
      |     [01;36m[K~~~~~~~~~~~~~~~~~~^~~~~~~~~~~~~~~~~~~~~~~~~~~~~~~~~~~~~~~~~~~~~~~~~~~~[m[K
[01m[Kart/runtime/mirror/dex_cache.h:50:13:[m[K [01;35m[Kwarning: [m[Kignoring packed attribute because of unpacked non-POD field '[01m[Kart::GcRoot<art::mirror::MethodType> art::mirror::DexCachePair<art::mirror::MethodType>::object[m[K'
   50 |   GcRoot<T> [01;35m[Kobject[m[K;
      |             [01;35m[K^~~~~~[m[K
host C: libunwind <= external/libunwind/src/dwarf/global.c
host C: libunwind <= external/libunwind/src/os-common.c
In file included from [01m[Kexternal/libunwind/include/dwarf_i.h:10[m[K,
                 from [01m[Kexternal/libunwind/src/dwarf/Gparser.c:27[m[K:
[01m[Kexternal/libunwind/include/libunwind_i.h:92:10:[m[K [01;35m[Kwarning: [m[K'[01m[Kunreachable[m[K' redefined
   92 | # define [01;35m[Kunreachable[m[K() __builtin_unreachable()
      |          [01;35m[K^~~~~~~~~~~[m[K
In file included from [01m[Kexternal/libunwind/src/dwarf/Gparser.c:26[m[K:
[01m[K/nix/store/qrn789mrv652j7f5bcjp367npzpcyvdi-gcc-15.3.0/lib/gcc/x86_64-unknown-linux-gnu/15.3.0/include/stddef.h:468:9:[m[K [01;36m[Knote: [m[Kthis is the location of the previous definition
  468 | #define [01;36m[Kunreachable[m[K() (__builtin_unreachable ())
      |         [01;36m[K^~~~~~~~~~~[m[K
host C: libunwind <= external/libunwind/src/os-linux.c
host C: libunwind <= external/libunwind/src/Los-common.c
In file included from [01m[Kart/tools/cpp-define-generator/runtime.def:18[m[K,
                 from [01m[Kart/tools/cpp-define-generator/asm_defines.def:30[m[K:
[01m[Kart/runtime/runtime.h:710:15:[m[K [01;35m[Kwarning: [m[K'[01m[Kstatic void art::Runtime::[01;32m[KDoAndMaybeSwitchInterpreter[m[K(Action) [35m[K[with Action = art::Runtime::SetNonStandardExitsEnabled()::<lambda()>][m[K[m[K', declared using local type '[01m[Kart::Runtime::SetNonStandardExitsEnabled()::<lambda()>[m[K', is used but not defined here [[01;35m[K]8;;https://gcc.gnu.org/onlinedocs/gcc-15.3.0/gcc/Warning-Options.html#index-Wc_002b_002b20-extensions-Wc++20-extensions]8;;[m[K]
  710 |   static void [01;35m[KDoAndMaybeSwitchInterpreter[m[K(Action lamda);
      |               [01;35m[K^~~~~~~~~~~~~~~~~~~~~~~~~~~[m[K
[01m[Kart/runtime/runtime.h:710:15:[m[K [01;35m[Kwarning: [m[K'[01m[Kstatic void art::Runtime::[01;32m[KDoAndMaybeSwitchInterpreter[m[K(Action) [35m[K[with Action = art::Runtime::SetAsyncExceptionsThrown()::<lambda()>][m[K[m[K', declared using local type '[01m[Kart::Runtime::SetAsyncExceptionsThrown()::<lambda()>[m[K', is used but not defined here [[01;35m[K]8;;https://gcc.gnu.org/onlinedocs/gcc-15.3.0/gcc/Warning-Options.html#index-Wc_002b_002b20-extensions-Wc++20-extensions]8;;[m[K]
host C: libunwind <= external/libunwind/src/ptrace/_UPT_accessors.c
host C: libunwind <= external/libunwind/src/ptrace/_UPT_access_fpreg.c
host C: libunwind <= external/libunwind/src/ptrace/_UPT_access_mem.c
host C: libunwind <= external/libunwind/src/ptrace/_UPT_access_reg.c
host C: libunwind <= external/libunwind/src/ptrace/_UPT_create.c
host C: libunwind <= external/libunwind/src/ptrace/_UPT_destroy.c
host C: libunwind <= external/libunwind/src/ptrace/_UPT_find_proc_info.c
host C: libunwind <= external/libunwind/src/ptrace/_UPT_get_dyn_info_list_addr.c
art/runtime/mirror/dex_cache.h: In instantiation of '[01m[Kstruct art::mirror::DexCachePair<art::mirror::Class>[m[K':
[01m[K/nix/store/qrn789mrv652j7f5bcjp367npzpcyvdi-gcc-15.3.0/include/c++/15.3.0/atomic:206:5:[m[K   required from '[01m[Kconstexpr const int std::atomic<art::mirror::DexCachePair<art::mirror::Class> >::_S_min_alignment[m[K'
  206 |         = ([01;36m[Ksizeof(_Tp)[m[K & (sizeof(_Tp) - 1)) || sizeof(_Tp) > 16
      |            [01;36m[K^~~~~~~~~~~[m[K
[01m[K/nix/store/qrn789mrv652j7f5bcjp367npzpcyvdi-gcc-15.3.0/include/c++/15.3.0/atomic:210:11:[m[K   required from '[01m[Kconstexpr const int std::atomic<art::mirror::DexCachePair<art::mirror::Class> >::_S_alignment[m[K'
  210 |         = [01;36m[K_S_min_alignment[m[K > alignof(_Tp) ? _S_min_alignment : alignof(_Tp);
      |           [01;36m[K^~~~~~~~~~~~~~~~[m[K
[01m[K/nix/store/qrn789mrv652j7f5bcjp367npzpcyvdi-gcc-15.3.0/include/c++/15.3.0/atomic:212:33:[m[K   required from '[01m[Kstruct std::atomic<art::mirror::DexCachePair<art::mirror::Class> >[m[K'
  212 |       alignas(_S_alignment) _Tp [01;36m[K_M_i[m[K;
      |                                 [01;36m[K^~~~[m[K
[01m[Kart/runtime/mirror/object.h:579:52:[m[K   required from '[01m[Kvoid art::mirror::Object::[01;32m[KSetFieldPtrWithSize[m[K(art::MemberOffset, T, art::PointerSize) [35m[K[with bool kTransactionActive = false; bool kCheckTransaction = true; art::VerifyObjectFlags kVerifyFlags = art::kVerifyNone; T = std::atomic<art::mirror::DexCachePair<art::mirror::Class> >*][m[K[m[K'
  579 |           field_offset, [01;36m[Kreinterpret_cast32<int32_t>(new_value)[m[K);
      |                         [01;36m[K~~~~~~~~~~~~~~~~~~~~~~~~~~~^~~~~~~~~~~[m[K
[01m[Kart/runtime/mirror/object.h:556:77:[m[K   required from '[01m[Kvoid art::mirror::Object::[01;32m[KSetFieldPtr[m[K(art::MemberOffset, T) [35m[K[with bool kTransactionActive = false; bool kCheckTransaction = true; art::VerifyObjectFlags kVerifyFlags = art::kVerifyNone; T = std::atomic<art::mirror::DexCachePair<art::mirror::Class> >*][m[K[m[K'
  556 |     [01;36m[KSetFieldPtrWithSize<kTransactionActive, kCheckTransaction, kVerifyFlags>([m[K
      |     [01;36m[K~~~~~~~~~~~~~~~~~~~~~~~~~~~~~~~~~~~~~~~~~~~~~~~~~~~~~~~~~~~~~~~~~~~~~~~~^[m[K
  557 | [01;36m[K        field_offset, new_value, kRuntimePointerSize)[m[K;
      |         [01;36m[K~~~~~~~~~~~~~~~~~~~~~~~~~~~~~~~~~~~~~~~~~~~~~[m[K                        
[01m[Kart/runtime/mirror/dex_cache.h:362:23:[m[K   required from here
  362 |     [01;36m[KSetFieldPtr<false>(ResolvedTypesOffset(), resolved_types)[m[K;
      |     [01;36m[K~~~~~~~~~~~~~~~~~~^~~~~~~~~~~~~~~~~~~~~~~~~~~~~~~~~~~~~~~[m[K
[01m[Kart/runtime/mirror/dex_cache.h:50:13:[m[K [01;35m[Kwarning: [m[Kignoring packed attribute because of unpacked non-POD field '[01m[Kart::GcRoot<art::mirror::Class> art::mirror::DexCachePair<art::mirror::Class>::object[m[K'
   50 |   GcRoot<T> [01;35m[Kobject[m[K;
      |             [01;35m[K^~~~~~[m[K
host C: libunwind <= external/libunwind/src/ptrace/_UPT_put_unwind_info.c
art/runtime/mirror/dex_cache.h: In instantiation of '[01m[Kstruct art::mirror::DexCachePair<art::mirror::MethodType>[m[K':
[01m[K/nix/store/qrn789mrv652j7f5bcjp367npzpcyvdi-gcc-15.3.0/include/c++/15.3.0/atomic:206:5:[m[K   required from '[01m[Kconstexpr const int std::atomic<art::mirror::DexCachePair<art::mirror::MethodType> >::_S_min_alignment[m[K'
  206 |         = ([01;36m[Ksizeof(_Tp)[m[K & (sizeof(_Tp) - 1)) || sizeof(_Tp) > 16
      |            [01;36m[K^~~~~~~~~~~[m[K
[01m[K/nix/store/qrn789mrv652j7f5bcjp367npzpcyvdi-gcc-15.3.0/include/c++/15.3.0/atomic:210:11:[m[K   required from '[01m[Kconstexpr const int std::atomic<art::mirror::DexCachePair<art::mirror::MethodType> >::_S_alignment[m[K'
  210 |         = [01;36m[K_S_min_alignment[m[K > alignof(_Tp) ? _S_min_alignment : alignof(_Tp);
      |           [01;36m[K^~~~~~~~~~~~~~~~[m[K
[01m[K/nix/store/qrn789mrv652j7f5bcjp367npzpcyvdi-gcc-15.3.0/include/c++/15.3.0/atomic:212:33:[m[K   required from '[01m[Kstruct std::atomic<art::mirror::DexCachePair<art::mirror::MethodType> >[m[K'
  212 |       alignas(_S_alignment) _Tp [01;36m[K_M_i[m[K;
      |                                 [01;36m[K^~~~[m[K
[01m[Kart/runtime/mirror/object.h:579:52:[m[K   required from '[01m[Kvoid art::mirror::Object::[01;32m[KSetFieldPtrWithSize[m[K(art::MemberOffset, T, art::PointerSize) [35m[K[with bool kTransactionActive = false; bool kCheckTransaction = true; art::VerifyObjectFlags kVerifyFlags = art::kVerifyNone; T = std::atomic<art::mirror::DexCachePair<art::mirror::MethodType> >*][m[K[m[K'
  579 |           field_offset, [01;36m[Kreinterpret_cast32<int32_t>(new_value)[m[K);
      |                         [01;36m[K~~~~~~~~~~~~~~~~~~~~~~~~~~~^~~~~~~~~~~[m[K
[01m[Kart/runtime/mirror/object.h:556:77:[m[K   required from '[01m[Kvoid art::mirror::Object::[01;32m[KSetFieldPtr[m[K(art::MemberOffset, T) [35m[K[with bool kTransactionActive = false; bool kCheckTransaction = true; art::VerifyObjectFlags kVerifyFlags = art::kVerifyNone; T = std::atomic<art::mirror::DexCachePair<art::mirror::MethodType> >*][m[K[m[K'
  556 |     [01;36m[KSetFieldPtrWithSize<kTransactionActive, kCheckTransaction, kVerifyFlags>([m[K
      |     [01;36m[K~~~~~~~~~~~~~~~~~~~~~~~~~~~~~~~~~~~~~~~~~~~~~~~~~~~~~~~~~~~~~~~~~~~~~~~~^[m[K
  557 | [01;36m[K        field_offset, new_value, kRuntimePointerSize)[m[K;
      |         [01;36m[K~~~~~~~~~~~~~~~~~~~~~~~~~~~~~~~~~~~~~~~~~~~~~[m[K                        
[01m[Kart/runtime/mirror/dex_cache.h:394:23:[m[K   required from here
  394 |     [01;36m[KSetFieldPtr<false>(ResolvedMethodTypesOffset(), resolved_method_types)[m[K;
      |     [01;36m[K~~~~~~~~~~~~~~~~~~^~~~~~~~~~~~~~~~~~~~~~~~~~~~~~~~~~~~~~~~~~~~~~~~~~~~[m[K
[01m[Kart/runtime/mirror/dex_cache.h:50:13:[m[K [01;35m[Kwarning: [m[Kignoring packed attribute because of unpacked non-POD field '[01m[Kart::GcRoot<art::mirror::MethodType> art::mirror::DexCachePair<art::mirror::MethodType>::object[m[K'
   50 |   GcRoot<T> [01;35m[Kobject[m[K;
      |             [01;35m[K^~~~~~[m[K
host C: libunwind <= external/libunwind/src/ptrace/_UPT_get_proc_name.c
host C: libunwind <= external/libunwind/src/ptrace/_UPT_reg_offset.c
host C: libunwind <= external/libunwind/src/ptrace/_UPT_resume.c
art/runtime/mirror/dex_cache.h: In instantiation of '[01m[Kstruct art::mirror::DexCachePair<art::mirror::Class>[m[K':
[01m[K/nix/store/qrn789mrv652j7f5bcjp367npzpcyvdi-gcc-15.3.0/include/c++/15.3.0/atomic:206:5:[m[K   required from '[01m[Kconstexpr const int std::atomic<art::mirror::DexCachePair<art::mirror::Class> >::_S_min_alignment[m[K'
  206 |         = ([01;36m[Ksizeof(_Tp)[m[K & (sizeof(_Tp) - 1)) || sizeof(_Tp) > 16
      |            [01;36m[K^~~~~~~~~~~[m[K
[01m[K/nix/store/qrn789mrv652j7f5bcjp367npzpcyvdi-gcc-15.3.0/include/c++/15.3.0/atomic:210:11:[m[K   required from '[01m[Kconstexpr const int std::atomic<art::mirror::DexCachePair<art::mirror::Class> >::_S_alignment[m[K'
  210 |         = [01;36m[K_S_min_alignment[m[K > alignof(_Tp) ? _S_min_alignment : alignof(_Tp);
      |           [01;36m[K^~~~~~~~~~~~~~~~[m[K
[01m[K/nix/store/qrn789mrv652j7f5bcjp367npzpcyvdi-gcc-15.3.0/include/c++/15.3.0/atomic:212:33:[m[K   required from '[01m[Kstruct std::atomic<art::mirror::DexCachePair<art::mirror::Class> >[m[K'
  212 |       alignas(_S_alignment) _Tp [01;36m[K_M_i[m[K;
      |                                 [01;36m[K^~~~[m[K
[01m[Kart/runtime/mirror/object.h:579:52:[m[K   required from '[01m[Kvoid art::mirror::Object::[01;32m[KSetFieldPtrWithSize[m[K(art::MemberOffset, T, art::PointerSize) [35m[K[with bool kTransactionActive = false; bool kCheckTransaction = true; art::VerifyObjectFlags kVerifyFlags = art::kVerifyNone; T = std::atomic<art::mirror::DexCachePair<art::mirror::Class> >*][m[K[m[K'
  579 |           field_offset, [01;36m[Kreinterpret_cast32<int32_t>(new_value)[m[K);
      |                         [01;36m[K~~~~~~~~~~~~~~~~~~~~~~~~~~~^~~~~~~~~~~[m[K
[01m[Kart/runtime/mirror/object.h:556:77:[m[K   required from '[01m[Kvoid art::mirror::Object::[01;32m[KSetFieldPtr[m[K(art::MemberOffset, T) [35m[K[with bool kTransactionActive = false; bool kCheckTransaction = true; art::VerifyObjectFlags kVerifyFlags = art::kVerifyNone; T = std::atomic<art::mirror::DexCachePair<art::mirror::Class> >*][m[K[m[K'
  556 |     [01;36m[KSetFieldPtrWithSize<kTransactionActive, kCheckTransaction, kVerifyFlags>([m[K
      |     [01;36m[K~~~~~~~~~~~~~~~~~~~~~~~~~~~~~~~~~~~~~~~~~~~~~~~~~~~~~~~~~~~~~~~~~~~~~~~~^[m[K
  557 | [01;36m[K        field_offset, new_value, kRuntimePointerSize)[m[K;
      |         [01;36m[K~~~~~~~~~~~~~~~~~~~~~~~~~~~~~~~~~~~~~~~~~~~~~[m[K                        
[01m[Kart/runtime/mirror/dex_cache.h:362:23:[m[K   required from here
  362 |     [01;36m[KSetFieldPtr<false>(ResolvedTypesOffset(), resolved_types)[m[K;
      |     [01;36m[K~~~~~~~~~~~~~~~~~~^~~~~~~~~~~~~~~~~~~~~~~~~~~~~~~~~~~~~~~[m[K
[01m[Kart/runtime/mirror/dex_cache.h:50:13:[m[K [01;35m[Kwarning: [m[Kignoring packed attribute because of unpacked non-POD field '[01m[Kart::GcRoot<art::mirror::Class> art::mirror::DexCachePair<art::mirror::Class>::object[m[K'
   50 |   GcRoot<T> [01;35m[Kobject[m[K;
      |             [01;35m[K^~~~~~[m[K
art/runtime/mirror/dex_cache.h: In instantiation of '[01m[Kstruct art::mirror::DexCachePair<art::mirror::MethodType>[m[K':
[01m[K/nix/store/qrn789mrv652j7f5bcjp367npzpcyvdi-gcc-15.3.0/include/c++/15.3.0/atomic:206:5:[m[K   required from '[01m[Kconstexpr const int std::atomic<art::mirror::DexCachePair<art::mirror::MethodType> >::_S_min_alignment[m[K'
  206 |         = ([01;36m[Ksizeof(_Tp)[m[K & (sizeof(_Tp) - 1)) || sizeof(_Tp) > 16
      |            [01;36m[K^~~~~~~~~~~[m[K
[01m[K/nix/store/qrn789mrv652j7f5bcjp367npzpcyvdi-gcc-15.3.0/include/c++/15.3.0/atomic:210:11:[m[K   required from '[01m[Kconstexpr const int std::atomic<art::mirror::DexCachePair<art::mirror::MethodType> >::_S_alignment[m[K'
  210 |         = [01;36m[K_S_min_alignment[m[K > alignof(_Tp) ? _S_min_alignment : alignof(_Tp);
      |           [01;36m[K^~~~~~~~~~~~~~~~[m[K
[01m[K/nix/store/qrn789mrv652j7f5bcjp367npzpcyvdi-gcc-15.3.0/include/c++/15.3.0/atomic:212:33:[m[K   required from '[01m[Kstruct std::atomic<art::mirror::DexCachePair<art::mirror::MethodType> >[m[K'
  212 |       alignas(_S_alignment) _Tp [01;36m[K_M_i[m[K;
      |                                 [01;36m[K^~~~[m[K
[01m[Kart/runtime/mirror/object.h:579:52:[m[K   required from '[01m[Kvoid art::mirror::Object::[01;32m[KSetFieldPtrWithSize[m[K(art::MemberOffset, T, art::PointerSize) [35m[K[with bool kTransactionActive = false; bool kCheckTransaction = true; art::VerifyObjectFlags kVerifyFlags = art::kVerifyNone; T = std::atomic<art::mirror::DexCachePair<art::mirror::MethodType> >*][m[K[m[K'
  579 |           field_offset, [01;36m[Kreinterpret_cast32<int32_t>(new_value)[m[K);
      |                         [01;36m[K~~~~~~~~~~~~~~~~~~~~~~~~~~~^~~~~~~~~~~[m[K
[01m[Kart/runtime/mirror/object.h:556:77:[m[K   required from '[01m[Kvoid art::mirror::Object::[01;32m[KSetFieldPtr[m[K(art::MemberOffset, T) [35m[K[with bool kTransactionActive = false; bool kCheckTransaction = true; art::VerifyObjectFlags kVerifyFlags = art::kVerifyNone; T = std::atomic<art::mirror::DexCachePair<art::mirror::MethodType> >*][m[K[m[K'
  556 |     [01;36m[KSetFieldPtrWithSize<kTransactionActive, kCheckTransaction, kVerifyFlags>([m[K
      |     [01;36m[K~~~~~~~~~~~~~~~~~~~~~~~~~~~~~~~~~~~~~~~~~~~~~~~~~~~~~~~~~~~~~~~~~~~~~~~~^[m[K
  557 | [01;36m[K        field_offset, new_value, kRuntimePointerSize)[m[K;
      |         [01;36m[K~~~~~~~~~~~~~~~~~~~~~~~~~~~~~~~~~~~~~~~~~~~~~[m[K                        
[01m[Kart/runtime/mirror/dex_cache.h:394:23:[m[K   required from here
  394 |     [01;36m[KSetFieldPtr<false>(ResolvedMethodTypesOffset(), resolved_method_types)[m[K;
      |     [01;36m[K~~~~~~~~~~~~~~~~~~^~~~~~~~~~~~~~~~~~~~~~~~~~~~~~~~~~~~~~~~~~~~~~~~~~~~[m[K
[01m[Kart/runtime/mirror/dex_cache.h:50:13:[m[K [01;35m[Kwarning: [m[Kignoring packed attribute because of unpacked non-POD field '[01m[Kart::GcRoot<art::mirror::MethodType> art::mirror::DexCachePair<art::mirror::MethodType>::object[m[K'
   50 |   GcRoot<T> [01;35m[Kobject[m[K;
      |             [01;35m[K^~~~~~[m[K
host C: libunwind <= external/libunwind/src/x86_64/is_fpreg.c
In file included from [01m[Kart/tools/cpp-define-generator/runtime.def:18[m[K,
                 from [01m[Kart/tools/cpp-define-generator/asm_defines.def:30[m[K:
[01m[Kart/runtime/runtime.h:710:15:[m[K [01;35m[Kwarning: [m[K'[01m[Kstatic void art::Runtime::[01;32m[KDoAndMaybeSwitchInterpreter[m[K(Action) [35m[K[with Action = art::Runtime::SetNonStandardExitsEnabled()::<lambda()>][m[K[m[K', declared using local type '[01m[Kart::Runtime::SetNonStandardExitsEnabled()::<lambda()>[m[K', is used but not defined here [[01;35m[K]8;;https://gcc.gnu.org/onlinedocs/gcc-15.3.0/gcc/Warning-Options.html#index-Wc_002b_002b20-extensions-Wc++20-extensions]8;;[m[K]
  710 |   static void [01;35m[KDoAndMaybeSwitchInterpreter[m[K(Action lamda);
      |               [01;35m[K^~~~~~~~~~~~~~~~~~~~~~~~~~~[m[K
[01m[Kart/runtime/runtime.h:710:15:[m[K [01;35m[Kwarning: [m[K'[01m[Kstatic void art::Runtime::[01;32m[KDoAndMaybeSwitchInterpreter[m[K(Action) [35m[K[with Action = art::Runtime::SetAsyncExceptionsThrown()::<lambda()>][m[K[m[K', declared using local type '[01m[Kart::Runtime::SetAsyncExceptionsThrown()::<lambda()>[m[K', is used but not defined here [[01;35m[K]8;;https://gcc.gnu.org/onlinedocs/gcc-15.3.0/gcc/Warning-Options.html#index-Wc_002b_002b20-extensions-Wc++20-extensions]8;;[m[K]
host C: libunwind <= external/libunwind/src/x86_64/regname.c
In file included from [01m[Kart/tools/cpp-define-generator/runtime.def:18[m[K,
                 from [01m[Kart/tools/cpp-define-generator/asm_defines.def:30[m[K:
[01m[Kart/runtime/runtime.h:710:15:[m[K [01;35m[Kwarning: [m[K'[01m[Kstatic void art::Runtime::[01;32m[KDoAndMaybeSwitchInterpreter[m[K(Action) [35m[K[with Action = art::Runtime::SetNonStandardExitsEnabled()::<lambda()>][m[K[m[K', declared using local type '[01m[Kart::Runtime::SetNonStandardExitsEnabled()::<lambda()>[m[K', is used but not defined here [[01;35m[K]8;;https://gcc.gnu.org/onlinedocs/gcc-15.3.0/gcc/Warning-Options.html#index-Wc_002b_002b20-extensions-Wc++20-extensions]8;;[m[K]
  710 |   static void [01;35m[KDoAndMaybeSwitchInterpreter[m[K(Action lamda);
      |               [01;35m[K^~~~~~~~~~~~~~~~~~~~~~~~~~~[m[K
[01m[Kart/runtime/runtime.h:710:15:[m[K [01;35m[Kwarning: [m[K'[01m[Kstatic void art::Runtime::[01;32m[KDoAndMaybeSwitchInterpreter[m[K(Action) [35m[K[with Action = art::Runtime::SetAsyncExceptionsThrown()::<lambda()>][m[K[m[K', declared using local type '[01m[Kart::Runtime::SetAsyncExceptionsThrown()::<lambda()>[m[K', is used but not defined here [[01;35m[K]8;;https://gcc.gnu.org/onlinedocs/gcc-15.3.0/gcc/Warning-Options.html#index-Wc_002b_002b20-extensions-Wc++20-extensions]8;;[m[K]
host C: libunwind <= external/libunwind/src/x86_64/Gcreate_addr_space.c
[01m[Kexternal/libunwind/src/ptrace/_UPT_get_dyn_info_list_addr.c:[m[K In function '[01m[Kget_list_addr[m[K':
[01m[Kexternal/libunwind/src/ptrace/_UPT_get_dyn_info_list_addr.c:80:10:[m[K [01;36m[Knote: [m[K'[01m[K#pragma message: Implement get_list_addr(), please.[m[K'
   80 | # pragma [01;36m[Kmessage[m[K("Implement get_list_addr(), please.")
      |          [01;36m[K^~~~~~~[m[K
host C: libunwind <= external/libunwind/src/x86_64/Gget_proc_info.c
host C: libunwind <= external/libunwind/src/x86_64/Gget_save_loc.c
host C: libunwind <= external/libunwind/src/x86_64/Gglobal.c
host C: libunwind <= external/libunwind/src/x86_64/Ginit.c
host C: libunwind <= external/libunwind/src/x86_64/Ginit_local.c
host C: libunwind <= external/libunwind/src/x86_64/Ginit_remote.c
host C: libunwind <= external/libunwind/src/x86_64/Gregs.c
host C: libunwind <= external/libunwind/src/x86_64/Gresume.c
host C: libunwind <= external/libunwind/src/x86_64/Gstep.c
host C: libunwind <= external/libunwind/src/x86_64/Lcreate_addr_space.c
host C: libunwind <= external/libunwind/src/x86_64/Lget_proc_info.c
host C: libunwind <= external/libunwind/src/x86_64/Lget_save_loc.c
host C: libunwind <= external/libunwind/src/x86_64/Lglobal.c
host C: libunwind <= external/libunwind/src/x86_64/Linit.c
host C: libunwind <= external/libunwind/src/x86_64/Linit_local.c
host C: libunwind <= external/libunwind/src/x86_64/Linit_remote.c
host C: libunwind <= external/libunwind/src/x86_64/Lregs.c
host C: libunwind <= external/libunwind/src/x86_64/Lresume.c
Note: Some input files use unchecked or unsafe operations.
Note: Recompile with -Xlint:unchecked for details.
1 warning
host C: libunwind <= external/libunwind/src/x86_64/Lstep.c
host C: libunwind <= external/libunwind/src/x86_64/Gstash_frame.c
host C: libunwind <= external/libunwind/src/x86_64/Gtrace.c
host C: libunwind <= external/libunwind/src/x86_64/Gos-linux.c
host C: libunwind <= external/libunwind/src/x86_64/Lstash_frame.c
host C: libunwind <= external/libunwind/src/x86_64/Ltrace.c
host C: libunwind <= external/libunwind/src/x86_64/Los-linux.c
host C: libunwind <= external/libunwind/src/elf64.c
host C: libcutils <= system/core/libcutils/atomic.c
host C: libcutils <= system/core/libcutils/hashmap.c
host C: libcutils <= system/core/libcutils/native_handle.c
host C: libcutils <= system/core/libcutils/config_utils.c
host C: libcutils <= system/core/libcutils/load_file.c
host C: libcutils <= system/core/libcutils/strlcpy.c
host C: libcutils <= system/core/libcutils/open_memstream.c
host C: libcutils <= system/core/libcutils/strdup16to8.c
host C: libcutils <= system/core/libcutils/strdup8to16.c
host C: libcutils <= system/core/libcutils/record_stream.c
[01m[Kexternal/libunwind/src/x86_64/Gstash_frame.c:[m[K In function '[01m[K_Ux86_64_stash_frame[m[K':
[01m[Kexternal/libunwind/src/x86_64/Gstash_frame.c:53:10:[m[K [01;35m[Kwarning: [m[Ktaking the absolute value of unsigned type '[01m[Kunw_word_t[m[K' {aka [m[K'[01m[Klong unsigned int[m[K'} has no effect [[01;35m[K]8;;https://gcc.gnu.org/onlinedocs/gcc-15.3.0/gcc/Warning-Options.html#index-Wabsolute-value-Wabsolute-value]8;;[m[K]
   53 |       && [01;35m[Klabs[m[K(rs->reg[DWARF_CFA_OFF_COLUMN].val) < (1 << 29)
      |          [01;35m[K^~~~[m[K
[01m[Kexternal/libunwind/src/x86_64/Gstash_frame.c:58:18:[m[K [01;35m[Kwarning: [m[Ktaking the absolute value of unsigned type '[01m[Kunw_word_t[m[K' {aka [m[K'[01m[Klong unsigned int[m[K'} has no effect [[01;35m[K]8;;https://gcc.gnu.org/onlinedocs/gcc-15.3.0/gcc/Warning-Options.html#index-Wabsolute-value-Wabsolute-value]8;;[m[K]
   58 |               && [01;35m[Klabs[m[K(rs->reg[RBP].val) < (1 << 14)
      |                  [01;35m[K^~~~[m[K
[01m[Kexternal/libunwind/src/x86_64/Gstash_frame.c:63:18:[m[K [01;35m[Kwarning: [m[Ktaking the absolute value of unsigned type '[01m[Kunw_word_t[m[K' {aka [m[K'[01m[Klong unsigned int[m[K'} has no effect [[01;35m[K]8;;https://gcc.gnu.org/onlinedocs/gcc-15.3.0/gcc/Warning-Options.html#index-Wabsolute-value-Wabsolute-value]8;;[m[K]
   63 |               && [01;35m[Klabs[m[K(rs->reg[RSP].val) < (1 << 14)
      |                  [01;35m[K^~~~[m[K
host C: libcutils <= system/core/libcutils/process_name.c
[01m[Kexternal/libunwind/src/x86_64/Gtrace.c:[m[K In function '[01m[K_Ux86_64_tdep_trace[m[K':
[01m[Kexternal/libunwind/src/x86_64/Gtrace.c:476:19:[m[K [01;35m[Kwarning: [m[Kthis statement may fall through [[01;35m[K]8;;https://gcc.gnu.org/onlinedocs/gcc-15.3.0/gcc/Warning-Options.html#index-Wimplicit-fallthrough-Wimplicit-fallthrough=]8;;[m[K]
  476 |       [01;35m[Kc->validate = 1[m[K;
      |       [01;35m[K~~~~~~~~~~~~^~~[m[K
[01m[Kexternal/libunwind/src/x86_64/Gtrace.c:478:5:[m[K [01;36m[Knote: [m[Khere
  478 |     [01;36m[Kcase[m[K UNW_X86_64_FRAME_STANDARD:
      |     [01;36m[K^~~~[m[K
[01m[Ksystem/core/libcutils/config_utils.c:[m[K In function '[01m[Kconfig_node[m[K':
[01m[Ksystem/core/libcutils/config_utils.c:30:26:[m[K [01;35m[Kwarning: [m[K'[01m[Kcalloc[m[K' sizes specified with '[01m[Ksizeof[m[K' in the earlier argument and not in the later argument [[01;35m[K]8;;https://gcc.gnu.org/onlinedocs/gcc-15.3.0/gcc/Warning-Options.html#index-Wcalloc-transposed-args-Wcalloc-transposed-args]8;;[m[K]
   30 |     node = calloc(sizeof([01;35m[Kcnode[m[K), 1);
      |                          [01;35m[K^~~~~[m[K
[01m[Ksystem/core/libcutils/config_utils.c:30:26:[m[K [01;36m[Knote: [m[Kearlier argument should specify number of elements, later size of each element
host C: libcutils <= system/core/libcutils/threads.c
host C: libcutils <= system/core/libcutils/sched_policy.c
host C: libcutils <= system/core/libcutils/iosched_policy.c
In file included from [01m[Kexternal/libunwind/src/x86_64/Lstash_frame.c:4[m[K:
[01m[Kexternal/libunwind/src/x86_64/Gstash_frame.c:[m[K In function '[01m[K_ULx86_64_stash_frame[m[K':
[01m[Kexternal/libunwind/src/x86_64/Gstash_frame.c:53:10:[m[K [01;35m[Kwarning: [m[Ktaking the absolute value of unsigned type '[01m[Kunw_word_t[m[K' {aka [m[K'[01m[Klong unsigned int[m[K'} has no effect [[01;35m[K]8;;https://gcc.gnu.org/onlinedocs/gcc-15.3.0/gcc/Warning-Options.html#index-Wabsolute-value-Wabsolute-value]8;;[m[K]
   53 |       && [01;35m[Klabs[m[K(rs->reg[DWARF_CFA_OFF_COLUMN].val) < (1 << 29)
      |          [01;35m[K^~~~[m[K
[01m[Kexternal/libunwind/src/x86_64/Gstash_frame.c:58:18:[m[K [01;35m[Kwarning: [m[Ktaking the absolute value of unsigned type '[01m[Kunw_word_t[m[K' {aka [m[K'[01m[Klong unsigned int[m[K'} has no effect [[01;35m[K]8;;https://gcc.gnu.org/onlinedocs/gcc-15.3.0/gcc/Warning-Options.html#index-Wabsolute-value-Wabsolute-value]8;;[m[K]
   58 |               && [01;35m[Klabs[m[K(rs->reg[RBP].val) < (1 << 14)
      |                  [01;35m[K^~~~[m[K
[01m[Kexternal/libunwind/src/x86_64/Gstash_frame.c:63:18:[m[K [01;35m[Kwarning: [m[Ktaking the absolute value of unsigned type '[01m[Kunw_word_t[m[K' {aka [m[K'[01m[Klong unsigned int[m[K'} has no effect [[01;35m[K]8;;https://gcc.gnu.org/onlinedocs/gcc-15.3.0/gcc/Warning-Options.html#index-Wabsolute-value-Wabsolute-value]8;;[m[K]
   63 |               && [01;35m[Klabs[m[K(rs->reg[RSP].val) < (1 << 14)
      |                  [01;35m[K^~~~[m[K
In file included from [01m[Kexternal/libunwind/src/elfxx.h:34[m[K,
                 from [01m[Kexternal/libunwind/src/elf64.h:7[m[K,
                 from [01m[Kexternal/libunwind/src/elf64.c:2[m[K:
[01m[Kexternal/libunwind/include/libunwind_i.h:92:10:[m[K [01;35m[Kwarning: [m[K'[01m[Kunreachable[m[K' redefined
   92 | # define [01;35m[Kunreachable[m[K() __builtin_unreachable()
      |          [01;35m[K^~~~~~~~~~~[m[K
In file included from [01m[Kexternal/libunwind/src/elfxx.h:28[m[K:
[01m[K/nix/store/qrn789mrv652j7f5bcjp367npzpcyvdi-gcc-15.3.0/lib/gcc/x86_64-unknown-linux-gnu/15.3.0/include/stddef.h:468:9:[m[K [01;36m[Knote: [m[Kthis is the location of the previous definition
  468 | #define [01;36m[Kunreachable[m[K() (__builtin_unreachable ())
      |         [01;36m[K^~~~~~~~~~~[m[K
In file included from [01m[Kexternal/libunwind/src/x86_64/Ltrace.c:4[m[K:
[01m[Kexternal/libunwind/src/x86_64/Gtrace.c:[m[K In function '[01m[K_ULx86_64_tdep_trace[m[K':
[01m[Kexternal/libunwind/src/x86_64/Gtrace.c:476:19:[m[K [01;35m[Kwarning: [m[Kthis statement may fall through [[01;35m[K]8;;https://gcc.gnu.org/onlinedocs/gcc-15.3.0/gcc/Warning-Options.html#index-Wimplicit-fallthrough-Wimplicit-fallthrough=]8;;[m[K]
  476 |       [01;35m[Kc->validate = 1[m[K;
      |       [01;35m[K~~~~~~~~~~~~^~~[m[K
[01m[Kexternal/libunwind/src/x86_64/Gtrace.c:478:5:[m[K [01;36m[Knote: [m[Khere
  478 |     [01;36m[Kcase[m[K UNW_X86_64_FRAME_STANDARD:
      |     [01;36m[K^~~~[m[K
host C: libcutils <= system/core/libcutils/str_parms.c
host C: libcutils <= system/core/libcutils/fs_config.c
host C: libcutils <= system/core/libcutils/fs.c
host C: libcutils <= system/core/libcutils/multiuser.c
host C: libcutils <= system/core/libcutils/socket_inaddr_any_server.c
host C: libcutils <= system/core/libcutils/socket_local_client.c
host C: libcutils <= system/core/libcutils/socket_local_server.c
host C: libcutils <= system/core/libcutils/socket_loopback_client.c
host C: libcutils <= system/core/libcutils/socket_loopback_server.c
host C: libcutils <= system/core/libcutils/socket_network_client.c
host C: libcutils <= system/core/libcutils/sockets.c
host C: libcutils <= system/core/libcutils/ashmem-host.c
host C: libcutils <= system/core/libcutils/trace-host.c
host C: libcutils <= system/core/libcutils/dlmalloc_stubs.c
host C++: libsigchain <= art/sigchainlib/sigchain.cc
host C++: libelffile <= art/libelffile/elf/xz_utils.cc
[01m[Kcc1plus:[m[K [01;35m[Kwarning: [m[Kcommand-line option '[01m[K]8;;https://gcc.gnu.org/onlinedocs/gcc-15.3.0/gcc/Warning-Options.html#index-Wimplicit-function-declaration-Wno-implicit-function-declaration]8;;[m[K' is valid for C/ObjC but not for C++
host C++: libelffile <= art/libelffile/stream/buffered_output_stream.cc
host C++: libelffile <= art/libelffile/stream/file_output_stream.cc
[01m[Kcc1plus:[m[K [01;35m[Kwarning: [m[Kcommand-line option '[01m[K]8;;https://gcc.gnu.org/onlinedocs/gcc-15.3.0/gcc/Warning-Options.html#index-Wimplicit-function-declaration-Wno-implicit-function-declaration]8;;[m[K' is valid for C/ObjC but not for C++
host C++: libelffile <= art/libelffile/stream/output_stream.cc
[01m[Kcc1plus:[m[K [01;35m[Kwarning: [m[Kcommand-line option '[01m[K]8;;https://gcc.gnu.org/onlinedocs/gcc-15.3.0/gcc/Warning-Options.html#index-Wimplicit-function-declaration-Wno-implicit-function-declaration]8;;[m[K' is valid for C/ObjC but not for C++
[01m[Kcc1plus:[m[K [01;35m[Kwarning: [m[Kcommand-line option '[01m[K]8;;https://gcc.gnu.org/onlinedocs/gcc-15.3.0/gcc/Warning-Options.html#index-Wimplicit-function-declaration-Wno-implicit-function-declaration]8;;[m[K' is valid for C/ObjC but not for C++
host C++: libelffile <= art/libelffile/stream/vector_output_stream.cc
[01m[Kcc1plus:[m[K [01;35m[Kwarning: [m[Kcommand-line option '[01m[K]8;;https://gcc.gnu.org/onlinedocs/gcc-15.3.0/gcc/Warning-Options.html#index-Wimplicit-function-declaration-Wno-implicit-function-declaration]8;;[m[K' is valid for C/ObjC but not for C++
[01m[Kcc1plus:[m[K [01;35m[Kwarning: [m[Kcommand-line option '[01m[K]8;;https://gcc.gnu.org/onlinedocs/gcc-15.3.0/gcc/Warning-Options.html#index-Wimplicit-function-declaration-Wno-implicit-function-declaration]8;;[m[K' is valid for C/ObjC but not for C++
host C++: libart-dexlayout <= art/dexlayout/compact_dex_writer.cc
host C++: libart-dexlayout <= art/dexlayout/dexlayout.cc
[01m[Kcc1plus:[m[K [01;35m[Kwarning: [m[Kcommand-line option '[01m[K]8;;https://gcc.gnu.org/onlinedocs/gcc-15.3.0/gcc/Warning-Options.html#index-Wimplicit-function-declaration-Wno-implicit-function-declaration]8;;[m[K' is valid for C/ObjC but not for C++
host C++: libart-dexlayout <= art/dexlayout/dex_ir.cc
host C++: libart-dexlayout <= art/dexlayout/dex_ir_builder.cc
[01m[Ksystem/core/libcutils/fs_config.c:134:50:[m[K [01;35m[Kwarning: [m[Kleft shift count >= width of type [[01;35m[K]8;;https://gcc.gnu.org/onlinedocs/gcc-15.3.0/gcc/Warning-Options.html#index-Wno-shift-count-overflow-Wshift-count-overflow]8;;[m[K]
  134 |     { 00700, AID_SYSTEM,    AID_SHELL,     (1ULL [01;35m[K<<[m[K CAP_BLOCK_SUSPEND), "system/bin/inputflinger" },
      |                                                  [01;35m[K^~[m[K
[01m[Ksystem/core/libcutils/fs_config.c:[m[K In function '[01m[Kfs_config_open[m[K':
[01m[Ksystem/core/libcutils/fs_config.c:166:9:[m[K [01;35m[Kwarning: [m[Kignoring return value of '[01m[Kasprintf[m[K' declared with attribute '[01m[K]8;;https://gcc.gnu.org/onlinedocs/gcc-15.3.0/gcc/Common-Function-Attributes.html#index-warn_005funused_005fresult-function-attributewarn_unused_result]8;;[m[K' [[01;35m[K]8;;https://gcc.gnu.org/onlinedocs/gcc-15.3.0/gcc/Warning-Options.html#index-Wno-unused-result-Wunused-result]8;;[m[K]
  166 |         [01;35m[Kasprintf(&name, "%s%s", target_out_path, (dir ? conf_dir : conf_file) + skip_len)[m[K;
      |         [01;35m[K^~~~~~~~~~~~~~~~~~~~~~~~~~~~~~~~~~~~~~~~~~~~~~~~~~~~~~~~~~~~~~~~~~~~~~~~~~~~~~~~~[m[K
[01m[Kcc1plus:[m[K [01;35m[Kwarning: [m[Kcommand-line option '[01m[K]8;;https://gcc.gnu.org/onlinedocs/gcc-15.3.0/gcc/Warning-Options.html#index-Wimplicit-function-declaration-Wno-implicit-function-declaration]8;;[m[K' is valid for C/ObjC but not for C++
[01m[Kcc1plus:[m[K [01;35m[Kwarning: [m[Kcommand-line option '[01m[K]8;;https://gcc.gnu.org/onlinedocs/gcc-15.3.0/gcc/Warning-Options.html#index-Wimplicit-function-declaration-Wno-implicit-function-declaration]8;;[m[K' is valid for C/ObjC but not for C++
[01m[Kcc1plus:[m[K [01;35m[Kwarning: [m[Kcommand-line option '[01m[K]8;;https://gcc.gnu.org/onlinedocs/gcc-15.3.0/gcc/Warning-Options.html#index-Wimplicit-function-declaration-Wno-implicit-function-declaration]8;;[m[K' is valid for C/ObjC but not for C++
host C++: libart-dexlayout <= art/dexlayout/dex_verify.cc
host C++: libart-dexlayout <= art/dexlayout/dex_visualize.cc
target Generated: libart-dex2oat <= out/host/linux-x86/gen/STATIC_LIBRARIES/libart-dex2oat_intermediates/asm_defines.S
[01m[Kcc1plus:[m[K [01;35m[Kwarning: [m[Kcommand-line option '[01m[K]8;;https://gcc.gnu.org/onlinedocs/gcc-15.3.0/gcc/Warning-Options.html#index-Wimplicit-function-declaration-Wno-implicit-function-declaration]8;;[m[K' is valid for C/ObjC but not for C++
host C++: libart-dexlayout <= art/dexlayout/dex_writer.cc
[01m[Kcc1plus:[m[K [01;35m[Kwarning: [m[Kcommand-line option '[01m[K]8;;https://gcc.gnu.org/onlinedocs/gcc-15.3.0/gcc/Warning-Options.html#index-Wimplicit-function-declaration-Wno-implicit-function-declaration]8;;[m[K' is valid for C/ObjC but not for C++
host C++: libjavacore <= libcore/dalvik/src/main/native/org_apache_harmony_dalvik_NativeTestTarget.cpp
host C++: libjavacore <= libcore/luni/src/main/native/ExecStrings.cpp
[01m[Kcc1plus:[m[K [01;35m[Kwarning: [m[Kcommand-line option '[01m[K]8;;https://gcc.gnu.org/onlinedocs/gcc-15.3.0/gcc/Warning-Options.html#index-Wimplicit-function-declaration-Wno-implicit-function-declaration]8;;[m[K' is valid for C/ObjC but not for C++
[01m[Kcc1plus:[m[K [01;35m[Kwarning: [m[Kcommand-line option '[01m[K]8;;https://gcc.gnu.org/onlinedocs/gcc-15.3.0/gcc/Warning-Options.html#index-Wimplicit-function-declaration-Wno-implicit-function-declaration]8;;[m[K' is valid for C/ObjC but not for C++
host C++: libjavacore <= libcore/luni/src/main/native/IcuUtilities.cpp
[01m[Kcc1plus:[m[K [01;35m[Kwarning: [m[Kcommand-line option '[01m[K]8;;https://gcc.gnu.org/onlinedocs/gcc-15.3.0/gcc/Warning-Options.html#index-Wimplicit-function-declaration-Wno-implicit-function-declaration]8;;[m[K' is valid for C/ObjC but not for C++
host C++: libjavacore <= libcore/luni/src/main/native/JniException.cpp
host C++: libjavacore <= libcore/luni/src/main/native/NetworkUtilities.cpp
[01m[Kcc1plus:[m[K [01;35m[Kwarning: [m[Kcommand-line option '[01m[K]8;;https://gcc.gnu.org/onlinedocs/gcc-15.3.0/gcc/Warning-Options.html#index-Wimplicit-function-declaration-Wno-implicit-function-declaration]8;;[m[K' is valid for C/ObjC but not for C++
host C++: libjavacore <= libcore/luni/src/main/native/Register.cpp
[01m[Kcc1plus:[m[K [01;35m[Kwarning: [m[Kcommand-line option '[01m[K]8;;https://gcc.gnu.org/onlinedocs/gcc-15.3.0/gcc/Warning-Options.html#index-Wimplicit-function-declaration-Wno-implicit-function-declaration]8;;[m[K' is valid for C/ObjC but not for C++
[01m[Kcc1plus:[m[K [01;35m[Kwarning: [m[Kcommand-line option '[01m[K]8;;https://gcc.gnu.org/onlinedocs/gcc-15.3.0/gcc/Warning-Options.html#index-Wimplicit-function-declaration-Wno-implicit-function-declaration]8;;[m[K' is valid for C/ObjC but not for C++
host C++: libjavacore <= libcore/luni/src/main/native/ZipUtilities.cpp
[01m[Kcc1plus:[m[K [01;35m[Kwarning: [m[Kcommand-line option '[01m[K]8;;https://gcc.gnu.org/onlinedocs/gcc-15.3.0/gcc/Warning-Options.html#index-Wimplicit-function-declaration-Wno-implicit-function-declaration]8;;[m[K' is valid for C/ObjC but not for C++
[01m[Kcc1plus:[m[K [01;35m[Kwarning: [m[Kcommand-line option '[01m[K]8;;https://gcc.gnu.org/onlinedocs/gcc-15.3.0/gcc/Warning-Options.html#index-Wimplicit-function-declaration-Wno-implicit-function-declaration]8;;[m[K' is valid for C/ObjC but not for C++
host C++: libjavacore <= libcore/luni/src/main/native/android_system_OsConstants.cpp
host C++: libjavacore <= libcore/luni/src/main/native/cbigint.cpp
host C++: libjavacore <= libcore/luni/src/main/native/java_lang_StringToReal.cpp
[01m[Kcc1plus:[m[K [01;35m[Kwarning: [m[Kcommand-line option '[01m[K]8;;https://gcc.gnu.org/onlinedocs/gcc-15.3.0/gcc/Warning-Options.html#index-Wimplicit-function-declaration-Wno-implicit-function-declaration]8;;[m[K' is valid for C/ObjC but not for C++
[01m[Kcc1plus:[m[K [01;35m[Kwarning: [m[Kcommand-line option '[01m[K]8;;https://gcc.gnu.org/onlinedocs/gcc-15.3.0/gcc/Warning-Options.html#index-Wimplicit-function-declaration-Wno-implicit-function-declaration]8;;[m[K' is valid for C/ObjC but not for C++
[01m[Kcc1plus:[m[K [01;35m[Kwarning: [m[Kcommand-line option '[01m[K]8;;https://gcc.gnu.org/onlinedocs/gcc-15.3.0/gcc/Warning-Options.html#index-Wimplicit-function-declaration-Wno-implicit-function-declaration]8;;[m[K' is valid for C/ObjC but not for C++
host C++: libjavacore <= libcore/luni/src/main/native/java_lang_invoke_MethodHandle.cpp
[01m[Kcc1plus:[m[K [01;35m[Kwarning: [m[Kcommand-line option '[01m[K]8;;https://gcc.gnu.org/onlinedocs/gcc-15.3.0/gcc/Warning-Options.html#index-Wimplicit-function-declaration-Wno-implicit-function-declaration]8;;[m[K' is valid for C/ObjC but not for C++
host C++: libjavacore <= libcore/luni/src/main/native/java_util_regex_Matcher.cpp
[01m[Kcc1plus:[m[K [01;35m[Kwarning: [m[Kcommand-line option '[01m[K]8;;https://gcc.gnu.org/onlinedocs/gcc-15.3.0/gcc/Warning-Options.html#index-Wimplicit-function-declaration-Wno-implicit-function-declaration]8;;[m[K' is valid for C/ObjC but not for C++
host C++: libjavacore <= libcore/luni/src/main/native/java_util_regex_Pattern.cpp
art/sigchainlib/sigchain.cc: In instantiation of '[01m[Kvoid art::[01;32m[Klookup_next_symbol[m[K(T*, T, const char*) [35m[K[with T = int (*)(int, const sigaction*, sigaction*) noexcept][m[K[m[K':
[01m[Kart/sigchainlib/sigchain.cc:117:23:[m[K   required from here
  117 |     [01;36m[Klookup_next_symbol(&linked_sigaction, sigaction, "sigaction")[m[K;
      |     [01;36m[K~~~~~~~~~~~~~~~~~~^~~~~~~~~~~~~~~~~~~~~~~~~~~~~~~~~~~~~~~~~~~[m[K
[01m[Kart/sigchainlib/sigchain.cc:103:45:[m[K [01;35m[Kwarning: [m[Kunused parameter '[01m[Kwrapper[m[K' [[01;35m[K]8;;https://gcc.gnu.org/onlinedocs/gcc-15.3.0/gcc/Warning-Options.html#index-Wno-unused-parameter-Wunused-parameter]8;;[m[K]
  103 | static void lookup_next_symbol(T* output, [01;35m[KT wrapper[m[K, const char* name) {
      |                                           [01;35m[K~~^~~~~~~[m[K
art/sigchainlib/sigchain.cc: In instantiation of '[01m[Kvoid art::[01;32m[Klookup_next_symbol[m[K(T*, T, const char*) [35m[K[with T = int (*)(int, const __sigset_t*, __sigset_t*) noexcept][m[K[m[K':
[01m[Kart/sigchainlib/sigchain.cc:118:23:[m[K   required from here
  118 |     [01;36m[Klookup_next_symbol(&linked_sigprocmask, sigprocmask, "sigprocmask")[m[K;
      |     [01;36m[K~~~~~~~~~~~~~~~~~~^~~~~~~~~~~~~~~~~~~~~~~~~~~~~~~~~~~~~~~~~~~~~~~~~[m[K
[01m[Kart/sigchainlib/sigchain.cc:103:45:[m[K [01;35m[Kwarning: [m[Kunused parameter '[01m[Kwrapper[m[K' [[01;35m[K]8;;https://gcc.gnu.org/onlinedocs/gcc-15.3.0/gcc/Warning-Options.html#index-Wno-unused-parameter-Wunused-parameter]8;;[m[K]
  103 | static void lookup_next_symbol(T* output, [01;35m[KT wrapper[m[K, const char* name) {
      |                                           [01;35m[K~~^~~~~~~[m[K
[01m[Kcc1plus:[m[K [01;35m[Kwarning: [m[Kcommand-line option '[01m[K]8;;https://gcc.gnu.org/onlinedocs/gcc-15.3.0/gcc/Warning-Options.html#index-Wimplicit-function-declaration-Wno-implicit-function-declaration]8;;[m[K' is valid for C/ObjC but not for C++
host C++: libjavacore <= libcore/luni/src/main/native/libcore_icu_ICU.cpp
host C++: libjavacore <= libcore/luni/src/main/native/libcore_icu_NativeConverter.cpp
[01m[Kcc1plus:[m[K [01;35m[Kwarning: [m[Kcommand-line option '[01m[K]8;;https://gcc.gnu.org/onlinedocs/gcc-15.3.0/gcc/Warning-Options.html#index-Wimplicit-function-declaration-Wno-implicit-function-declaration]8;;[m[K' is valid for C/ObjC but not for C++
[01m[Kcc1plus:[m[K [01;35m[Kwarning: [m[Kcommand-line option '[01m[K]8;;https://gcc.gnu.org/onlinedocs/gcc-15.3.0/gcc/Warning-Options.html#index-Wimplicit-function-declaration-Wno-implicit-function-declaration]8;;[m[K' is valid for C/ObjC but not for C++
In file included from [01m[Kart/libartbase/base/macros.h:24[m[K,
                 from [01m[Kart/libelffile/stream/output_stream.h:23[m[K,
                 from [01m[Kart/libelffile/stream/file_output_stream.h:22[m[K,
                 from [01m[Kart/libelffile/stream/file_output_stream.cc:17[m[K:
[01m[Klibbase/include/android-base/thread_annotations.h:[m[K In constructor '[01m[Kandroid::base::ScopedLockAssertion::[01;32m[KScopedLockAssertion[m[K(std::mutex&)[m[K':
[01m[Klibbase/include/android-base/thread_annotations.h:143:35:[m[K [01;35m[Kwarning: [m[Kunused parameter '[01m[Kmutex[m[K' [[01;35m[K]8;;https://gcc.gnu.org/onlinedocs/gcc-15.3.0/gcc/Warning-Options.html#index-Wno-unused-parameter-Wunused-parameter]8;;[m[K]
  143 |   ScopedLockAssertion([01;35m[Kstd::mutex& mutex[m[K) ACQUIRE(mutex) {}
      |                       [01;35m[K~~~~~~~~~~~~^~~~~[m[K
host C++: libjavacore <= libcore/luni/src/main/native/libcore_icu_TimeZoneNames.cpp
[01m[Kcc1plus:[m[K [01;35m[Kwarning: [m[Kcommand-line option '[01m[K]8;;https://gcc.gnu.org/onlinedocs/gcc-15.3.0/gcc/Warning-Options.html#index-Wimplicit-function-declaration-Wno-implicit-function-declaration]8;;[m[K' is valid for C/ObjC but not for C++
In file included from [01m[Kart/libartbase/base/macros.h:24[m[K,
                 from [01m[Kart/libelffile/stream/output_stream.h:23[m[K,
                 from [01m[Kart/libelffile/stream/output_stream.cc:17[m[K:
[01m[Klibbase/include/android-base/thread_annotations.h:[m[K In constructor '[01m[Kandroid::base::ScopedLockAssertion::[01;32m[KScopedLockAssertion[m[K(std::mutex&)[m[K':
[01m[Klibbase/include/android-base/thread_annotations.h:143:35:[m[K [01;35m[Kwarning: [m[Kunused parameter '[01m[Kmutex[m[K' [[01;35m[K]8;;https://gcc.gnu.org/onlinedocs/gcc-15.3.0/gcc/Warning-Options.html#index-Wno-unused-parameter-Wunused-parameter]8;;[m[K]
  143 |   ScopedLockAssertion([01;35m[Kstd::mutex& mutex[m[K) ACQUIRE(mutex) {}
      |                       [01;35m[K~~~~~~~~~~~~^~~~~[m[K
In file included from [01m[Kart/libartbase/base/macros.h:24[m[K,
                 from [01m[Kart/libelffile/stream/output_stream.h:23[m[K,
                 from [01m[Kart/libelffile/stream/vector_output_stream.h:20[m[K,
                 from [01m[Kart/libelffile/stream/vector_output_stream.cc:17[m[K:
[01m[Klibbase/include/android-base/thread_annotations.h:[m[K In constructor '[01m[Kandroid::base::ScopedLockAssertion::[01;32m[KScopedLockAssertion[m[K(std::mutex&)[m[K':
[01m[Klibbase/include/android-base/thread_annotations.h:143:35:[m[K [01;35m[Kwarning: [m[Kunused parameter '[01m[Kmutex[m[K' [[01;35m[K]8;;https://gcc.gnu.org/onlinedocs/gcc-15.3.0/gcc/Warning-Options.html#index-Wno-unused-parameter-Wunused-parameter]8;;[m[K]
  143 |   ScopedLockAssertion([01;35m[Kstd::mutex& mutex[m[K) ACQUIRE(mutex) {}
      |                       [01;35m[K~~~~~~~~~~~~^~~~~[m[K
In file included from [01m[Kart/libartbase/base/macros.h:24[m[K,
                 from [01m[Kart/libelffile/stream/output_stream.h:23[m[K,
                 from [01m[Kart/libelffile/stream/buffered_output_stream.h:22[m[K,
                 from [01m[Kart/libelffile/stream/buffered_output_stream.cc:17[m[K:
[01m[Klibbase/include/android-base/thread_annotations.h:[m[K In constructor '[01m[Kandroid::base::ScopedLockAssertion::[01;32m[KScopedLockAssertion[m[K(std::mutex&)[m[K':
[01m[Klibbase/include/android-base/thread_annotations.h:143:35:[m[K [01;35m[Kwarning: [m[Kunused parameter '[01m[Kmutex[m[K' [[01;35m[K]8;;https://gcc.gnu.org/onlinedocs/gcc-15.3.0/gcc/Warning-Options.html#index-Wno-unused-parameter-Wunused-parameter]8;;[m[K]
  143 |   ScopedLockAssertion([01;35m[Kstd::mutex& mutex[m[K) ACQUIRE(mutex) {}
      |                       [01;35m[K~~~~~~~~~~~~^~~~~[m[K
host C++: libjavacore <= libcore/luni/src/main/native/libcore_io_AsynchronousCloseMonitor.cpp
In file included from [01m[Kart/libartbase/base/macros.h:24[m[K,
                 from [01m[Kart/libartbase/base/data_hash.h:20[m[K,
                 from [01m[Kart/dexlayout/compact_dex_writer.h:25[m[K,
                 from [01m[Kart/dexlayout/compact_dex_writer.cc:17[m[K:
[01m[Klibbase/include/android-base/thread_annotations.h:[m[K In constructor '[01m[Kandroid::base::ScopedLockAssertion::[01;32m[KScopedLockAssertion[m[K(std::mutex&)[m[K':
[01m[Klibbase/include/android-base/thread_annotations.h:143:35:[m[K [01;35m[Kwarning: [m[Kunused parameter '[01m[Kmutex[m[K' [[01;35m[K]8;;https://gcc.gnu.org/onlinedocs/gcc-15.3.0/gcc/Warning-Options.html#index-Wno-unused-parameter-Wunused-parameter]8;;[m[K]
  143 |   ScopedLockAssertion([01;35m[Kstd::mutex& mutex[m[K) ACQUIRE(mutex) {}
      |                       [01;35m[K~~~~~~~~~~~~^~~~~[m[K
host C++: libjavacore <= libcore/luni/src/main/native/libcore_io_Linux.cpp
host C++: libjavacore <= libcore/luni/src/main/native/libcore_io_Memory.cpp
[01m[Kcc1plus:[m[K [01;35m[Kwarning: [m[Kcommand-line option '[01m[K]8;;https://gcc.gnu.org/onlinedocs/gcc-15.3.0/gcc/Warning-Options.html#index-Wimplicit-function-declaration-Wno-implicit-function-declaration]8;;[m[K' is valid for C/ObjC but not for C++
[01m[Kcc1plus:[m[K [01;35m[Kwarning: [m[Kcommand-line option '[01m[K]8;;https://gcc.gnu.org/onlinedocs/gcc-15.3.0/gcc/Warning-Options.html#index-Wimplicit-function-declaration-Wno-implicit-function-declaration]8;;[m[K' is valid for C/ObjC but not for C++
[01m[Kcc1plus:[m[K [01;35m[Kwarning: [m[Kcommand-line option '[01m[K]8;;https://gcc.gnu.org/onlinedocs/gcc-15.3.0/gcc/Warning-Options.html#index-Wimplicit-function-declaration-Wno-implicit-function-declaration]8;;[m[K' is valid for C/ObjC but not for C++
In file included from [01m[Kart/libartbase/base/macros.h:24[m[K,
                 from [01m[Kart/libartbase/base/leb128.h:26[m[K,
                 from [01m[Kart/libelffile/elf/xz_utils.cc:24[m[K:
[01m[Klibbase/include/android-base/thread_annotations.h:[m[K In constructor '[01m[Kandroid::base::ScopedLockAssertion::[01;32m[KScopedLockAssertion[m[K(std::mutex&)[m[K':
[01m[Klibbase/include/android-base/thread_annotations.h:143:35:[m[K [01;35m[Kwarning: [m[Kunused parameter '[01m[Kmutex[m[K' [[01;35m[K]8;;https://gcc.gnu.org/onlinedocs/gcc-15.3.0/gcc/Warning-Options.html#index-Wno-unused-parameter-Wunused-parameter]8;;[m[K]
  143 |   ScopedLockAssertion([01;35m[Kstd::mutex& mutex[m[K) ACQUIRE(mutex) {}
      |                       [01;35m[K~~~~~~~~~~~~^~~~~[m[K
In file included from [01m[Kart/libelffile/elf/xz_utils.cc:25[m[K:
[01m[Kart/libelffile/dwarf/writer.h:[m[K In member function '[01m[Kvoid art::dwarf::Writer<Vector>::[01;32m[KPushString[m[K(const char*)[m[K':
[01m[Kart/libelffile/dwarf/writer.h:116:48:[m[K [01;35m[Kwarning: [m[Kthere are no arguments to '[01m[Kstrlen[m[K' that depend on a template parameter, so a declaration of '[01m[Kstrlen[m[K' must be available [[01;35m[K]8;;https://gcc.gnu.org/onlinedocs/gcc-15.3.0/gcc/Warning-Options.html#index-fpermissive-fpermissive]8;;[m[K]
  116 |     data_->insert(data_->end(), value, value + [01;35m[Kstrlen[m[K(value) + 1);
      |                                                [01;35m[K^~~~~~[m[K
host C++: libjavacore <= libcore/luni/src/main/native/libcore_util_NativeAllocationRegistry.cpp
In file included from [01m[Kart/libartbase/base/array_ref.h:23[m[K,
                 from [01m[Kart/libelffile/elf/xz_utils.h:23[m[K,
                 from [01m[Kart/libelffile/elf/xz_utils.cc:17[m[K:
[01m[Kart/libelffile/elf/xz_utils.cc:[m[K In function '[01m[Kvoid art::[01;32m[KXzCompress[m[K(ArrayRef<const unsigned char>, std::vector<unsigned char>*, int)[m[K':
[01m[Klibbase/include/android-base/logging.h:267:35:[m[K [01;35m[Kwarning: [m[Kpassing '[01m[Klzma_ret[m[K' chooses '[01m[Kint[m[K' over '[01m[Kunsigned int[m[K' [[01;35m[K]8;;https://gcc.gnu.org/onlinedocs/gcc-15.3.0/gcc/C_002b_002b-Dialect-Options.html#index-Wno-sign-promo-Wsign-promo]8;;[m[K]
  267 |       << " (" #LHS "=" << _values.[01;35m[Klhs[m[K << ", " #RHS "=" << _values.rhs << ") "
      |                                   [01;35m[K^~~[m[K
[01m[Klibbase/include/android-base/logging.h:275:24:[m[K [01;36m[Knote: [m[Kin expansion of macro '[01m[KCHECK_OP[m[K'
  275 | #define CHECK_EQ(x, y) [01;36m[KCHECK_OP[m[K(x, y, == )
      |                        [01;36m[K^~~~~~~~[m[K
[01m[Kart/libelffile/elf/xz_utils.cc:95:3:[m[K [01;36m[Knote: [m[Kin expansion of macro '[01m[KCHECK_EQ[m[K'
   95 |   [01;36m[KCHECK_EQ[m[K(ret, LZMA_OK);
      |   [01;36m[K^~~~~~~~[m[K
[01m[Klibbase/include/android-base/logging.h:267:35:[m[K [01;35m[Kwarning: [m[K  in call to '[01m[Kstd::basic_ostream<_Ch, _Tr>& std::basic_ostream<_CharT, _Traits>::[01;32m[Koperator<<[m[K(int) [35m[K[with _CharT = char; _Traits = std::char_traits<char>][m[K[m[K' [[01;35m[K]8;;https://gcc.gnu.org/onlinedocs/gcc-15.3.0/gcc/C_002b_002b-Dialect-Options.html#index-Wno-sign-promo-Wsign-promo]8;;[m[K]
  267 |       << " (" #LHS "=" << _values.[01;35m[Klhs[m[K << ", " #RHS "=" << _values.rhs << ") "
      |                                   [01;35m[K^~~[m[K
[01m[Klibbase/include/android-base/logging.h:275:24:[m[K [01;36m[Knote: [m[Kin expansion of macro '[01m[KCHECK_OP[m[K'
  275 | #define CHECK_EQ(x, y) [01;36m[KCHECK_OP[m[K(x, y, == )
      |                        [01;36m[K^~~~~~~~[m[K
[01m[Kart/libelffile/elf/xz_utils.cc:95:3:[m[K [01;36m[Knote: [m[Kin expansion of macro '[01m[KCHECK_EQ[m[K'
   95 |   [01;36m[KCHECK_EQ[m[K(ret, LZMA_OK);
      |   [01;36m[K^~~~~~~~[m[K
[01m[Klibbase/include/android-base/logging.h:267:67:[m[K [01;35m[Kwarning: [m[Kpassing '[01m[Klzma_ret[m[K' chooses '[01m[Kint[m[K' over '[01m[Kunsigned int[m[K' [[01;35m[K]8;;https://gcc.gnu.org/onlinedocs/gcc-15.3.0/gcc/C_002b_002b-Dialect-Options.html#index-Wno-sign-promo-Wsign-promo]8;;[m[K]
  267 |       << " (" #LHS "=" << _values.lhs << ", " #RHS "=" << _values.[01;35m[Krhs[m[K << ") "
      |                                                                   [01;35m[K^~~[m[K
[01m[Klibbase/include/android-base/logging.h:275:24:[m[K [01;36m[Knote: [m[Kin expansion of macro '[01m[KCHECK_OP[m[K'
  275 | #define CHECK_EQ(x, y) [01;36m[KCHECK_OP[m[K(x, y, == )
      |                        [01;36m[K^~~~~~~~[m[K
[01m[Kart/libelffile/elf/xz_utils.cc:95:3:[m[K [01;36m[Knote: [m[Kin expansion of macro '[01m[KCHECK_EQ[m[K'
   95 |   [01;36m[KCHECK_EQ[m[K(ret, LZMA_OK);
      |   [01;36m[K^~~~~~~~[m[K
[01m[Klibbase/include/android-base/logging.h:267:67:[m[K [01;35m[Kwarning: [m[K  in call to '[01m[Kstd::basic_ostream<_Ch, _Tr>& std::basic_ostream<_CharT, _Traits>::[01;32m[Koperator<<[m[K(int) [35m[K[with _CharT = char; _Traits = std::char_traits<char>][m[K[m[K' [[01;35m[K]8;;https://gcc.gnu.org/onlinedocs/gcc-15.3.0/gcc/C_002b_002b-Dialect-Options.html#index-Wno-sign-promo-Wsign-promo]8;;[m[K]
  267 |       << " (" #LHS "=" << _values.lhs << ", " #RHS "=" << _values.[01;35m[Krhs[m[K << ") "
      |                                                                   [01;35m[K^~~[m[K
[01m[Klibbase/include/android-base/logging.h:275:24:[m[K [01;36m[Knote: [m[Kin expansion of macro '[01m[KCHECK_OP[m[K'
  275 | #define CHECK_EQ(x, y) [01;36m[KCHECK_OP[m[K(x, y, == )
      |                        [01;36m[K^~~~~~~~[m[K
[01m[Kart/libelffile/elf/xz_utils.cc:95:3:[m[K [01;36m[Knote: [m[Kin expansion of macro '[01m[KCHECK_EQ[m[K'
   95 |   [01;36m[KCHECK_EQ[m[K(ret, LZMA_OK);
      |   [01;36m[K^~~~~~~~[m[K
[01m[Klibbase/include/android-base/logging.h:267:35:[m[K [01;35m[Kwarning: [m[Kpassing '[01m[Klzma_ret[m[K' chooses '[01m[Kint[m[K' over '[01m[Kunsigned int[m[K' [[01;35m[K]8;;https://gcc.gnu.org/onlinedocs/gcc-15.3.0/gcc/C_002b_002b-Dialect-Options.html#index-Wno-sign-promo-Wsign-promo]8;;[m[K]
  267 |       << " (" #LHS "=" << _values.[01;35m[Klhs[m[K << ", " #RHS "=" << _values.rhs << ") "
      |                                   [01;35m[K^~~[m[K
[01m[Klibbase/include/android-base/logging.h:275:24:[m[K [01;36m[Knote: [m[Kin expansion of macro '[01m[KCHECK_OP[m[K'
  275 | #define CHECK_EQ(x, y) [01;36m[KCHECK_OP[m[K(x, y, == )
      |                        [01;36m[K^~~~~~~~[m[K
[01m[Kart/libelffile/elf/xz_utils.cc:109:7:[m[K [01;36m[Knote: [m[Kin expansion of macro '[01m[KCHECK_EQ[m[K'
  109 |       [01;36m[KCHECK_EQ[m[K(ret, LZMA_STREAM_END);
      |       [01;36m[K^~~~~~~~[m[K
[01m[Klibbase/include/android-base/logging.h:267:35:[m[K [01;35m[Kwarning: [m[K  in call to '[01m[Kstd::basic_ostream<_Ch, _Tr>& std::basic_ostream<_CharT, _Traits>::[01;32m[Koperator<<[m[K(int) [35m[K[with _CharT = char; _Traits = std::char_traits<char>][m[K[m[K' [[01;35m[K]8;;https://gcc.gnu.org/onlinedocs/gcc-15.3.0/gcc/C_002b_002b-Dialect-Options.html#index-Wno-sign-promo-Wsign-promo]8;;[m[K]
  267 |       << " (" #LHS "=" << _values.[01;35m[Klhs[m[K << ", " #RHS "=" << _values.rhs << ") "
      |                                   [01;35m[K^~~[m[K
[01m[Klibbase/include/android-base/logging.h:275:24:[m[K [01;36m[Knote: [m[Kin expansion of macro '[01m[KCHECK_OP[m[K'
  275 | #define CHECK_EQ(x, y) [01;36m[KCHECK_OP[m[K(x, y, == )
      |                        [01;36m[K^~~~~~~~[m[K
[01m[Kart/libelffile/elf/xz_utils.cc:109:7:[m[K [01;36m[Knote: [m[Kin expansion of macro '[01m[KCHECK_EQ[m[K'
  109 |       [01;36m[KCHECK_EQ[m[K(ret, LZMA_STREAM_END);
      |       [01;36m[K^~~~~~~~[m[K
[01m[Klibbase/include/android-base/logging.h:267:67:[m[K [01;35m[Kwarning: [m[Kpassing '[01m[Klzma_ret[m[K' chooses '[01m[Kint[m[K' over '[01m[Kunsigned int[m[K' [[01;35m[K]8;;https://gcc.gnu.org/onlinedocs/gcc-15.3.0/gcc/C_002b_002b-Dialect-Options.html#index-Wno-sign-promo-Wsign-promo]8;;[m[K]
  267 |       << " (" #LHS "=" << _values.lhs << ", " #RHS "=" << _values.[01;35m[Krhs[m[K << ") "
      |                                                                   [01;35m[K^~~[m[K
[01m[Klibbase/include/android-base/logging.h:275:24:[m[K [01;36m[Knote: [m[Kin expansion of macro '[01m[KCHECK_OP[m[K'
  275 | #define CHECK_EQ(x, y) [01;36m[KCHECK_OP[m[K(x, y, == )
      |                        [01;36m[K^~~~~~~~[m[K
[01m[Kart/libelffile/elf/xz_utils.cc:109:7:[m[K [01;36m[Knote: [m[Kin expansion of macro '[01m[KCHECK_EQ[m[K'
  109 |       [01;36m[KCHECK_EQ[m[K(ret, LZMA_STREAM_END);
      |       [01;36m[K^~~~~~~~[m[K
[01m[Klibbase/include/android-base/logging.h:267:67:[m[K [01;35m[Kwarning: [m[K  in call to '[01m[Kstd::basic_ostream<_Ch, _Tr>& std::basic_ostream<_CharT, _Traits>::[01;32m[Koperator<<[m[K(int) [35m[K[with _CharT = char; _Traits = std::char_traits<char>][m[K[m[K' [[01;35m[K]8;;https://gcc.gnu.org/onlinedocs/gcc-15.3.0/gcc/C_002b_002b-Dialect-Options.html#index-Wno-sign-promo-Wsign-promo]8;;[m[K]
  267 |       << " (" #LHS "=" << _values.lhs << ", " #RHS "=" << _values.[01;35m[Krhs[m[K << ") "
      |                                                                   [01;35m[K^~~[m[K
[01m[Klibbase/include/android-base/logging.h:275:24:[m[K [01;36m[Knote: [m[Kin expansion of macro '[01m[KCHECK_OP[m[K'
  275 | #define CHECK_EQ(x, y) [01;36m[KCHECK_OP[m[K(x, y, == )
      |                        [01;36m[K^~~~~~~~[m[K
[01m[Kart/libelffile/elf/xz_utils.cc:109:7:[m[K [01;36m[Knote: [m[Kin expansion of macro '[01m[KCHECK_EQ[m[K'
  109 |       [01;36m[KCHECK_EQ[m[K(ret, LZMA_STREAM_END);
      |       [01;36m[K^~~~~~~~[m[K
[01m[Kart/libelffile/elf/xz_utils.cc:[m[K In function '[01m[Kvoid art::[01;32m[KXzDecompress[m[K(ArrayRef<const unsigned char>, std::vector<unsigned char>*)[m[K':
[01m[Klibbase/include/android-base/logging.h:267:35:[m[K [01;35m[Kwarning: [m[Kpassing '[01m[Klzma_ret[m[K' chooses '[01m[Kint[m[K' over '[01m[Kunsigned int[m[K' [[01;35m[K]8;;https://gcc.gnu.org/onlinedocs/gcc-15.3.0/gcc/C_002b_002b-Dialect-Options.html#index-Wno-sign-promo-Wsign-promo]8;;[m[K]
  267 |       << " (" #LHS "=" << _values.[01;35m[Klhs[m[K << ", " #RHS "=" << _values.rhs << ") "
      |                                   [01;35m[K^~~[m[K
[01m[Klibbase/include/android-base/logging.h:275:24:[m[K [01;36m[Knote: [m[Kin expansion of macro '[01m[KCHECK_OP[m[K'
  275 | #define CHECK_EQ(x, y) [01;36m[KCHECK_OP[m[K(x, y, == )
      |                        [01;36m[K^~~~~~~~[m[K
[01m[Kart/libelffile/elf/xz_utils.cc:159:3:[m[K [01;36m[Knote: [m[Kin expansion of macro '[01m[KCHECK_EQ[m[K'
  159 |   [01;36m[KCHECK_EQ[m[K(ret, LZMA_OK);
      |   [01;36m[K^~~~~~~~[m[K
[01m[Klibbase/include/android-base/logging.h:267:35:[m[K [01;35m[Kwarning: [m[K  in call to '[01m[Kstd::basic_ostream<_Ch, _Tr>& std::basic_ostream<_CharT, _Traits>::[01;32m[Koperator<<[m[K(int) [35m[K[with _CharT = char; _Traits = std::char_traits<char>][m[K[m[K' [[01;35m[K]8;;https://gcc.gnu.org/onlinedocs/gcc-15.3.0/gcc/C_002b_002b-Dialect-Options.html#index-Wno-sign-promo-Wsign-promo]8;;[m[K]
  267 |       << " (" #LHS "=" << _values.[01;35m[Klhs[m[K << ", " #RHS "=" << _values.rhs << ") "
      |                                   [01;35m[K^~~[m[K
[01m[Klibbase/include/android-base/logging.h:275:24:[m[K [01;36m[Knote: [m[Kin expansion of macro '[01m[KCHECK_OP[m[K'
  275 | #define CHECK_EQ(x, y) [01;36m[KCHECK_OP[m[K(x, y, == )
      |                        [01;36m[K^~~~~~~~[m[K
[01m[Kart/libelffile/elf/xz_utils.cc:159:3:[m[K [01;36m[Knote: [m[Kin expansion of macro '[01m[KCHECK_EQ[m[K'
  159 |   [01;36m[KCHECK_EQ[m[K(ret, LZMA_OK);
      |   [01;36m[K^~~~~~~~[m[K
[01m[Klibbase/include/android-base/logging.h:267:67:[m[K [01;35m[Kwarning: [m[Kpassing '[01m[Klzma_ret[m[K' chooses '[01m[Kint[m[K' over '[01m[Kunsigned int[m[K' [[01;35m[K]8;;https://gcc.gnu.org/onlinedocs/gcc-15.3.0/gcc/C_002b_002b-Dialect-Options.html#index-Wno-sign-promo-Wsign-promo]8;;[m[K]
  267 |       << " (" #LHS "=" << _values.lhs << ", " #RHS "=" << _values.[01;35m[Krhs[m[K << ") "
      |                                                                   [01;35m[K^~~[m[K
[01m[Klibbase/include/android-base/logging.h:275:24:[m[K [01;36m[Knote: [m[Kin expansion of macro '[01m[KCHECK_OP[m[K'
  275 | #define CHECK_EQ(x, y) [01;36m[KCHECK_OP[m[K(x, y, == )
      |                        [01;36m[K^~~~~~~~[m[K
[01m[Kart/libelffile/elf/xz_utils.cc:159:3:[m[K [01;36m[Knote: [m[Kin expansion of macro '[01m[KCHECK_EQ[m[K'
  159 |   [01;36m[KCHECK_EQ[m[K(ret, LZMA_OK);
      |   [01;36m[K^~~~~~~~[m[K
[01m[Klibbase/include/android-base/logging.h:267:67:[m[K [01;35m[Kwarning: [m[K  in call to '[01m[Kstd::basic_ostream<_Ch, _Tr>& std::basic_ostream<_CharT, _Traits>::[01;32m[Koperator<<[m[K(int) [35m[K[with _CharT = char; _Traits = std::char_traits<char>][m[K[m[K' [[01;35m[K]8;;https://gcc.gnu.org/onlinedocs/gcc-15.3.0/gcc/C_002b_002b-Dialect-Options.html#index-Wno-sign-promo-Wsign-promo]8;;[m[K]
  267 |       << " (" #LHS "=" << _values.lhs << ", " #RHS "=" << _values.[01;35m[Krhs[m[K << ") "
      |                                                                   [01;35m[K^~~[m[K
[01m[Klibbase/include/android-base/logging.h:275:24:[m[K [01;36m[Knote: [m[Kin expansion of macro '[01m[KCHECK_OP[m[K'
  275 | #define CHECK_EQ(x, y) [01;36m[KCHECK_OP[m[K(x, y, == )
      |                        [01;36m[K^~~~~~~~[m[K
[01m[Kart/libelffile/elf/xz_utils.cc:159:3:[m[K [01;36m[Knote: [m[Kin expansion of macro '[01m[KCHECK_EQ[m[K'
  159 |   [01;36m[KCHECK_EQ[m[K(ret, LZMA_OK);
      |   [01;36m[K^~~~~~~~[m[K
[01m[Klibbase/include/android-base/logging.h:267:35:[m[K [01;35m[Kwarning: [m[Kpassing '[01m[Klzma_ret[m[K' chooses '[01m[Kint[m[K' over '[01m[Kunsigned int[m[K' [[01;35m[K]8;;https://gcc.gnu.org/onlinedocs/gcc-15.3.0/gcc/C_002b_002b-Dialect-Options.html#index-Wno-sign-promo-Wsign-promo]8;;[m[K]
  267 |       << " (" #LHS "=" << _values.[01;35m[Klhs[m[K << ", " #RHS "=" << _values.rhs << ") "
      |                                   [01;35m[K^~~[m[K
[01m[Klibbase/include/android-base/logging.h:275:24:[m[K [01;36m[Knote: [m[Kin expansion of macro '[01m[KCHECK_OP[m[K'
  275 | #define CHECK_EQ(x, y) [01;36m[KCHECK_OP[m[K(x, y, == )
      |                        [01;36m[K^~~~~~~~[m[K
[01m[Kart/libelffile/elf/xz_utils.cc:173:7:[m[K [01;36m[Knote: [m[Kin expansion of macro '[01m[KCHECK_EQ[m[K'
  173 |       [01;36m[KCHECK_EQ[m[K(ret, LZMA_STREAM_END);
      |       [01;36m[K^~~~~~~~[m[K
[01m[Klibbase/include/android-base/logging.h:267:35:[m[K [01;35m[Kwarning: [m[K  in call to '[01m[Kstd::basic_ostream<_Ch, _Tr>& std::basic_ostream<_CharT, _Traits>::[01;32m[Koperator<<[m[K(int) [35m[K[with _CharT = char; _Traits = std::char_traits<char>][m[K[m[K' [[01;35m[K]8;;https://gcc.gnu.org/onlinedocs/gcc-15.3.0/gcc/C_002b_002b-Dialect-Options.html#index-Wno-sign-promo-Wsign-promo]8;;[m[K]
  267 |       << " (" #LHS "=" << _values.[01;35m[Klhs[m[K << ", " #RHS "=" << _values.rhs << ") "
      |                                   [01;35m[K^~~[m[K
[01m[Klibbase/include/android-base/logging.h:275:24:[m[K [01;36m[Knote: [m[Kin expansion of macro '[01m[KCHECK_OP[m[K'
  275 | #define CHECK_EQ(x, y) [01;36m[KCHECK_OP[m[K(x, y, == )
      |                        [01;36m[K^~~~~~~~[m[K
[01m[Kart/libelffile/elf/xz_utils.cc:173:7:[m[K [01;36m[Knote: [m[Kin expansion of macro '[01m[KCHECK_EQ[m[K'
  173 |       [01;36m[KCHECK_EQ[m[K(ret, LZMA_STREAM_END);
      |       [01;36m[K^~~~~~~~[m[K
[01m[Klibbase/include/android-base/logging.h:267:67:[m[K [01;35m[Kwarning: [m[Kpassing '[01m[Klzma_ret[m[K' chooses '[01m[Kint[m[K' over '[01m[Kunsigned int[m[K' [[01;35m[K]8;;https://gcc.gnu.org/onlinedocs/gcc-15.3.0/gcc/C_002b_002b-Dialect-Options.html#index-Wno-sign-promo-Wsign-promo]8;;[m[K]
  267 |       << " (" #LHS "=" << _values.lhs << ", " #RHS "=" << _values.[01;35m[Krhs[m[K << ") "
      |                                                                   [01;35m[K^~~[m[K
[01m[Klibbase/include/android-base/logging.h:275:24:[m[K [01;36m[Knote: [m[Kin expansion of macro '[01m[KCHECK_OP[m[K'
  275 | #define CHECK_EQ(x, y) [01;36m[KCHECK_OP[m[K(x, y, == )
      |                        [01;36m[K^~~~~~~~[m[K
[01m[Kart/libelffile/elf/xz_utils.cc:173:7:[m[K [01;36m[Knote: [m[Kin expansion of macro '[01m[KCHECK_EQ[m[K'
  173 |       [01;36m[KCHECK_EQ[m[K(ret, LZMA_STREAM_END);
      |       [01;36m[K^~~~~~~~[m[K
[01m[Klibbase/include/android-base/logging.h:267:67:[m[K [01;35m[Kwarning: [m[K  in call to '[01m[Kstd::basic_ostream<_Ch, _Tr>& std::basic_ostream<_CharT, _Traits>::[01;32m[Koperator<<[m[K(int) [35m[K[with _CharT = char; _Traits = std::char_traits<char>][m[K[m[K' [[01;35m[K]8;;https://gcc.gnu.org/onlinedocs/gcc-15.3.0/gcc/C_002b_002b-Dialect-Options.html#index-Wno-sign-promo-Wsign-promo]8;;[m[K]
  267 |       << " (" #LHS "=" << _values.lhs << ", " #RHS "=" << _values.[01;35m[Krhs[m[K << ") "
      |                                                                   [01;35m[K^~~[m[K
[01m[Klibbase/include/android-base/logging.h:275:24:[m[K [01;36m[Knote: [m[Kin expansion of macro '[01m[KCHECK_OP[m[K'
  275 | #define CHECK_EQ(x, y) [01;36m[KCHECK_OP[m[K(x, y, == )
      |                        [01;36m[K^~~~~~~~[m[K
[01m[Kart/libelffile/elf/xz_utils.cc:173:7:[m[K [01;36m[Knote: [m[Kin expansion of macro '[01m[KCHECK_EQ[m[K'
  173 |       [01;36m[KCHECK_EQ[m[K(ret, LZMA_STREAM_END);
      |       [01;36m[K^~~~~~~~[m[K
[01m[Kcc1plus:[m[K [01;35m[Kwarning: [m[Kcommand-line option '[01m[K]8;;https://gcc.gnu.org/onlinedocs/gcc-15.3.0/gcc/Warning-Options.html#index-Wimplicit-function-declaration-Wno-implicit-function-declaration]8;;[m[K' is valid for C/ObjC but not for C++
In file included from [01m[Kart/libartbase/base/macros.h:24[m[K,
                 from [01m[Kart/libartbase/base/unix_file/fd_file.h:24[m[K,
                 from [01m[Kart/dexlayout/dex_writer.h:26[m[K,
                 from [01m[Kart/dexlayout/dex_writer.cc:17[m[K:
[01m[Klibbase/include/android-base/thread_annotations.h:[m[K In constructor '[01m[Kandroid::base::ScopedLockAssertion::[01;32m[KScopedLockAssertion[m[K(std::mutex&)[m[K':
[01m[Klibbase/include/android-base/thread_annotations.h:143:35:[m[K [01;35m[Kwarning: [m[Kunused parameter '[01m[Kmutex[m[K' [[01;35m[K]8;;https://gcc.gnu.org/onlinedocs/gcc-15.3.0/gcc/Warning-Options.html#index-Wno-unused-parameter-Wunused-parameter]8;;[m[K]
  143 |   ScopedLockAssertion([01;35m[Kstd::mutex& mutex[m[K) ACQUIRE(mutex) {}
      |                       [01;35m[K~~~~~~~~~~~~^~~~~[m[K
host C++: libjavacore <= libcore/luni/src/main/native/org_apache_harmony_xml_ExpatParser.cpp
In file included from [01m[Kart/libartbase/base/macros.h:24[m[K,
                 from [01m[Kart/libartbase/base/leb128.h:26[m[K,
                 from [01m[Kart/dexlayout/dex_ir.h:27[m[K,
                 from [01m[Kart/dexlayout/dex_verify.h:24[m[K,
                 from [01m[Kart/dexlayout/dex_verify.cc:21[m[K:
[01m[Klibbase/include/android-base/thread_annotations.h:[m[K In constructor '[01m[Kandroid::base::ScopedLockAssertion::[01;32m[KScopedLockAssertion[m[K(std::mutex&)[m[K':
[01m[Klibbase/include/android-base/thread_annotations.h:143:35:[m[K [01;35m[Kwarning: [m[Kunused parameter '[01m[Kmutex[m[K' [[01;35m[K]8;;https://gcc.gnu.org/onlinedocs/gcc-15.3.0/gcc/Warning-Options.html#index-Wno-unused-parameter-Wunused-parameter]8;;[m[K]
  143 |   ScopedLockAssertion([01;35m[Kstd::mutex& mutex[m[K) ACQUIRE(mutex) {}
      |                       [01;35m[K~~~~~~~~~~~~^~~~~[m[K
[01m[Kcc1plus:[m[K [01;35m[Kwarning: [m[Kcommand-line option '[01m[K]8;;https://gcc.gnu.org/onlinedocs/gcc-15.3.0/gcc/Warning-Options.html#index-Wimplicit-function-declaration-Wno-implicit-function-declaration]8;;[m[K' is valid for C/ObjC but not for C++
host C++: libjavacore <= libcore/luni/src/main/native/sun_misc_Unsafe.cpp
In file included from [01m[Kart/libartbase/base/macros.h:24[m[K,
                 from [01m[Kart/libartbase/base/leb128.h:26[m[K,
                 from [01m[Kart/dexlayout/dex_ir.h:27[m[K,
                 from [01m[Kart/dexlayout/dex_ir_builder.h:22[m[K,
                 from [01m[Kart/dexlayout/dex_ir_builder.cc:23[m[K:
[01m[Klibbase/include/android-base/thread_annotations.h:[m[K In constructor '[01m[Kandroid::base::ScopedLockAssertion::[01;32m[KScopedLockAssertion[m[K(std::mutex&)[m[K':
[01m[Klibbase/include/android-base/thread_annotations.h:143:35:[m[K [01;35m[Kwarning: [m[Kunused parameter '[01m[Kmutex[m[K' [[01;35m[K]8;;https://gcc.gnu.org/onlinedocs/gcc-15.3.0/gcc/Warning-Options.html#index-Wno-unused-parameter-Wunused-parameter]8;;[m[K]
  143 |   ScopedLockAssertion([01;35m[Kstd::mutex& mutex[m[K) ACQUIRE(mutex) {}
      |                       [01;35m[K~~~~~~~~~~~~^~~~~[m[K
In file included from [01m[Kart/libartbase/base/macros.h:24[m[K,
                 from [01m[Kart/libartbase/base/leb128.h:26[m[K,
                 from [01m[Kart/dexlayout/dex_ir.h:27[m[K,
                 from [01m[Kart/dexlayout/dex_ir.cc:23[m[K:
[01m[Klibbase/include/android-base/thread_annotations.h:[m[K In constructor '[01m[Kandroid::base::ScopedLockAssertion::[01;32m[KScopedLockAssertion[m[K(std::mutex&)[m[K':
[01m[Klibbase/include/android-base/thread_annotations.h:143:35:[m[K [01;35m[Kwarning: [m[Kunused parameter '[01m[Kmutex[m[K' [[01;35m[K]8;;https://gcc.gnu.org/onlinedocs/gcc-15.3.0/gcc/Warning-Options.html#index-Wno-unused-parameter-Wunused-parameter]8;;[m[K]
  143 |   ScopedLockAssertion([01;35m[Kstd::mutex& mutex[m[K) ACQUIRE(mutex) {}
      |                       [01;35m[K~~~~~~~~~~~~^~~~~[m[K
Import includes file: out/host/linux-x86/obj/SHARED_LIBRARIES/libopenjdk_intermediates/import_includes
host C++: libjavacore <= libcore/luni/src/main/native/valueOf.cpp
[01m[Kcc1plus:[m[K [01;35m[Kwarning: [m[Kcommand-line option '[01m[K]8;;https://gcc.gnu.org/onlinedocs/gcc-15.3.0/gcc/Warning-Options.html#index-Wimplicit-function-declaration-Wno-implicit-function-declaration]8;;[m[K' is valid for C/ObjC but not for C++
In file included from [01m[Kart/libartbase/base/macros.h:24[m[K,
                 from [01m[Kart/libartbase/base/leb128.h:26[m[K,
                 from [01m[Kart/dexlayout/dex_ir.h:27[m[K,
                 from [01m[Kart/dexlayout/dex_visualize.cc:34[m[K:
[01m[Klibbase/include/android-base/thread_annotations.h:[m[K In constructor '[01m[Kandroid::base::ScopedLockAssertion::[01;32m[KScopedLockAssertion[m[K(std::mutex&)[m[K':
[01m[Klibbase/include/android-base/thread_annotations.h:143:35:[m[K [01;35m[Kwarning: [m[Kunused parameter '[01m[Kmutex[m[K' [[01;35m[K]8;;https://gcc.gnu.org/onlinedocs/gcc-15.3.0/gcc/Warning-Options.html#index-Wno-unused-parameter-Wunused-parameter]8;;[m[K]
  143 |   ScopedLockAssertion([01;35m[Kstd::mutex& mutex[m[K) ACQUIRE(mutex) {}
      |                       [01;35m[K~~~~~~~~~~~~^~~~~[m[K
[01m[Kcc1plus:[m[K [01;35m[Kwarning: [m[Kcommand-line option '[01m[K]8;;https://gcc.gnu.org/onlinedocs/gcc-15.3.0/gcc/Warning-Options.html#index-Wimplicit-function-declaration-Wno-implicit-function-declaration]8;;[m[K' is valid for C/ObjC but not for C++
host C++: libopenjdkjvm <= art/openjdkjvm/OpenjdkJvm.cc
In file included from [01m[Kart/libdexfile/dex/compact_dex_level.h:22[m[K,
                 from [01m[Kart/dexlayout/dex_writer.h:27[m[K:
[01m[Kart/libdexfile/dex/dex_file.h:[m[K At global scope:
[01m[Kart/libdexfile/dex/dex_file.h:981:15:[m[K [01;35m[Kwarning: [m[Kredundant redeclaration of '[01m[Kstd::ostream& art::[01;32m[Koperator<<[m[K(std::ostream&, const EncodedArrayValueIterator::ValueType&)[m[K' in same scope [[01;35m[K]8;;https://gcc.gnu.org/onlinedocs/gcc-15.3.0/gcc/Warning-Options.html#index-Wno-redundant-decls-Wredundant-decls]8;;[m[K]
  981 | std::ostream& [01;35m[Koperator[m[K<<(std::ostream& os, const EncodedStaticFieldValueIterator::ValueType& code);
      |               [01;35m[K^~~~~~~~[m[K
[01m[Kart/libdexfile/dex/dex_file.h:968:15:[m[K [01;36m[Knote: [m[Kprevious declaration of '[01m[Kstd::ostream& art::[01;32m[Koperator<<[m[K(std::ostream&, const EncodedArrayValueIterator::ValueType&)[m[K'
  968 | std::ostream& [01;36m[Koperator[m[K<<(std::ostream& os, const EncodedArrayValueIterator::ValueType& code);
      |               [01;36m[K^~~~~~~~[m[K
[01m[Kart/libdexfile/dex/dex_file.h:996:15:[m[K [01;35m[Kwarning: [m[Kredundant redeclaration of '[01m[Kstd::ostream& art::[01;32m[Koperator<<[m[K(std::ostream&, const EncodedArrayValueIterator::ValueType&)[m[K' in same scope [[01;35m[K]8;;https://gcc.gnu.org/onlinedocs/gcc-15.3.0/gcc/Warning-Options.html#index-Wno-redundant-decls-Wredundant-decls]8;;[m[K]
  996 | std::ostream& [01;35m[Koperator[m[K<<(std::ostream& os, const CallSiteArrayValueIterator::ValueType& code);
      |               [01;35m[K^~~~~~~~[m[K
[01m[Kart/libdexfile/dex/dex_file.h:981:15:[m[K [01;36m[Knote: [m[Kprevious declaration of '[01m[Kstd::ostream& art::[01;32m[Koperator<<[m[K(std::ostream&, const EncodedArrayValueIterator::ValueType&)[m[K'
  981 | std::ostream& [01;36m[Koperator[m[K<<(std::ostream& os, const EncodedStaticFieldValueIterator::ValueType& code);
      |               [01;36m[K^~~~~~~~[m[K
[01m[Kcc1plus:[m[K [01;35m[Kwarning: [m[Kcommand-line option '[01m[K]8;;https://gcc.gnu.org/onlinedocs/gcc-15.3.0/gcc/Warning-Options.html#index-Wimplicit-function-declaration-Wno-implicit-function-declaration]8;;[m[K' is valid for C/ObjC but not for C++
In file included from [01m[Kart/libdexfile/dex/compact_dex_level.h:22[m[K,
                 from [01m[Kart/dexlayout/dex_writer.h:27[m[K,
                 from [01m[Kart/dexlayout/compact_dex_writer.h:26[m[K:
[01m[Kart/libdexfile/dex/dex_file.h:[m[K At global scope:
[01m[Kart/libdexfile/dex/dex_file.h:981:15:[m[K [01;35m[Kwarning: [m[Kredundant redeclaration of '[01m[Kstd::ostream& art::[01;32m[Koperator<<[m[K(std::ostream&, const EncodedArrayValueIterator::ValueType&)[m[K' in same scope [[01;35m[K]8;;https://gcc.gnu.org/onlinedocs/gcc-15.3.0/gcc/Warning-Options.html#index-Wno-redundant-decls-Wredundant-decls]8;;[m[K]
  981 | std::ostream& [01;35m[Koperator[m[K<<(std::ostream& os, const EncodedStaticFieldValueIterator::ValueType& code);
      |               [01;35m[K^~~~~~~~[m[K
[01m[Kart/libdexfile/dex/dex_file.h:968:15:[m[K [01;36m[Knote: [m[Kprevious declaration of '[01m[Kstd::ostream& art::[01;32m[Koperator<<[m[K(std::ostream&, const EncodedArrayValueIterator::ValueType&)[m[K'
  968 | std::ostream& [01;36m[Koperator[m[K<<(std::ostream& os, const EncodedArrayValueIterator::ValueType& code);
      |               [01;36m[K^~~~~~~~[m[K
[01m[Kart/libdexfile/dex/dex_file.h:996:15:[m[K [01;35m[Kwarning: [m[Kredundant redeclaration of '[01m[Kstd::ostream& art::[01;32m[Koperator<<[m[K(std::ostream&, const EncodedArrayValueIterator::ValueType&)[m[K' in same scope [[01;35m[K]8;;https://gcc.gnu.org/onlinedocs/gcc-15.3.0/gcc/Warning-Options.html#index-Wno-redundant-decls-Wredundant-decls]8;;[m[K]
  996 | std::ostream& [01;35m[Koperator[m[K<<(std::ostream& os, const CallSiteArrayValueIterator::ValueType& code);
      |               [01;35m[K^~~~~~~~[m[K
[01m[Kart/libdexfile/dex/dex_file.h:981:15:[m[K [01;36m[Knote: [m[Kprevious declaration of '[01m[Kstd::ostream& art::[01;32m[Koperator<<[m[K(std::ostream&, const EncodedArrayValueIterator::ValueType&)[m[K'
  981 | std::ostream& [01;36m[Koperator[m[K<<(std::ostream& os, const EncodedStaticFieldValueIterator::ValueType& code);
      |               [01;36m[K^~~~~~~~[m[K
In file included from [01m[Kart/libartbase/base/macros.h:24[m[K,
                 from [01m[Kart/libdexfile/dex/dex_file.h:30[m[K,
                 from [01m[Kart/libdexfile/dex/compact_dex_level.h:22[m[K,
                 from [01m[Kart/dexlayout/dexlayout.h:32[m[K,
                 from [01m[Kart/dexlayout/dexlayout.cc:23[m[K:
[01m[Klibbase/include/android-base/thread_annotations.h:[m[K In constructor '[01m[Kandroid::base::ScopedLockAssertion::[01;32m[KScopedLockAssertion[m[K(std::mutex&)[m[K':
[01m[Klibbase/include/android-base/thread_annotations.h:143:35:[m[K [01;35m[Kwarning: [m[Kunused parameter '[01m[Kmutex[m[K' [[01;35m[K]8;;https://gcc.gnu.org/onlinedocs/gcc-15.3.0/gcc/Warning-Options.html#index-Wno-unused-parameter-Wunused-parameter]8;;[m[K]
  143 |   ScopedLockAssertion([01;35m[Kstd::mutex& mutex[m[K) ACQUIRE(mutex) {}
      |                       [01;35m[K~~~~~~~~~~~~^~~~~[m[K
host C: libfdlibm <= external/fdlibm/k_standard.c
In file included from [01m[Kart/libdexfile/dex/dex_file-inl.h:20[m[K,
                 from [01m[Kart/dexlayout/dex_ir.h:30[m[K:
[01m[Kart/libdexfile/dex/dex_file.h:[m[K At global scope:
[01m[Kart/libdexfile/dex/dex_file.h:981:15:[m[K [01;35m[Kwarning: [m[Kredundant redeclaration of '[01m[Kstd::ostream& art::[01;32m[Koperator<<[m[K(std::ostream&, const EncodedArrayValueIterator::ValueType&)[m[K' in same scope [[01;35m[K]8;;https://gcc.gnu.org/onlinedocs/gcc-15.3.0/gcc/Warning-Options.html#index-Wno-redundant-decls-Wredundant-decls]8;;[m[K]
  981 | std::ostream& [01;35m[Koperator[m[K<<(std::ostream& os, const EncodedStaticFieldValueIterator::ValueType& code);
      |               [01;35m[K^~~~~~~~[m[K
[01m[Kart/libdexfile/dex/dex_file.h:968:15:[m[K [01;36m[Knote: [m[Kprevious declaration of '[01m[Kstd::ostream& art::[01;32m[Koperator<<[m[K(std::ostream&, const EncodedArrayValueIterator::ValueType&)[m[K'
  968 | std::ostream& [01;36m[Koperator[m[K<<(std::ostream& os, const EncodedArrayValueIterator::ValueType& code);
      |               [01;36m[K^~~~~~~~[m[K
[01m[Kart/libdexfile/dex/dex_file.h:996:15:[m[K [01;35m[Kwarning: [m[Kredundant redeclaration of '[01m[Kstd::ostream& art::[01;32m[Koperator<<[m[K(std::ostream&, const EncodedArrayValueIterator::ValueType&)[m[K' in same scope [[01;35m[K]8;;https://gcc.gnu.org/onlinedocs/gcc-15.3.0/gcc/Warning-Options.html#index-Wno-redundant-decls-Wredundant-decls]8;;[m[K]
  996 | std::ostream& [01;35m[Koperator[m[K<<(std::ostream& os, const CallSiteArrayValueIterator::ValueType& code);
      |               [01;35m[K^~~~~~~~[m[K
[01m[Kart/libdexfile/dex/dex_file.h:981:15:[m[K [01;36m[Knote: [m[Kprevious declaration of '[01m[Kstd::ostream& art::[01;32m[Koperator<<[m[K(std::ostream&, const EncodedArrayValueIterator::ValueType&)[m[K'
  981 | std::ostream& [01;36m[Koperator[m[K<<(std::ostream& os, const EncodedStaticFieldValueIterator::ValueType& code);
      |               [01;36m[K^~~~~~~~[m[K
host C: libfdlibm <= external/fdlibm/k_rem_pio2.c
In file included from [01m[Kart/libdexfile/dex/dex_file-inl.h:20[m[K,
                 from [01m[Kart/dexlayout/dex_ir.h:30[m[K:
[01m[Kart/libdexfile/dex/dex_file.h:[m[K At global scope:
[01m[Kart/libdexfile/dex/dex_file.h:981:15:[m[K [01;35m[Kwarning: [m[Kredundant redeclaration of '[01m[Kstd::ostream& art::[01;32m[Koperator<<[m[K(std::ostream&, const EncodedArrayValueIterator::ValueType&)[m[K' in same scope [[01;35m[K]8;;https://gcc.gnu.org/onlinedocs/gcc-15.3.0/gcc/Warning-Options.html#index-Wno-redundant-decls-Wredundant-decls]8;;[m[K]
  981 | std::ostream& [01;35m[Koperator[m[K<<(std::ostream& os, const EncodedStaticFieldValueIterator::ValueType& code);
      |               [01;35m[K^~~~~~~~[m[K
[01m[Kart/libdexfile/dex/dex_file.h:968:15:[m[K [01;36m[Knote: [m[Kprevious declaration of '[01m[Kstd::ostream& art::[01;32m[Koperator<<[m[K(std::ostream&, const EncodedArrayValueIterator::ValueType&)[m[K'
  968 | std::ostream& [01;36m[Koperator[m[K<<(std::ostream& os, const EncodedArrayValueIterator::ValueType& code);
      |               [01;36m[K^~~~~~~~[m[K
[01m[Kart/libdexfile/dex/dex_file.h:996:15:[m[K [01;35m[Kwarning: [m[Kredundant redeclaration of '[01m[Kstd::ostream& art::[01;32m[Koperator<<[m[K(std::ostream&, const EncodedArrayValueIterator::ValueType&)[m[K' in same scope [[01;35m[K]8;;https://gcc.gnu.org/onlinedocs/gcc-15.3.0/gcc/Warning-Options.html#index-Wno-redundant-decls-Wredundant-decls]8;;[m[K]
  996 | std::ostream& [01;35m[Koperator[m[K<<(std::ostream& os, const CallSiteArrayValueIterator::ValueType& code);
      |               [01;35m[K^~~~~~~~[m[K
[01m[Kart/libdexfile/dex/dex_file.h:981:15:[m[K [01;36m[Knote: [m[Kprevious declaration of '[01m[Kstd::ostream& art::[01;32m[Koperator<<[m[K(std::ostream&, const EncodedArrayValueIterator::ValueType&)[m[K'
  981 | std::ostream& [01;36m[Koperator[m[K<<(std::ostream& os, const EncodedStaticFieldValueIterator::ValueType& code);
      |               [01;36m[K^~~~~~~~[m[K
[01m[Kart/libdexfile/dex/dex_file.h:[m[K At global scope:
[01m[Kart/libdexfile/dex/dex_file.h:981:15:[m[K [01;35m[Kwarning: [m[Kredundant redeclaration of '[01m[Kstd::ostream& art::[01;32m[Koperator<<[m[K(std::ostream&, const EncodedArrayValueIterator::ValueType&)[m[K' in same scope [[01;35m[K]8;;https://gcc.gnu.org/onlinedocs/gcc-15.3.0/gcc/Warning-Options.html#index-Wno-redundant-decls-Wredundant-decls]8;;[m[K]
  981 | std::ostream& [01;35m[Koperator[m[K<<(std::ostream& os, const EncodedStaticFieldValueIterator::ValueType& code);
      |               [01;35m[K^~~~~~~~[m[K
[01m[Kart/libdexfile/dex/dex_file.h:968:15:[m[K [01;36m[Knote: [m[Kprevious declaration of '[01m[Kstd::ostream& art::[01;32m[Koperator<<[m[K(std::ostream&, const EncodedArrayValueIterator::ValueType&)[m[K'
  968 | std::ostream& [01;36m[Koperator[m[K<<(std::ostream& os, const EncodedArrayValueIterator::ValueType& code);
      |               [01;36m[K^~~~~~~~[m[K
[01m[Kart/libdexfile/dex/dex_file.h:996:15:[m[K [01;35m[Kwarning: [m[Kredundant redeclaration of '[01m[Kstd::ostream& art::[01;32m[Koperator<<[m[K(std::ostream&, const EncodedArrayValueIterator::ValueType&)[m[K' in same scope [[01;35m[K]8;;https://gcc.gnu.org/onlinedocs/gcc-15.3.0/gcc/Warning-Options.html#index-Wno-redundant-decls-Wredundant-decls]8;;[m[K]
  996 | std::ostream& [01;35m[Koperator[m[K<<(std::ostream& os, const CallSiteArrayValueIterator::ValueType& code);
      |               [01;35m[K^~~~~~~~[m[K
[01m[Kart/libdexfile/dex/dex_file.h:981:15:[m[K [01;36m[Knote: [m[Kprevious declaration of '[01m[Kstd::ostream& art::[01;32m[Koperator<<[m[K(std::ostream&, const EncodedArrayValueIterator::ValueType&)[m[K'
  981 | std::ostream& [01;36m[Koperator[m[K<<(std::ostream& os, const EncodedStaticFieldValueIterator::ValueType& code);
      |               [01;36m[K^~~~~~~~[m[K
host C: libfdlibm <= external/fdlibm/k_cos.c
In file included from [01m[Kart/libdexfile/dex/dex_file-inl.h:20[m[K,
                 from [01m[Kart/dexlayout/dex_ir.h:30[m[K:
[01m[Kart/libdexfile/dex/dex_file.h:[m[K At global scope:
[01m[Kart/libdexfile/dex/dex_file.h:981:15:[m[K [01;35m[Kwarning: [m[Kredundant redeclaration of '[01m[Kstd::ostream& art::[01;32m[Koperator<<[m[K(std::ostream&, const EncodedArrayValueIterator::ValueType&)[m[K' in same scope [[01;35m[K]8;;https://gcc.gnu.org/onlinedocs/gcc-15.3.0/gcc/Warning-Options.html#index-Wno-redundant-decls-Wredundant-decls]8;;[m[K]
  981 | std::ostream& [01;35m[Koperator[m[K<<(std::ostream& os, const EncodedStaticFieldValueIterator::ValueType& code);
      |               [01;35m[K^~~~~~~~[m[K
[01m[Kart/libdexfile/dex/dex_file.h:968:15:[m[K [01;36m[Knote: [m[Kprevious declaration of '[01m[Kstd::ostream& art::[01;32m[Koperator<<[m[K(std::ostream&, const EncodedArrayValueIterator::ValueType&)[m[K'
  968 | std::ostream& [01;36m[Koperator[m[K<<(std::ostream& os, const EncodedArrayValueIterator::ValueType& code);
      |               [01;36m[K^~~~~~~~[m[K
[01m[Kart/libdexfile/dex/dex_file.h:996:15:[m[K [01;35m[Kwarning: [m[Kredundant redeclaration of '[01m[Kstd::ostream& art::[01;32m[Koperator<<[m[K(std::ostream&, const EncodedArrayValueIterator::ValueType&)[m[K' in same scope [[01;35m[K]8;;https://gcc.gnu.org/onlinedocs/gcc-15.3.0/gcc/Warning-Options.html#index-Wno-redundant-decls-Wredundant-decls]8;;[m[K]
  996 | std::ostream& [01;35m[Koperator[m[K<<(std::ostream& os, const CallSiteArrayValueIterator::ValueType& code);
      |               [01;35m[K^~~~~~~~[m[K
[01m[Kart/libdexfile/dex/dex_file.h:981:15:[m[K [01;36m[Knote: [m[Kprevious declaration of '[01m[Kstd::ostream& art::[01;32m[Koperator<<[m[K(std::ostream&, const EncodedArrayValueIterator::ValueType&)[m[K'
  981 | std::ostream& [01;36m[Koperator[m[K<<(std::ostream& os, const EncodedStaticFieldValueIterator::ValueType& code);
      |               [01;36m[K^~~~~~~~[m[K
In file included from [01m[Kart/libdexfile/dex/dex_file-inl.h:20[m[K,
                 from [01m[Kart/dexlayout/dex_ir.h:30[m[K:
[01m[Kart/libdexfile/dex/dex_file.h:[m[K At global scope:
[01m[Kart/libdexfile/dex/dex_file.h:981:15:[m[K [01;35m[Kwarning: [m[Kredundant redeclaration of '[01m[Kstd::ostream& art::[01;32m[Koperator<<[m[K(std::ostream&, const EncodedArrayValueIterator::ValueType&)[m[K' in same scope [[01;35m[K]8;;https://gcc.gnu.org/onlinedocs/gcc-15.3.0/gcc/Warning-Options.html#index-Wno-redundant-decls-Wredundant-decls]8;;[m[K]
  981 | std::ostream& [01;35m[Koperator[m[K<<(std::ostream& os, const EncodedStaticFieldValueIterator::ValueType& code);
      |               [01;35m[K^~~~~~~~[m[K
[01m[Kart/libdexfile/dex/dex_file.h:968:15:[m[K [01;36m[Knote: [m[Kprevious declaration of '[01m[Kstd::ostream& art::[01;32m[Koperator<<[m[K(std::ostream&, const EncodedArrayValueIterator::ValueType&)[m[K'
  968 | std::ostream& [01;36m[Koperator[m[K<<(std::ostream& os, const EncodedArrayValueIterator::ValueType& code);
      |               [01;36m[K^~~~~~~~[m[K
[01m[Kart/libdexfile/dex/dex_file.h:996:15:[m[K [01;35m[Kwarning: [m[Kredundant redeclaration of '[01m[Kstd::ostream& art::[01;32m[Koperator<<[m[K(std::ostream&, const EncodedArrayValueIterator::ValueType&)[m[K' in same scope [[01;35m[K]8;;https://gcc.gnu.org/onlinedocs/gcc-15.3.0/gcc/Warning-Options.html#index-Wno-redundant-decls-Wredundant-decls]8;;[m[K]
  996 | std::ostream& [01;35m[Koperator[m[K<<(std::ostream& os, const CallSiteArrayValueIterator::ValueType& code);
      |               [01;35m[K^~~~~~~~[m[K
[01m[Kart/libdexfile/dex/dex_file.h:981:15:[m[K [01;36m[Knote: [m[Kprevious declaration of '[01m[Kstd::ostream& art::[01;32m[Koperator<<[m[K(std::ostream&, const EncodedArrayValueIterator::ValueType&)[m[K'
  981 | std::ostream& [01;36m[Koperator[m[K<<(std::ostream& os, const EncodedStaticFieldValueIterator::ValueType& code);
      |               [01;36m[K^~~~~~~~[m[K
host C: libfdlibm <= external/fdlibm/k_sin.c
[01m[Kexternal/fdlibm/k_rem_pio2.c:[m[K In function '[01m[K__kernel_rem_pio2[m[K':
[01m[Kexternal/fdlibm/k_rem_pio2.c:188:13:[m[K [01;35m[Kwarning: [m[Kthis '[01m[Kfor[m[K' clause does not guard... [[01;35m[K]8;;https://gcc.gnu.org/onlinedocs/gcc-15.3.0/gcc/Warning-Options.html#index-Wmisleading-indentation-Wmisleading-indentation]8;;[m[K]
  188 |             [01;35m[Kfor[m[K(j=0,fw=0.0;j<=jx;j++) fw += x[j]*f[jx+i-j]; q[i] = fw;
      |             [01;35m[K^~~[m[K
[01m[Kexternal/fdlibm/k_rem_pio2.c:188:61:[m[K [01;36m[Knote: [m[K...this statement, but the latter is misleadingly indented as if it were guarded by the '[01m[Kfor[m[K'
  188 |             for(j=0,fw=0.0;j<=jx;j++) fw += x[j]*f[jx+i-j]; [01;36m[Kq[m[K[i] = fw;
      |                                                             [01;36m[K^[m[K
host C: libfdlibm <= external/fdlibm/k_tan.c
host C: libfdlibm <= external/fdlibm/e_acos.c
[01m[Kexternal/fdlibm/k_standard.c:[m[K In function '[01m[K__kernel_standard[m[K':
[01m[Kexternal/fdlibm/k_standard.c:732:19:[m[K [01;35m[Kwarning: [m[K'[01m[Kexc.retval[m[K' may be used uninitialized [[01;35m[K]8;;https://gcc.gnu.org/onlinedocs/gcc-15.3.0/gcc/Warning-Options.html#index-Wmaybe-uninitialized-Wmaybe-uninitialized]8;;[m[K]
  732 |         return [01;35m[Kexc.retval[m[K;
      |                [01;35m[K~~~^~~~~~~[m[K
[01m[Kexternal/fdlibm/k_standard.c:84:26:[m[K [01;36m[Knote: [m[K'[01m[Kexc[m[K' declared here
   84 |         struct exception [01;36m[Kexc[m[K;
      |                          [01;36m[K^~~[m[K
[01m[Kexternal/fdlibm/k_tan.c:1:[m[K [01;35m[Kwarning: [m[Kignoring '[01m[K#pragma ident [m[K' [[01;35m[K]8;;https://gcc.gnu.org/onlinedocs/gcc-15.3.0/gcc/Warning-Options.html#index-Wno-unknown-pragmas-Wunknown-pragmas]8;;[m[K]
    1 | #pragma ident "@(#)k_tan.c 1.5 04/04/22 SMI"
host C: libfdlibm <= external/fdlibm/e_acosh.c
host C: libfdlibm <= external/fdlibm/e_asin.c
host C: libfdlibm <= external/fdlibm/e_atan2.c
In file included from [01m[Klibcore/luni/src/main/native/libcore_icu_ICU.cpp:35[m[K:
[01m[Klibbase/include/android-base/unique_fd.h:78:57:[m[K [01;35m[Kwarning: [m[K'[01m[Kclang::reinitializes[m[K' scoped attribute directive ignored [[01;35m[K]8;;https://gcc.gnu.org/onlinedocs/gcc-15.3.0/gcc/Warning-Options.html#index-Wattributes-Wattributes]8;;[m[K]
   78 |   [[clang::reinitializes]] void reset(int new_value = -1[01;35m[K)[m[K { reset(new_value, nullptr); }
      |                                                         [01;35m[K^[m[K
[01m[Kexternal/fdlibm/e_asin.c:[m[K In function '[01m[K__ieee754_asin[m[K':
[01m[Kexternal/fdlibm/e_asin.c:88:15:[m[K [01;35m[Kwarning: [m[Kthis '[01m[Kelse[m[K' clause does not guard... [[01;35m[K]8;;https://gcc.gnu.org/onlinedocs/gcc-15.3.0/gcc/Warning-Options.html#index-Wmisleading-indentation-Wmisleading-indentation]8;;[m[K]
   88 |             } [01;35m[Kelse[m[K
      |               [01;35m[K^~~~[m[K
[01m[Kexternal/fdlibm/e_asin.c:90:17:[m[K [01;36m[Knote: [m[K...this statement, but the latter is misleadingly indented as if it were guarded by the '[01m[Kelse[m[K'
   90 |                 [01;36m[Kp[m[K = t*(pS0+t*(pS1+t*(pS2+t*(pS3+t*(pS4+t*pS5)))));
      |                 [01;36m[K^[m[K
host C: libfdlibm <= external/fdlibm/e_atanh.c
[01m[Kexternal/fdlibm/e_atan2.c:[m[K In function '[01m[K__ieee754_atan2[m[K':
[01m[Kexternal/fdlibm/e_atan2.c:74:15:[m[K [01;35m[Kwarning: [m[Ksuggest parentheses around arithmetic in operand of '[01m[K|[m[K' [[01;35m[K]8;;https://gcc.gnu.org/onlinedocs/gcc-15.3.0/gcc/Warning-Options.html#index-Wno-parentheses-Wparentheses]8;;[m[K]
   74 |         if(([01;35m[Khx-0x3ff00000[m[K|lx)==0) return ieee_atan(y);   /* x=1.0 */
      |             [01;35m[K~~^~~~~~~~~~~[m[K
[01m[Kexternal/fdlibm/e_asin.c:91:26:[m[K [01;35m[Kwarning: [m[K'[01m[Kt[m[K' may be used uninitialized [[01;35m[K]8;;https://gcc.gnu.org/onlinedocs/gcc-15.3.0/gcc/Warning-Options.html#index-Wmaybe-uninitialized-Wmaybe-uninitialized]8;;[m[K]
   91 |                 q = one+[01;35m[Kt*(qS1+t*(qS2+t*(qS3+t*qS4)))[m[K;
      |                         [01;35m[K~^~~~~~~~~~~~~~~~~~~~~~~~~~~~[m[K
[01m[Kexternal/fdlibm/e_asin.c:76:16:[m[K [01;36m[Knote: [m[K'[01m[Kt[m[K' was declared here
   76 |         double [01;36m[Kt[m[K,w,p,q,c,r,s;
      |                [01;36m[K^[m[K
host C: libfdlibm <= external/fdlibm/e_cosh.c
[01m[Kexternal/fdlibm/e_cosh.c:[m[K In function '[01m[K__ieee754_cosh[m[K':
[01m[Kexternal/fdlibm/e_cosh.c:81:31:[m[K [01;35m[Kwarning: [m[Ksuggest parentheses around '[01m[K&&[m[K' within '[01m[K||[m[K' [[01;35m[K]8;;https://gcc.gnu.org/onlinedocs/gcc-15.3.0/gcc/Warning-Options.html#index-Wno-parentheses-Wparentheses]8;;[m[K]
   81 |               [01;35m[K(ix==0x408633ce)&&(lx<=(unsigned)0x8fb9f87d)[m[K) {
      |               [01;35m[K~~~~~~~~~~~~~~~~^~~~~~~~~~~~~~~~~~~~~~~~~~~~[m[K
host C: libfdlibm <= external/fdlibm/e_exp.c
host C: libfdlibm <= external/fdlibm/e_fmod.c
host C: libfdlibm <= external/fdlibm/e_gamma.c
host C: libfdlibm <= external/fdlibm/e_gamma_r.c
host C: libfdlibm <= external/fdlibm/e_hypot.c
[01m[Kexternal/fdlibm/e_exp.c:[m[K In function '[01m[K__ieee754_exp[m[K':
[01m[Kexternal/fdlibm/e_exp.c:148:52:[m[K [01;35m[Kwarning: [m[K'[01m[Khi[m[K' may be used uninitialized [[01;35m[K]8;;https://gcc.gnu.org/onlinedocs/gcc-15.3.0/gcc/Warning-Options.html#index-Wmaybe-uninitialized-Wmaybe-uninitialized]8;;[m[K]
  148 |         else            y = one-[01;35m[K((lo-(x*c)/(2.0-c))-hi)[m[K;
      |                                 [01;35m[K~~~~~~~~~~~~~~~~~~~^~~~[m[K
[01m[Kexternal/fdlibm/e_exp.c:108:18:[m[K [01;36m[Knote: [m[K'[01m[Khi[m[K' was declared here
  108 |         double y,[01;36m[Khi[m[K,lo,c,t;
      |                  [01;36m[K^~[m[K
[01m[Kexternal/fdlibm/e_exp.c:148:37:[m[K [01;35m[Kwarning: [m[K'[01m[Klo[m[K' may be used uninitialized [[01;35m[K]8;;https://gcc.gnu.org/onlinedocs/gcc-15.3.0/gcc/Warning-Options.html#index-Wmaybe-uninitialized-Wmaybe-uninitialized]8;;[m[K]
  148 |         else            y = one-([01;35m[K(lo-(x*c)/(2.0-c))[m[K-hi);
      |                                  [01;35m[K~~~^~~~~~~~~~~~~~~[m[K
[01m[Kexternal/fdlibm/e_exp.c:108:21:[m[K [01;36m[Knote: [m[K'[01m[Klo[m[K' was declared here
  108 |         double y,hi,[01;36m[Klo[m[K,c,t;
      |                     [01;36m[K^~[m[K
[01m[Kexternal/fdlibm/e_exp.c:147:11:[m[K [01;35m[Kwarning: [m[K'[01m[Kk[m[K' may be used uninitialized [[01;35m[K]8;;https://gcc.gnu.org/onlinedocs/gcc-15.3.0/gcc/Warning-Options.html#index-Wmaybe-uninitialized-Wmaybe-uninitialized]8;;[m[K]
  147 |         if[01;35m[K([m[Kk==0)        return one-((x*c)/(c-2.0)-x);
      |           [01;35m[K^[m[K
[01m[Kexternal/fdlibm/e_exp.c:109:13:[m[K [01;36m[Knote: [m[K'[01m[Kk[m[K' was declared here
  109 |         int [01;36m[Kk[m[K,xsb;
      |             [01;36m[K^[m[K
host C: libfdlibm <= external/fdlibm/e_j0.c
host C: libfdlibm <= external/fdlibm/e_j1.c
host C: libfdlibm <= external/fdlibm/e_jn.c
[01m[Kexternal/fdlibm/e_j0.c:[m[K In function '[01m[Kpzero[m[K':
[01m[Kexternal/fdlibm/e_j0.c:340:14:[m[K [01;35m[Kwarning: [m[K'[01m[Kp[m[K' may be used uninitialized [[01;35m[K]8;;https://gcc.gnu.org/onlinedocs/gcc-15.3.0/gcc/Warning-Options.html#index-Wmaybe-uninitialized-Wmaybe-uninitialized]8;;[m[K]
  340 |         r = [01;35m[Kp[0][m[K+z*(p[1]+z*(p[2]+z*(p[3]+z*(p[4]+z*p[5]))));
      |             [01;35m[K~^~~[m[K
[01m[Kexternal/fdlibm/e_j0.c:328:23:[m[K [01;36m[Knote: [m[K'[01m[Kp[m[K' was declared here
  328 |         const double *[01;36m[Kp[m[K,*q;
      |                       [01;36m[K^[m[K
[01m[Kexternal/fdlibm/e_j0.c:341:21:[m[K [01;35m[Kwarning: [m[K'[01m[Kq[m[K' may be used uninitialized [[01;35m[K]8;;https://gcc.gnu.org/onlinedocs/gcc-15.3.0/gcc/Warning-Options.html#index-Wmaybe-uninitialized-Wmaybe-uninitialized]8;;[m[K]
  341 |         s = one+z*([01;35m[Kq[0][m[K+z*(q[1]+z*(q[2]+z*(q[3]+z*q[4]))));
      |                    [01;35m[K~^~~[m[K
[01m[Kexternal/fdlibm/e_j0.c:328:26:[m[K [01;36m[Knote: [m[K'[01m[Kq[m[K' was declared here
  328 |         const double *p,*[01;36m[Kq[m[K;
      |                          [01;36m[K^[m[K
host C: libfdlibm <= external/fdlibm/e_lgamma.c
[01m[Kexternal/fdlibm/e_jn.c:[m[K In function '[01m[K__ieee754_yn[m[K':
[01m[Kexternal/fdlibm/e_jn.c:265:35:[m[K [01;35m[Kwarning: [m[Kcomparison of integer expressions of different signedness: '[01m[Kint[m[K' and '[01m[Kunsigned int[m[K' [[01;35m[K]8;;https://gcc.gnu.org/onlinedocs/gcc-15.3.0/gcc/Warning-Options.html#index-Wno-sign-compare-Wsign-compare]8;;[m[K]
  265 |             for(i=1;i<n&&(__HI(b) [01;35m[K!=[m[K 0xfff00000);i++){
      |                                   [01;35m[K^~[m[K
[01m[Kexternal/fdlibm/e_j0.c:[m[K In function '[01m[Kqzero[m[K':
[01m[Kexternal/fdlibm/e_j0.c:475:14:[m[K [01;35m[Kwarning: [m[K'[01m[Kp[m[K' may be used uninitialized [[01;35m[K]8;;https://gcc.gnu.org/onlinedocs/gcc-15.3.0/gcc/Warning-Options.html#index-Wmaybe-uninitialized-Wmaybe-uninitialized]8;;[m[K]
  475 |         r = [01;35m[Kp[0][m[K+z*(p[1]+z*(p[2]+z*(p[3]+z*(p[4]+z*p[5]))));
      |             [01;35m[K~^~~[m[K
[01m[Kexternal/fdlibm/e_j0.c:463:23:[m[K [01;36m[Knote: [m[K'[01m[Kp[m[K' was declared here
  463 |         const double *[01;36m[Kp[m[K,*q;
      |                       [01;36m[K^[m[K
[01m[Kexternal/fdlibm/e_j0.c:476:21:[m[K [01;35m[Kwarning: [m[K'[01m[Kq[m[K' may be used uninitialized [[01;35m[K]8;;https://gcc.gnu.org/onlinedocs/gcc-15.3.0/gcc/Warning-Options.html#index-Wmaybe-uninitialized-Wmaybe-uninitialized]8;;[m[K]
  476 |         s = one+z*([01;35m[Kq[0][m[K+z*(q[1]+z*(q[2]+z*(q[3]+z*(q[4]+z*q[5])))));
      |                    [01;35m[K~^~~[m[K
[01m[Kexternal/fdlibm/e_j0.c:463:26:[m[K [01;36m[Knote: [m[K'[01m[Kq[m[K' was declared here
  463 |         const double *p,*[01;36m[Kq[m[K;
      |                          [01;36m[K^[m[K
host C: libfdlibm <= external/fdlibm/e_lgamma_r.c
[01m[Kexternal/fdlibm/e_j1.c:[m[K In function '[01m[Kpone[m[K':
[01m[Kexternal/fdlibm/e_j1.c:338:14:[m[K [01;35m[Kwarning: [m[K'[01m[Kp[m[K' may be used uninitialized [[01;35m[K]8;;https://gcc.gnu.org/onlinedocs/gcc-15.3.0/gcc/Warning-Options.html#index-Wmaybe-uninitialized-Wmaybe-uninitialized]8;;[m[K]
  338 |         r = [01;35m[Kp[0][m[K+z*(p[1]+z*(p[2]+z*(p[3]+z*(p[4]+z*p[5]))));
      |             [01;35m[K~^~~[m[K
[01m[Kexternal/fdlibm/e_j1.c:326:23:[m[K [01;36m[Knote: [m[K'[01m[Kp[m[K' was declared here
  326 |         const double *[01;36m[Kp[m[K,*q;
      |                       [01;36m[K^[m[K
[01m[Kexternal/fdlibm/e_j1.c:339:21:[m[K [01;35m[Kwarning: [m[K'[01m[Kq[m[K' may be used uninitialized [[01;35m[K]8;;https://gcc.gnu.org/onlinedocs/gcc-15.3.0/gcc/Warning-Options.html#index-Wmaybe-uninitialized-Wmaybe-uninitialized]8;;[m[K]
  339 |         s = one+z*([01;35m[Kq[0][m[K+z*(q[1]+z*(q[2]+z*(q[3]+z*q[4]))));
      |                    [01;35m[K~^~~[m[K
[01m[Kexternal/fdlibm/e_j1.c:326:26:[m[K [01;36m[Knote: [m[K'[01m[Kq[m[K' was declared here
  326 |         const double *p,*[01;36m[Kq[m[K;
      |                          [01;36m[K^[m[K
host C: libfdlibm <= external/fdlibm/e_log.c
[01m[Kexternal/fdlibm/e_j1.c:[m[K In function '[01m[Kqone[m[K':
[01m[Kexternal/fdlibm/e_j1.c:474:14:[m[K [01;35m[Kwarning: [m[K'[01m[Kp[m[K' may be used uninitialized [[01;35m[K]8;;https://gcc.gnu.org/onlinedocs/gcc-15.3.0/gcc/Warning-Options.html#index-Wmaybe-uninitialized-Wmaybe-uninitialized]8;;[m[K]
  474 |         r = [01;35m[Kp[0][m[K+z*(p[1]+z*(p[2]+z*(p[3]+z*(p[4]+z*p[5]))));
      |             [01;35m[K~^~~[m[K
[01m[Kexternal/fdlibm/e_j1.c:462:23:[m[K [01;36m[Knote: [m[K'[01m[Kp[m[K' was declared here
  462 |         const double *[01;36m[Kp[m[K,*q;
      |                       [01;36m[K^[m[K
[01m[Kexternal/fdlibm/e_j1.c:475:21:[m[K [01;35m[Kwarning: [m[K'[01m[Kq[m[K' may be used uninitialized [[01;35m[K]8;;https://gcc.gnu.org/onlinedocs/gcc-15.3.0/gcc/Warning-Options.html#index-Wmaybe-uninitialized-Wmaybe-uninitialized]8;;[m[K]
  475 |         s = one+z*([01;35m[Kq[0][m[K+z*(q[1]+z*(q[2]+z*(q[3]+z*(q[4]+z*q[5])))));
      |                    [01;35m[K~^~~[m[K
[01m[Kexternal/fdlibm/e_j1.c:462:26:[m[K [01;36m[Knote: [m[K'[01m[Kq[m[K' was declared here
  462 |         const double *p,*[01;36m[Kq[m[K;
      |                          [01;36m[K^[m[K
host C: libfdlibm <= external/fdlibm/e_log10.c
[01m[Kexternal/fdlibm/e_log.c:[m[K In function '[01m[K__ieee754_log[m[K':
[01m[Kexternal/fdlibm/e_log.c:115:15:[m[K [01;35m[Kwarning: [m[Ksuggest explicit braces to avoid ambiguous '[01m[Kelse[m[K' [[01;35m[K]8;;https://gcc.gnu.org/onlinedocs/gcc-15.3.0/gcc/Warning-Options.html#index-Wdangling-else-Wdangling-else]8;;[m[K]
  115 |             if[01;35m[K([m[Kf==zero) if(k==0) return zero;  else {dk=(double)k;
      |               [01;35m[K^[m[K
In file included from [01m[Klibbase/include/android-base/file.h:26[m[K,
                 from [01m[Klibcore/luni/src/main/native/libcore_io_Linux.cpp:52[m[K:
[01m[Klibbase/include/android-base/unique_fd.h:78:57:[m[K [01;35m[Kwarning: [m[K'[01m[Kclang::reinitializes[m[K' scoped attribute directive ignored [[01;35m[K]8;;https://gcc.gnu.org/onlinedocs/gcc-15.3.0/gcc/Warning-Options.html#index-Wattributes-Wattributes]8;;[m[K]
   78 |   [[clang::reinitializes]] void reset(int new_value = -1[01;35m[K)[m[K { reset(new_value, nullptr); }
      |                                                         [01;35m[K^[m[K
[01m[Kexternal/fdlibm/e_lgamma_r.c:[m[K In function '[01m[K__ieee754_lgamma_r[m[K':
[01m[Kexternal/fdlibm/e_lgamma_r.c:302:20:[m[K [01;35m[Kwarning: [m[K'[01m[Knadj[m[K' may be used uninitialized [[01;35m[K]8;;https://gcc.gnu.org/onlinedocs/gcc-15.3.0/gcc/Warning-Options.html#index-Wmaybe-uninitialized-Wmaybe-uninitialized]8;;[m[K]
  302 |         if(hx<0) [01;35m[Kr = nadj - r[m[K;
      |                  [01;35m[K~~^~~~~~~~~~[m[K
[01m[Kexternal/fdlibm/e_lgamma_r.c:213:22:[m[K [01;36m[Knote: [m[K'[01m[Knadj[m[K' was declared here
  213 |         double t,y,z,[01;36m[Knadj[m[K,p,p1,p2,p3,q,r,w;
      |                      [01;36m[K^~~~[m[K
host C: libfdlibm <= external/fdlibm/e_pow.c
host C: libfdlibm <= external/fdlibm/e_rem_pio2.c
host C: libfdlibm <= external/fdlibm/e_remainder.c
[01m[Kexternal/fdlibm/e_pow.c:[m[K In function '[01m[K__ieee754_pow[m[K':
[01m[Kexternal/fdlibm/e_pow.c:138:35:[m[K [01;35m[Kwarning: [m[Kcomparison of integer expressions of different signedness: '[01m[Kint[m[K' and '[01m[Kunsigned int[m[K' [[01;35m[K]8;;https://gcc.gnu.org/onlinedocs/gcc-15.3.0/gcc/Warning-Options.html#index-Wno-sign-compare-Wsign-compare]8;;[m[K]
  138 |                     if((j<<(52-k))[01;35m[K==[m[Kly) yisint = 2-(j&1);
      |                                   [01;35m[K^~[m[K
host C: libfdlibm <= external/fdlibm/e_scalb.c
host C: libfdlibm <= external/fdlibm/e_sinh.c
host C: libfdlibm <= external/fdlibm/e_sqrt.c
[01m[Kexternal/fdlibm/e_sinh.c:[m[K In function '[01m[K__ieee754_sinh[m[K':
[01m[Kexternal/fdlibm/e_sinh.c:74:46:[m[K [01;35m[Kwarning: [m[Ksuggest parentheses around '[01m[K&&[m[K' within '[01m[K||[m[K' [[01;35m[K]8;;https://gcc.gnu.org/onlinedocs/gcc-15.3.0/gcc/Warning-Options.html#index-Wno-parentheses-Wparentheses]8;;[m[K]
   74 |         if (ix<0x408633CE || [01;35m[K(ix==0x408633ce)&&(lx<=(unsigned)0x8fb9f87d)[m[K) {
      |                              [01;35m[K~~~~~~~~~~~~~~~~^~~~~~~~~~~~~~~~~~~~~~~~~~~~[m[K
host C: libfdlibm <= external/fdlibm/w_acos.c
[01m[Kexternal/fdlibm/e_sqrt.c:[m[K In function '[01m[K__ieee754_sqrt[m[K':
[01m[Kexternal/fdlibm/e_sqrt.c:161:30:[m[K [01;35m[Kwarning: [m[Kcomparison of integer expressions of different signedness: '[01m[Kunsigned int[m[K' and '[01m[Kint[m[K' [[01;35m[K]8;;https://gcc.gnu.org/onlinedocs/gcc-15.3.0/gcc/Warning-Options.html#index-Wno-sign-compare-Wsign-compare]8;;[m[K]
  161 |                 if(((t1&sign)[01;35m[K==[m[Ksign)&&(s1&sign)==0) s0 += 1;
      |                              [01;35m[K^~[m[K
host C: libfdlibm <= external/fdlibm/w_acosh.c
host C: libfdlibm <= external/fdlibm/w_asin.c
host C: libfdlibm <= external/fdlibm/w_atan2.c
host C: libfdlibm <= external/fdlibm/w_atanh.c
host C: libfdlibm <= external/fdlibm/w_cosh.c
host C: libfdlibm <= external/fdlibm/w_exp.c
host C: libfdlibm <= external/fdlibm/w_fmod.c
host C: libfdlibm <= external/fdlibm/w_gamma.c
In file included from [01m[Kart/libprofile/./profile/profile_compilation_info.h:25[m[K,
                 from [01m[Kart/dexlayout/dex_visualize.cc:36[m[K:
[01m[Kart/libartbase/base/atomic.h:39:12:[m[K [01;35m[Kwarning: [m[Ktemplate-id not allowed for constructor in C++20 [[01;35m[K]8;;https://gcc.gnu.org/onlinedocs/gcc-15.3.0/gcc/C_002b_002b-Dialect-Options.html#index-Wno-template-id-cdtor-Wtemplate-id-cdtor]8;;[m[K]
   39 |   Atomic<T>[01;35m[K([m[K) : std::atomic<T>(T()) { }
      |            [01;35m[K^[m[K
[01m[Kart/libartbase/base/atomic.h:39:12:[m[K [01;36m[Knote: [m[Kremove the '[01m[K< >[m[K'
[01m[Kart/libartbase/base/atomic.h:41:22:[m[K [01;35m[Kwarning: [m[Ktemplate-id not allowed for constructor in C++20 [[01;35m[K]8;;https://gcc.gnu.org/onlinedocs/gcc-15.3.0/gcc/C_002b_002b-Dialect-Options.html#index-Wno-template-id-cdtor-Wtemplate-id-cdtor]8;;[m[K]
   41 |   explicit Atomic<T>([01;35m[KT[m[K value) : std::atomic<T>(value) { }
      |                      [01;35m[K^[m[K
[01m[Kart/libartbase/base/atomic.h:41:22:[m[K [01;36m[Knote: [m[Kremove the '[01m[K< >[m[K'
host C: libfdlibm <= external/fdlibm/w_gamma_r.c
host C: libfdlibm <= external/fdlibm/w_hypot.c
host C: libfdlibm <= external/fdlibm/w_j0.c
host C: libfdlibm <= external/fdlibm/w_j1.c
host C: libfdlibm <= external/fdlibm/w_jn.c
host C: libfdlibm <= external/fdlibm/w_lgamma.c
host C: libfdlibm <= external/fdlibm/w_lgamma_r.c
host C: libfdlibm <= external/fdlibm/w_log.c
host C: libfdlibm <= external/fdlibm/w_log10.c
host C: libfdlibm <= external/fdlibm/w_pow.c
host C: libfdlibm <= external/fdlibm/w_remainder.c
host C: libfdlibm <= external/fdlibm/w_scalb.c
host C: libfdlibm <= external/fdlibm/w_sinh.c
host C: libfdlibm <= external/fdlibm/w_sqrt.c
In file included from [01m[Klibcore/luni/src/main/native/libcore_icu_ICU.cpp:37[m[K:
In function '[01m[K_jstring*[01;32m[K jniCreateString[m[K(JNIEnv*, const char16_t*, jsize)[m[K',
    inlined from '[01m[Kvoid[01;32m[K setStringField[m[K(JNIEnv*, jobject, const char*, UResourceBundle*, int)[m[K' at [01m[Klibcore/luni/src/main/native/libcore_icu_ICU.cpp:384:19[m[K:
[01m[Klibnativehelper/include/nativehelper/JNIHelp.h:183:27:[m[K [01;35m[Kwarning: [m[K'[01m[Kchars[m[K' may be used uninitialized [[01;35m[K]8;;https://gcc.gnu.org/onlinedocs/gcc-15.3.0/gcc/Warning-Options.html#index-Wmaybe-uninitialized-Wmaybe-uninitialized]8;;[m[K]
  183 |     return [01;35m[KjniCreateString(&env->functions, reinterpret_cast<const jchar*>(unicodeChars), len)[m[K;
      |            [01;35m[K~~~~~~~~~~~~~~~^~~~~~~~~~~~~~~~~~~~~~~~~~~~~~~~~~~~~~~~~~~~~~~~~~~~~~~~~~~~~~~~~~~~[m[K
[01m[Klibcore/luni/src/main/native/libcore_icu_ICU.cpp:[m[K In function '[01m[Kvoid[01;32m[K setStringField[m[K(JNIEnv*, jobject, const char*, UResourceBundle*, int)[m[K':
[01m[Klibcore/luni/src/main/native/libcore_icu_ICU.cpp:367:16:[m[K [01;36m[Knote: [m[K'[01m[Kchars[m[K' was declared here
  367 |   const UChar* [01;36m[Kchars[m[K;
      |                [01;36m[K^~~~~[m[K
host C: libfdlibm <= external/fdlibm/s_asinh.c
In file included from [01m[Kart/libartbase/base/macros.h:24[m[K,
                 from [01m[Kart/openjdkjvm/OpenjdkJvm.cc:47[m[K:
[01m[Klibbase/include/android-base/thread_annotations.h:[m[K In constructor '[01m[Kandroid::base::ScopedLockAssertion::[01;32m[KScopedLockAssertion[m[K(std::mutex&)[m[K':
[01m[Klibbase/include/android-base/thread_annotations.h:143:35:[m[K [01;35m[Kwarning: [m[Kunused parameter '[01m[Kmutex[m[K' [[01;35m[K]8;;https://gcc.gnu.org/onlinedocs/gcc-15.3.0/gcc/Warning-Options.html#index-Wno-unused-parameter-Wunused-parameter]8;;[m[K]
  143 |   ScopedLockAssertion([01;35m[Kstd::mutex& mutex[m[K) ACQUIRE(mutex) {}
      |                       [01;35m[K~~~~~~~~~~~~^~~~~[m[K
host C: libfdlibm <= external/fdlibm/s_atan.c
In file included from [01m[Kart/runtime/base/locks.h:25[m[K,
                 from [01m[Kart/runtime/common_throws.h:22[m[K,
                 from [01m[Kart/openjdkjvm/OpenjdkJvm.cc:48[m[K:
[01m[Kart/libartbase/base/atomic.h:[m[K At global scope:
[01m[Kart/libartbase/base/atomic.h:39:12:[m[K [01;35m[Kwarning: [m[Ktemplate-id not allowed for constructor in C++20 [[01;35m[K]8;;https://gcc.gnu.org/onlinedocs/gcc-15.3.0/gcc/C_002b_002b-Dialect-Options.html#index-Wno-template-id-cdtor-Wtemplate-id-cdtor]8;;[m[K]
   39 |   Atomic<T>[01;35m[K([m[K) : std::atomic<T>(T()) { }
      |            [01;35m[K^[m[K
[01m[Kart/libartbase/base/atomic.h:39:12:[m[K [01;36m[Knote: [m[Kremove the '[01m[K< >[m[K'
[01m[Kart/libartbase/base/atomic.h:41:22:[m[K [01;35m[Kwarning: [m[Ktemplate-id not allowed for constructor in C++20 [[01;35m[K]8;;https://gcc.gnu.org/onlinedocs/gcc-15.3.0/gcc/C_002b_002b-Dialect-Options.html#index-Wno-template-id-cdtor-Wtemplate-id-cdtor]8;;[m[K]
   41 |   explicit Atomic<T>([01;35m[KT[m[K value) : std::atomic<T>(value) { }
      |                      [01;35m[K^[m[K
[01m[Kart/libartbase/base/atomic.h:41:22:[m[K [01;36m[Knote: [m[Kremove the '[01m[K< >[m[K'
host C: libfdlibm <= external/fdlibm/s_cbrt.c
host C: libfdlibm <= external/fdlibm/s_ceil.c
host C: libfdlibm <= external/fdlibm/s_copysign.c
[01m[Kexternal/fdlibm/s_ceil.c:[m[K In function '[01m[Kieee_ceil[m[K':
[01m[Kexternal/fdlibm/s_ceil.c:68:29:[m[K [01;35m[Kwarning: [m[Kcomparison of integer expressions of different signedness: '[01m[Kunsigned int[m[K' and '[01m[Kint[m[K' [[01;35m[K]8;;https://gcc.gnu.org/onlinedocs/gcc-15.3.0/gcc/Warning-Options.html#index-Wno-sign-compare-Wsign-compare]8;;[m[K]
   68 |                         if(j[01;35m[K<[m[Ki1) i0+=1; /* got a carry */
      |                             [01;35m[K^[m[K
host C: libfdlibm <= external/fdlibm/s_cos.c
host C: libfdlibm <= external/fdlibm/s_erf.c
host C: libfdlibm <= external/fdlibm/s_expm1.c
host C: libfdlibm <= external/fdlibm/s_fabs.c
host C: libfdlibm <= external/fdlibm/s_finite.c
[01m[Kexternal/fdlibm/s_expm1.c:[m[K In function '[01m[Kieee_expm1[m[K':
[01m[Kexternal/fdlibm/s_expm1.c:195:15:[m[K [01;35m[Kwarning: [m[Ksuggest explicit braces to avoid ambiguous '[01m[Kelse[m[K' [[01;35m[K]8;;https://gcc.gnu.org/onlinedocs/gcc-15.3.0/gcc/Warning-Options.html#index-Wdangling-else-Wdangling-else]8;;[m[K]
  195 |             if[01;35m[K([m[Kk==1)
      |               [01;35m[K^[m[K
host C: libfdlibm <= external/fdlibm/s_floor.c
host C: libfdlibm <= external/fdlibm/s_frexp.c
host C: libfdlibm <= external/fdlibm/s_ilogb.c
In file included from [01m[Kart/libprofile/./profile/profile_compilation_info.h:25[m[K,
                 from [01m[Kart/dexlayout/dexlayout.cc:53[m[K:
[01m[Kart/libartbase/base/atomic.h:39:12:[m[K [01;35m[Kwarning: [m[Ktemplate-id not allowed for constructor in C++20 [[01;35m[K]8;;https://gcc.gnu.org/onlinedocs/gcc-15.3.0/gcc/C_002b_002b-Dialect-Options.html#index-Wno-template-id-cdtor-Wtemplate-id-cdtor]8;;[m[K]
   39 |   Atomic<T>[01;35m[K([m[K) : std::atomic<T>(T()) { }
      |            [01;35m[K^[m[K
[01m[Kart/libartbase/base/atomic.h:39:12:[m[K [01;36m[Knote: [m[Kremove the '[01m[K< >[m[K'
[01m[Kart/libartbase/base/atomic.h:41:22:[m[K [01;35m[Kwarning: [m[Ktemplate-id not allowed for constructor in C++20 [[01;35m[K]8;;https://gcc.gnu.org/onlinedocs/gcc-15.3.0/gcc/C_002b_002b-Dialect-Options.html#index-Wno-template-id-cdtor-Wtemplate-id-cdtor]8;;[m[K]
   41 |   explicit Atomic<T>([01;35m[KT[m[K value) : std::atomic<T>(value) { }
      |                      [01;35m[K^[m[K
[01m[Kart/libartbase/base/atomic.h:41:22:[m[K [01;36m[Knote: [m[Kremove the '[01m[K< >[m[K'
host C: libfdlibm <= external/fdlibm/s_isnan.c
[01m[Kexternal/fdlibm/s_floor.c:[m[K In function '[01m[Kieee_floor[m[K':
[01m[Kexternal/fdlibm/s_floor.c:69:29:[m[K [01;35m[Kwarning: [m[Kcomparison of integer expressions of different signedness: '[01m[Kunsigned int[m[K' and '[01m[Kint[m[K' [[01;35m[K]8;;https://gcc.gnu.org/onlinedocs/gcc-15.3.0/gcc/Warning-Options.html#index-Wno-sign-compare-Wsign-compare]8;;[m[K]
   69 |                         if(j[01;35m[K<[m[Ki1) i0 +=1 ;       /* got a carry */
      |                             [01;35m[K^[m[K
host C: libfdlibm <= external/fdlibm/s_ldexp.c
host C: libfdlibm <= external/fdlibm/s_lib_version.c
In file included from [01m[Kart/runtime/stack_reference.h:21[m[K,
                 from [01m[Kart/runtime/handle_scope.h:27[m[K,
                 from [01m[Kart/runtime/thread.h:36[m[K,
                 from [01m[Kart/runtime/thread-current-inl.h:20[m[K,
                 from [01m[Kart/runtime/gc/space/large_object_space.h:25[m[K,
                 from [01m[Kart/runtime/gc/heap.h:39[m[K,
                 from [01m[Kart/openjdkjvm/OpenjdkJvm.cc:49[m[K:
[01m[Kart/runtime/mirror/object_reference.h:167:34:[m[K [01;35m[Kwarning: [m[Ktemplate-id not allowed for constructor in C++20 [[01;35m[K]8;;https://gcc.gnu.org/onlinedocs/gcc-15.3.0/gcc/C_002b_002b-Dialect-Options.html#index-Wno-template-id-cdtor-Wtemplate-id-cdtor]8;;[m[K]
  167 |   CompressedReference<MirrorType>[01;35m[K([m[K) REQUIRES_SHARED(Locks::mutator_lock_)
      |                                  [01;35m[K^[m[K
[01m[Kart/runtime/mirror/object_reference.h:167:34:[m[K [01;36m[Knote: [m[Kremove the '[01m[K< >[m[K'
host C: libfdlibm <= external/fdlibm/s_log1p.c
In file included from [01m[Kart/runtime/thread.h:37[m[K:
[01m[Kart/runtime/interpreter/interpreter_cache.h:90:26:[m[K [01;35m[Kwarning: [m[Kignoring attributes on template argument '[01m[Kart::InterpreterCache::Entry[m[K' {aka '[01m[Kstd::pair<const void*, long unsigned int>[m[K'} [[01;35m[K]8;;https://gcc.gnu.org/onlinedocs/gcc-15.3.0/gcc/Warning-Options.html#index-Wignored-attributes-Wignored-attributes]8;;[m[K]
   90 |   std::array<Entry, kSize[01;35m[K>[m[K data_;
      |                          [01;35m[K^[m[K
host C: libfdlibm <= external/fdlibm/s_logb.c
In file included from [01m[Kart/runtime/thread.h:39[m[K:
[01m[Kart/runtime/managed_stack.h:167:23:[m[K [01;35m[Kwarning: [m[Kignoring packed attribute because of unpacked non-POD field '[01m[Kart::ManagedStack::TaggedTopQuickFrame art::ManagedStack::tagged_top_quick_frame_[m[K'
  167 |   TaggedTopQuickFrame [01;35m[Ktagged_top_quick_frame_[m[K;
      |                       [01;35m[K^~~~~~~~~~~~~~~~~~~~~~~[m[K
[01m[Kart/runtime/managed_stack.h:[m[K In member function '[01m[Kvoid art::ManagedStack::[01;32m[KPushManagedStackFragment[m[K(art::ManagedStack*)[m[K':
[01m[Kart/runtime/managed_stack.h:55:11:[m[K [01;35m[Kwarning: [m[K'[01m[Kvoid*[01;32m[K memset[m[K(void*, int, size_t)[m[K' clearing an object of non-trivial type '[01m[Kclass art::ManagedStack[m[K'; use assignment or value-initialization instead [[01;35m[K]8;;https://gcc.gnu.org/onlinedocs/gcc-15.3.0/gcc/C_002b_002b-Dialect-Options.html#index-Wclass-memaccess-Wclass-memaccess]8;;[m[K]
   55 |     [01;35m[Kmemset(this, 0, sizeof(ManagedStack))[m[K;
      |     [01;35m[K~~~~~~^~~~~~~~~~~~~~~~~~~~~~~~~~~~~~~[m[K
[01m[Kart/runtime/managed_stack.h:44:17:[m[K [01;36m[Knote: [m[K'[01m[Kclass art::ManagedStack[m[K' declared here
   44 | class PACKED(4) [01;36m[KManagedStack[m[K {
      |                 [01;36m[K^~~~~~~~~~~~[m[K
[01m[Kexternal/fdlibm/s_log1p.c:[m[K In function '[01m[Kieee_log1p[m[K':
[01m[Kexternal/fdlibm/s_log1p.c:154:15:[m[K [01;35m[Kwarning: [m[Ksuggest explicit braces to avoid ambiguous '[01m[Kelse[m[K' [[01;35m[K]8;;https://gcc.gnu.org/onlinedocs/gcc-15.3.0/gcc/Warning-Options.html#index-Wdangling-else-Wdangling-else]8;;[m[K]
  154 |             if[01;35m[K([m[Kf==zero) if(k==0) return zero;
      |               [01;35m[K^[m[K
host C: libfdlibm <= external/fdlibm/s_matherr.c
host C: libfdlibm <= external/fdlibm/s_modf.c
[01m[Kart/runtime/thread.h:[m[K At global scope:
[01m[Kart/runtime/thread.h:1574:27:[m[K [01;35m[Kwarning: [m[Kignoring packed attribute because of unpacked non-POD field '[01m[Kstd::atomic<unsigned int> art::Thread::tls_32bit_sized_values::use_mterp[m[K'
 1574 |     std::atomic<bool32_t> [01;35m[Kuse_mterp[m[K;
      |                           [01;35m[K^~~~~~~~~[m[K
[01m[Kart/runtime/thread.h:1617:18:[m[K [01;35m[Kwarning: [m[Kignoring packed attribute because of unpacked non-POD field '[01m[Kart::ManagedStack art::Thread::tls_ptr_sized_values::managed_stack[m[K'
 1617 |     ManagedStack [01;35m[Kmanaged_stack[m[K;
      |                  [01;35m[K^~~~~~~~~~~~~[m[K
[01m[Kart/runtime/thread.h:1657:7:[m[K [01;35m[Kwarning: [m[Kignoring packed attribute because of unpacked non-POD field '[01m[Kart::Thread::tls_ptr_sized_values::DepsOrStackTraceSample art::Thread::tls_ptr_sized_values::deps_or_stack_trace_sample[m[K'
 1657 |     } [01;35m[Kdeps_or_stack_trace_sample[m[K;
      |       [01;35m[K^~~~~~~~~~~~~~~~~~~~~~~~~~[m[K
host C: libfdlibm <= external/fdlibm/s_nextafter.c
host C: libfdlibm <= external/fdlibm/s_rint.c
host C: libfdlibm <= external/fdlibm/s_scalbn.c
host C: libfdlibm <= external/fdlibm/s_signgam.c
host C: libfdlibm <= external/fdlibm/s_significand.c
[01m[Kexternal/fdlibm/s_scalbn.c:[m[K In function '[01m[Kieee_scalbn[m[K':
[01m[Kexternal/fdlibm/s_scalbn.c:56:12:[m[K [01;35m[Kwarning: [m[Ksuggest explicit braces to avoid ambiguous '[01m[Kelse[m[K' [[01;35m[K]8;;https://gcc.gnu.org/onlinedocs/gcc-15.3.0/gcc/Warning-Options.html#index-Wdangling-else-Wdangling-else]8;;[m[K]
   56 |         if [01;35m[K([m[Kk <= -54)
      |            [01;35m[K^[m[K
host C: libfdlibm <= external/fdlibm/s_sin.c
host C: libfdlibm <= external/fdlibm/s_tan.c
host C: libfdlibm <= external/fdlibm/s_tanh.c
host C++: libopenjdkjvm <= art/openjdkjvm/OpenjdkJvm.cc
host C: libwolfssljni <= external/wolfssljni/native/com_wolfssl_wolfcrypt_ECC.c
host C: libwolfssljni <= external/wolfssljni/native/com_wolfssl_wolfcrypt_EccKey.c
[01m[Kcc1plus:[m[K [01;35m[Kwarning: [m[Kcommand-line option '[01m[K]8;;https://gcc.gnu.org/onlinedocs/gcc-15.3.0/gcc/Warning-Options.html#index-Wimplicit-function-declaration-Wno-implicit-function-declaration]8;;[m[K' is valid for C/ObjC but not for C++
host C: libwolfssljni <= external/wolfssljni/native/com_wolfssl_wolfcrypt_RSA.c
[01m[Kexternal/wolfssljni/native/com_wolfssl_wolfcrypt_ECC.c:22:10:[m[K [01;31m[Kfatal error: [m[Kwolfssl/options.h: No such file or directory
   22 | #include [01;31m[K<wolfssl/options.h>[m[K
      |          [01;31m[K^~~~~~~~~~~~~~~~~~~[m[K
compilation terminated.
host C: libwolfssljni <= external/wolfssljni/native/com_wolfssl_WolfSSL.c
make: *** [build/core/binary.mk:802: out/host/linux-x86/obj/SHARED_LIBRARIES/libwolfssljni_intermediates/native/com_wolfssl_wolfcrypt_ECC.o] Error 1
make: *** Waiting for unfinished jobs....
[01m[Kexternal/wolfssljni/native/com_wolfssl_wolfcrypt_EccKey.c:23:10:[m[K [01;31m[Kfatal error: [m[Kwolfssl/options.h: No such file or directory
   23 | #include [01;31m[K<wolfssl/options.h>[m[K
      |          [01;31m[K^~~~~~~~~~~~~~~~~~~[m[K
compilation terminated.
[01m[Kexternal/wolfssljni/native/com_wolfssl_wolfcrypt_RSA.c:22:10:[m[K [01;31m[Kfatal error: [m[Kwolfssl/options.h: No such file or directory
   22 | #include [01;31m[K<wolfssl/options.h>[m[K
      |          [01;31m[K^~~~~~~~~~~~~~~~~~~[m[K
compilation terminated.
make: *** [build/core/binary.mk:802: out/host/linux-x86/obj/SHARED_LIBRARIES/libwolfssljni_intermediates/native/com_wolfssl_wolfcrypt_EccKey.o] Error 1
make: *** [build/core/binary.mk:802: out/host/linux-x86/obj/SHARED_LIBRARIES/libwolfssljni_intermediates/native/com_wolfssl_wolfcrypt_RSA.o] Error 1
[01m[Kexternal/wolfssljni/native/com_wolfssl_WolfSSL.c:24:10:[m[K [01;31m[Kfatal error: [m[Kwolfssl/options.h: No such file or directory
   24 | #include [01;31m[K<wolfssl/options.h>[m[K
      |          [01;31m[K^~~~~~~~~~~~~~~~~~~[m[K
compilation terminated.
make: *** [build/core/binary.mk:802: out/host/linux-x86/obj/SHARED_LIBRARIES/libwolfssljni_intermediates/native/com_wolfssl_WolfSSL.o] Error 1
In file included from [01m[Kart/libdexfile/dex/dex_file-inl.h:20[m[K,
                 from [01m[Kart/runtime/mirror/class-inl.h:31[m[K,
                 from [01m[Kart/runtime/mirror/string-inl.h:23[m[K,
                 from [01m[Kart/openjdkjvm/OpenjdkJvm.cc:54[m[K:
[01m[Kart/libdexfile/dex/dex_file.h:981:15:[m[K [01;35m[Kwarning: [m[Kredundant redeclaration of '[01m[Kstd::ostream& art::[01;32m[Koperator<<[m[K(std::ostream&, const EncodedArrayValueIterator::ValueType&)[m[K' in same scope [[01;35m[K]8;;https://gcc.gnu.org/onlinedocs/gcc-15.3.0/gcc/Warning-Options.html#index-Wno-redundant-decls-Wredundant-decls]8;;[m[K]
  981 | std::ostream& [01;35m[Koperator[m[K<<(std::ostream& os, const EncodedStaticFieldValueIterator::ValueType& code);
      |               [01;35m[K^~~~~~~~[m[K
[01m[Kart/libdexfile/dex/dex_file.h:968:15:[m[K [01;36m[Knote: [m[Kprevious declaration of '[01m[Kstd::ostream& art::[01;32m[Koperator<<[m[K(std::ostream&, const EncodedArrayValueIterator::ValueType&)[m[K'
  968 | std::ostream& [01;36m[Koperator[m[K<<(std::ostream& os, const EncodedArrayValueIterator::ValueType& code);
      |               [01;36m[K^~~~~~~~[m[K
[01m[Kart/libdexfile/dex/dex_file.h:996:15:[m[K [01;35m[Kwarning: [m[Kredundant redeclaration of '[01m[Kstd::ostream& art::[01;32m[Koperator<<[m[K(std::ostream&, const EncodedArrayValueIterator::ValueType&)[m[K' in same scope [[01;35m[K]8;;https://gcc.gnu.org/onlinedocs/gcc-15.3.0/gcc/Warning-Options.html#index-Wno-redundant-decls-Wredundant-decls]8;;[m[K]
  996 | std::ostream& [01;35m[Koperator[m[K<<(std::ostream& os, const CallSiteArrayValueIterator::ValueType& code);
      |               [01;35m[K^~~~~~~~[m[K
[01m[Kart/libdexfile/dex/dex_file.h:981:15:[m[K [01;36m[Knote: [m[Kprevious declaration of '[01m[Kstd::ostream& art::[01;32m[Koperator<<[m[K(std::ostream&, const EncodedArrayValueIterator::ValueType&)[m[K'
  981 | std::ostream& [01;36m[Koperator[m[K<<(std::ostream& os, const EncodedStaticFieldValueIterator::ValueType& code);
      |               [01;36m[K^~~~~~~~[m[K
In file included from [01m[Kart/libartbase/base/macros.h:24[m[K,
                 from [01m[Kart/openjdkjvm/OpenjdkJvm.cc:47[m[K:
[01m[Klibbase/include/android-base/thread_annotations.h:[m[K In constructor '[01m[Kandroid::base::ScopedLockAssertion::[01;32m[KScopedLockAssertion[m[K(std::mutex&)[m[K':
[01m[Klibbase/include/android-base/thread_annotations.h:143:35:[m[K [01;35m[Kwarning: [m[Kunused parameter '[01m[Kmutex[m[K' [[01;35m[K]8;;https://gcc.gnu.org/onlinedocs/gcc-15.3.0/gcc/Warning-Options.html#index-Wno-unused-parameter-Wunused-parameter]8;;[m[K]
  143 |   ScopedLockAssertion([01;35m[Kstd::mutex& mutex[m[K) ACQUIRE(mutex) {}
      |                       [01;35m[K~~~~~~~~~~~~^~~~~[m[K
In file included from [01m[Kart/runtime/base/locks.h:25[m[K,
                 from [01m[Kart/runtime/common_throws.h:22[m[K,
                 from [01m[Kart/openjdkjvm/OpenjdkJvm.cc:48[m[K:
[01m[Kart/libartbase/base/atomic.h:[m[K At global scope:
[01m[Kart/libartbase/base/atomic.h:39:12:[m[K [01;35m[Kwarning: [m[Ktemplate-id not allowed for constructor in C++20 [[01;35m[K]8;;https://gcc.gnu.org/onlinedocs/gcc-15.3.0/gcc/C_002b_002b-Dialect-Options.html#index-Wno-template-id-cdtor-Wtemplate-id-cdtor]8;;[m[K]
   39 |   Atomic<T>[01;35m[K([m[K) : std::atomic<T>(T()) { }
      |            [01;35m[K^[m[K
[01m[Kart/libartbase/base/atomic.h:39:12:[m[K [01;36m[Knote: [m[Kremove the '[01m[K< >[m[K'
[01m[Kart/libartbase/base/atomic.h:41:22:[m[K [01;35m[Kwarning: [m[Ktemplate-id not allowed for constructor in C++20 [[01;35m[K]8;;https://gcc.gnu.org/onlinedocs/gcc-15.3.0/gcc/C_002b_002b-Dialect-Options.html#index-Wno-template-id-cdtor-Wtemplate-id-cdtor]8;;[m[K]
   41 |   explicit Atomic<T>([01;35m[KT[m[K value) : std::atomic<T>(value) { }
      |                      [01;35m[K^[m[K
[01m[Kart/libartbase/base/atomic.h:41:22:[m[K [01;36m[Knote: [m[Kremove the '[01m[K< >[m[K'
In file included from [01m[Kart/runtime/stack_reference.h:21[m[K,
                 from [01m[Kart/runtime/handle_scope.h:27[m[K,
                 from [01m[Kart/runtime/thread.h:36[m[K,
                 from [01m[Kart/runtime/thread-current-inl.h:20[m[K,
                 from [01m[Kart/runtime/gc/space/large_object_space.h:25[m[K,
                 from [01m[Kart/runtime/gc/heap.h:39[m[K,
                 from [01m[Kart/openjdkjvm/OpenjdkJvm.cc:49[m[K:
[01m[Kart/runtime/mirror/object_reference.h:167:34:[m[K [01;35m[Kwarning: [m[Ktemplate-id not allowed for constructor in C++20 [[01;35m[K]8;;https://gcc.gnu.org/onlinedocs/gcc-15.3.0/gcc/C_002b_002b-Dialect-Options.html#index-Wno-template-id-cdtor-Wtemplate-id-cdtor]8;;[m[K]
  167 |   CompressedReference<MirrorType>[01;35m[K([m[K) REQUIRES_SHARED(Locks::mutator_lock_)
      |                                  [01;35m[K^[m[K
[01m[Kart/runtime/mirror/object_reference.h:167:34:[m[K [01;36m[Knote: [m[Kremove the '[01m[K< >[m[K'
In file included from [01m[Kart/runtime/thread.h:37[m[K:
[01m[Kart/runtime/interpreter/interpreter_cache.h:90:26:[m[K [01;35m[Kwarning: [m[Kignoring attributes on template argument '[01m[Kart::InterpreterCache::Entry[m[K' {aka '[01m[Kstd::pair<const void*, long unsigned int>[m[K'} [[01;35m[K]8;;https://gcc.gnu.org/onlinedocs/gcc-15.3.0/gcc/Warning-Options.html#index-Wignored-attributes-Wignored-attributes]8;;[m[K]
   90 |   std::array<Entry, kSize[01;35m[K>[m[K data_;
      |                          [01;35m[K^[m[K
In file included from [01m[Kart/runtime/thread.h:39[m[K:
[01m[Kart/runtime/managed_stack.h:167:23:[m[K [01;35m[Kwarning: [m[Kignoring packed attribute because of unpacked non-POD field '[01m[Kart::ManagedStack::TaggedTopQuickFrame art::ManagedStack::tagged_top_quick_frame_[m[K'
  167 |   TaggedTopQuickFrame [01;35m[Ktagged_top_quick_frame_[m[K;
      |                       [01;35m[K^~~~~~~~~~~~~~~~~~~~~~~[m[K
[01m[Kart/runtime/managed_stack.h:[m[K In member function '[01m[Kvoid art::ManagedStack::[01;32m[KPushManagedStackFragment[m[K(art::ManagedStack*)[m[K':
[01m[Kart/runtime/managed_stack.h:55:11:[m[K [01;35m[Kwarning: [m[K'[01m[Kvoid*[01;32m[K memset[m[K(void*, int, size_t)[m[K' clearing an object of non-trivial type '[01m[Kclass art::ManagedStack[m[K'; use assignment or value-initialization instead [[01;35m[K]8;;https://gcc.gnu.org/onlinedocs/gcc-15.3.0/gcc/C_002b_002b-Dialect-Options.html#index-Wclass-memaccess-Wclass-memaccess]8;;[m[K]
   55 |     [01;35m[Kmemset(this, 0, sizeof(ManagedStack))[m[K;
      |     [01;35m[K~~~~~~^~~~~~~~~~~~~~~~~~~~~~~~~~~~~~~[m[K
[01m[Kart/runtime/managed_stack.h:44:17:[m[K [01;36m[Knote: [m[K'[01m[Kclass art::ManagedStack[m[K' declared here
   44 | class PACKED(4) [01;36m[KManagedStack[m[K {
      |                 [01;36m[K^~~~~~~~~~~~[m[K
[01m[Kart/runtime/thread.h:[m[K At global scope:
[01m[Kart/runtime/thread.h:1574:27:[m[K [01;35m[Kwarning: [m[Kignoring packed attribute because of unpacked non-POD field '[01m[Kstd::atomic<unsigned int> art::Thread::tls_32bit_sized_values::use_mterp[m[K'
 1574 |     std::atomic<bool32_t> [01;35m[Kuse_mterp[m[K;
      |                           [01;35m[K^~~~~~~~~[m[K
[01m[Kart/runtime/thread.h:1617:18:[m[K [01;35m[Kwarning: [m[Kignoring packed attribute because of unpacked non-POD field '[01m[Kart::ManagedStack art::Thread::tls_ptr_sized_values::managed_stack[m[K'
 1617 |     ManagedStack [01;35m[Kmanaged_stack[m[K;
      |                  [01;35m[K^~~~~~~~~~~~~[m[K
[01m[Kart/runtime/thread.h:1657:7:[m[K [01;35m[Kwarning: [m[Kignoring packed attribute because of unpacked non-POD field '[01m[Kart::Thread::tls_ptr_sized_values::DepsOrStackTraceSample art::Thread::tls_ptr_sized_values::deps_or_stack_trace_sample[m[K'
 1657 |     } [01;35m[Kdeps_or_stack_trace_sample[m[K;
      |       [01;35m[K^~~~~~~~~~~~~~~~~~~~~~~~~~[m[K
In file included from [01m[Kart/openjdkjvm/OpenjdkJvm.cc:43[m[K:
[01m[Kart/runtime/subtype_check_info.h:[m[K In static member function '[01m[Kstatic art::SubtypeCheckInfo art::SubtypeCheckInfo::[01;32m[KCreateRoot[m[K()[m[K':
[01m[Klibbase/include/android-base/logging.h:267:35:[m[K [01;35m[Kwarning: [m[Kpassing '[01m[Kart::SubtypeCheckInfo::State[m[K' chooses '[01m[Kint[m[K' over '[01m[Kunsigned int[m[K' [[01;35m[K]8;;https://gcc.gnu.org/onlinedocs/gcc-15.3.0/gcc/C_002b_002b-Dialect-Options.html#index-Wno-sign-promo-Wsign-promo]8;;[m[K]
  267 |       << " (" #LHS "=" << _values.[01;35m[Klhs[m[K << ", " #RHS "=" << _values.rhs << ") "
      |                                   [01;35m[K^~~[m[K
[01m[Klibbase/include/android-base/logging.h:275:24:[m[K [01;36m[Knote: [m[Kin expansion of macro '[01m[KCHECK_OP[m[K'
  275 | #define CHECK_EQ(x, y) [01;36m[KCHECK_OP[m[K(x, y, == )
      |                        [01;36m[K^~~~~~~~[m[K
[01m[Klibbase/include/android-base/logging.h:332:40:[m[K [01;36m[Knote: [m[Kin expansion of macro '[01m[KCHECK_EQ[m[K'
  332 |   if (::android::base::kEnableDChecks) [01;36m[KCHECK_EQ[m[K(x, y)
      |                                        [01;36m[K^~~~~~~~[m[K
[01m[Kart/runtime/subtype_check_info.h:204:5:[m[K [01;36m[Knote: [m[Kin expansion of macro '[01m[KDCHECK_EQ[m[K'
  204 |     [01;36m[KDCHECK_EQ[m[K(SubtypeCheckInfo::kAssigned, io.GetState());
      |     [01;36m[K^~~~~~~~~[m[K
[01m[Klibbase/include/android-base/logging.h:267:35:[m[K [01;35m[Kwarning: [m[K  in call to '[01m[Kstd::basic_ostream<_Ch, _Tr>& std::basic_ostream<_CharT, _Traits>::[01;32m[Koperator<<[m[K(int) [35m[K[with _CharT = char; _Traits = std::char_traits<char>][m[K[m[K' [[01;35m[K]8;;https://gcc.gnu.org/onlinedocs/gcc-15.3.0/gcc/C_002b_002b-Dialect-Options.html#index-Wno-sign-promo-Wsign-promo]8;;[m[K]
  267 |       << " (" #LHS "=" << _values.[01;35m[Klhs[m[K << ", " #RHS "=" << _values.rhs << ") "
      |                                   [01;35m[K^~~[m[K
[01m[Klibbase/include/android-base/logging.h:275:24:[m[K [01;36m[Knote: [m[Kin expansion of macro '[01m[KCHECK_OP[m[K'
  275 | #define CHECK_EQ(x, y) [01;36m[KCHECK_OP[m[K(x, y, == )
      |                        [01;36m[K^~~~~~~~[m[K
[01m[Klibbase/include/android-base/logging.h:332:40:[m[K [01;36m[Knote: [m[Kin expansion of macro '[01m[KCHECK_EQ[m[K'
  332 |   if (::android::base::kEnableDChecks) [01;36m[KCHECK_EQ[m[K(x, y)
      |                                        [01;36m[K^~~~~~~~[m[K
[01m[Kart/runtime/subtype_check_info.h:204:5:[m[K [01;36m[Knote: [m[Kin expansion of macro '[01m[KDCHECK_EQ[m[K'
  204 |     [01;36m[KDCHECK_EQ[m[K(SubtypeCheckInfo::kAssigned, io.GetState());
      |     [01;36m[K^~~~~~~~~[m[K
[01m[Klibbase/include/android-base/logging.h:267:67:[m[K [01;35m[Kwarning: [m[Kpassing '[01m[Kart::SubtypeCheckInfo::State[m[K' chooses '[01m[Kint[m[K' over '[01m[Kunsigned int[m[K' [[01;35m[K]8;;https://gcc.gnu.org/onlinedocs/gcc-15.3.0/gcc/C_002b_002b-Dialect-Options.html#index-Wno-sign-promo-Wsign-promo]8;;[m[K]
  267 |       << " (" #LHS "=" << _values.lhs << ", " #RHS "=" << _values.[01;35m[Krhs[m[K << ") "
      |                                                                   [01;35m[K^~~[m[K
[01m[Klibbase/include/android-base/logging.h:275:24:[m[K [01;36m[Knote: [m[Kin expansion of macro '[01m[KCHECK_OP[m[K'
  275 | #define CHECK_EQ(x, y) [01;36m[KCHECK_OP[m[K(x, y, == )
      |                        [01;36m[K^~~~~~~~[m[K
[01m[Klibbase/include/android-base/logging.h:332:40:[m[K [01;36m[Knote: [m[Kin expansion of macro '[01m[KCHECK_EQ[m[K'
  332 |   if (::android::base::kEnableDChecks) [01;36m[KCHECK_EQ[m[K(x, y)
      |                                        [01;36m[K^~~~~~~~[m[K
[01m[Kart/runtime/subtype_check_info.h:204:5:[m[K [01;36m[Knote: [m[Kin expansion of macro '[01m[KDCHECK_EQ[m[K'
  204 |     [01;36m[KDCHECK_EQ[m[K(SubtypeCheckInfo::kAssigned, io.GetState());
      |     [01;36m[K^~~~~~~~~[m[K
[01m[Klibbase/include/android-base/logging.h:267:67:[m[K [01;35m[Kwarning: [m[K  in call to '[01m[Kstd::basic_ostream<_Ch, _Tr>& std::basic_ostream<_CharT, _Traits>::[01;32m[Koperator<<[m[K(int) [35m[K[with _CharT = char; _Traits = std::char_traits<char>][m[K[m[K' [[01;35m[K]8;;https://gcc.gnu.org/onlinedocs/gcc-15.3.0/gcc/C_002b_002b-Dialect-Options.html#index-Wno-sign-promo-Wsign-promo]8;;[m[K]
  267 |       << " (" #LHS "=" << _values.lhs << ", " #RHS "=" << _values.[01;35m[Krhs[m[K << ") "
      |                                                                   [01;35m[K^~~[m[K
[01m[Klibbase/include/android-base/logging.h:275:24:[m[K [01;36m[Knote: [m[Kin expansion of macro '[01m[KCHECK_OP[m[K'
  275 | #define CHECK_EQ(x, y) [01;36m[KCHECK_OP[m[K(x, y, == )
      |                        [01;36m[K^~~~~~~~[m[K
[01m[Klibbase/include/android-base/logging.h:332:40:[m[K [01;36m[Knote: [m[Kin expansion of macro '[01m[KCHECK_EQ[m[K'
  332 |   if (::android::base::kEnableDChecks) [01;36m[KCHECK_EQ[m[K(x, y)
      |                                        [01;36m[K^~~~~~~~[m[K
[01m[Kart/runtime/subtype_check_info.h:204:5:[m[K [01;36m[Knote: [m[Kin expansion of macro '[01m[KDCHECK_EQ[m[K'
  204 |     [01;36m[KDCHECK_EQ[m[K(SubtypeCheckInfo::kAssigned, io.GetState());
      |     [01;36m[K^~~~~~~~~[m[K
In file included from [01m[Kart/runtime/subtype_check.h:21[m[K,
                 from [01m[Kart/runtime/mirror/class-inl.h:41[m[K:
[01m[Kart/runtime/subtype_check_info.h:[m[K In member function '[01m[Kart::SubtypeCheckInfo art::SubtypeCheckInfo::[01;32m[KCreateChild[m[K(bool)[m[K':
[01m[Kart/runtime/subtype_check_info.h:222:55:[m[K [01;35m[Kwarning: [m[Kpassing '[01m[Kart::SubtypeCheckInfo::State[m[K' chooses '[01m[Kint[m[K' over '[01m[Kunsigned int[m[K' [[01;35m[K]8;;https://gcc.gnu.org/onlinedocs/gcc-15.3.0/gcc/C_002b_002b-Dialect-Options.html#index-Wno-sign-promo-Wsign-promo]8;;[m[K]
  222 |         << "Unexpected bitstring state: " << GetState([01;35m[K)[m[K;
      |                                                       [01;35m[K^[m[K
[01m[Kart/runtime/subtype_check_info.h:222:55:[m[K [01;35m[Kwarning: [m[K  in call to '[01m[Kstd::basic_ostream<_Ch, _Tr>& std::basic_ostream<_CharT, _Traits>::[01;32m[Koperator<<[m[K(int) [35m[K[with _CharT = char; _Traits = std::char_traits<char>][m[K[m[K' [[01;35m[K]8;;https://gcc.gnu.org/onlinedocs/gcc-15.3.0/gcc/C_002b_002b-Dialect-Options.html#index-Wno-sign-promo-Wsign-promo]8;;[m[K]
[01m[Klibbase/include/android-base/logging.h:267:35:[m[K [01;35m[Kwarning: [m[Kpassing '[01m[Kart::SubtypeCheckInfo::State[m[K' chooses '[01m[Kint[m[K' over '[01m[Kunsigned int[m[K' [[01;35m[K]8;;https://gcc.gnu.org/onlinedocs/gcc-15.3.0/gcc/C_002b_002b-Dialect-Options.html#index-Wno-sign-promo-Wsign-promo]8;;[m[K]
  267 |       << " (" #LHS "=" << _values.[01;35m[Klhs[m[K << ", " #RHS "=" << _values.rhs << ") "
      |                                   [01;35m[K^~~[m[K
[01m[Klibbase/include/android-base/logging.h:276:24:[m[K [01;36m[Knote: [m[Kin expansion of macro '[01m[KCHECK_OP[m[K'
  276 | #define CHECK_NE(x, y) [01;36m[KCHECK_OP[m[K(x, y, != )
      |                        [01;36m[K^~~~~~~~[m[K
[01m[Klibbase/include/android-base/logging.h:334:40:[m[K [01;36m[Knote: [m[Kin expansion of macro '[01m[KCHECK_NE[m[K'
  334 |   if (::android::base::kEnableDChecks) [01;36m[KCHECK_NE[m[K(x, y)
      |                                        [01;36m[K^~~~~~~~[m[K
[01m[Kart/runtime/subtype_check_info.h:234:5:[m[K [01;36m[Knote: [m[Kin expansion of macro '[01m[KDCHECK_NE[m[K'
  234 |     [01;36m[KDCHECK_NE[m[K(kAssigned, child.GetState()) << child.GetBitString();
      |     [01;36m[K^~~~~~~~~[m[K
[01m[Klibbase/include/android-base/logging.h:267:35:[m[K [01;35m[Kwarning: [m[K  in call to '[01m[Kstd::basic_ostream<_Ch, _Tr>& std::basic_ostream<_CharT, _Traits>::[01;32m[Koperator<<[m[K(int) [35m[K[with _CharT = char; _Traits = std::char_traits<char>][m[K[m[K' [[01;35m[K]8;;https://gcc.gnu.org/onlinedocs/gcc-15.3.0/gcc/C_002b_002b-Dialect-Options.html#index-Wno-sign-promo-Wsign-promo]8;;[m[K]
  267 |       << " (" #LHS "=" << _values.[01;35m[Klhs[m[K << ", " #RHS "=" << _values.rhs << ") "
      |                                   [01;35m[K^~~[m[K
[01m[Klibbase/include/android-base/logging.h:276:24:[m[K [01;36m[Knote: [m[Kin expansion of macro '[01m[KCHECK_OP[m[K'
  276 | #define CHECK_NE(x, y) [01;36m[KCHECK_OP[m[K(x, y, != )
      |                        [01;36m[K^~~~~~~~[m[K
[01m[Klibbase/include/android-base/logging.h:334:40:[m[K [01;36m[Knote: [m[Kin expansion of macro '[01m[KCHECK_NE[m[K'
  334 |   if (::android::base::kEnableDChecks) [01;36m[KCHECK_NE[m[K(x, y)
      |                                        [01;36m[K^~~~~~~~[m[K
[01m[Kart/runtime/subtype_check_info.h:234:5:[m[K [01;36m[Knote: [m[Kin expansion of macro '[01m[KDCHECK_NE[m[K'
  234 |     [01;36m[KDCHECK_NE[m[K(kAssigned, child.GetState()) << child.GetBitString();
      |     [01;36m[K^~~~~~~~~[m[K
[01m[Klibbase/include/android-base/logging.h:267:67:[m[K [01;35m[Kwarning: [m[Kpassing '[01m[Kart::SubtypeCheckInfo::State[m[K' chooses '[01m[Kint[m[K' over '[01m[Kunsigned int[m[K' [[01;35m[K]8;;https://gcc.gnu.org/onlinedocs/gcc-15.3.0/gcc/C_002b_002b-Dialect-Options.html#index-Wno-sign-promo-Wsign-promo]8;;[m[K]
  267 |       << " (" #LHS "=" << _values.lhs << ", " #RHS "=" << _values.[01;35m[Krhs[m[K << ") "
      |                                                                   [01;35m[K^~~[m[K
[01m[Klibbase/include/android-base/logging.h:276:24:[m[K [01;36m[Knote: [m[Kin expansion of macro '[01m[KCHECK_OP[m[K'
  276 | #define CHECK_NE(x, y) [01;36m[KCHECK_OP[m[K(x, y, != )
      |                        [01;36m[K^~~~~~~~[m[K
[01m[Klibbase/include/android-base/logging.h:334:40:[m[K [01;36m[Knote: [m[Kin expansion of macro '[01m[KCHECK_NE[m[K'
  334 |   if (::android::base::kEnableDChecks) [01;36m[KCHECK_NE[m[K(x, y)
      |                                        [01;36m[K^~~~~~~~[m[K
[01m[Kart/runtime/subtype_check_info.h:234:5:[m[K [01;36m[Knote: [m[Kin expansion of macro '[01m[KDCHECK_NE[m[K'
  234 |     [01;36m[KDCHECK_NE[m[K(kAssigned, child.GetState()) << child.GetBitString();
      |     [01;36m[K^~~~~~~~~[m[K
[01m[Klibbase/include/android-base/logging.h:267:67:[m[K [01;35m[Kwarning: [m[K  in call to '[01m[Kstd::basic_ostream<_Ch, _Tr>& std::basic_ostream<_CharT, _Traits>::[01;32m[Koperator<<[m[K(int) [35m[K[with _CharT = char; _Traits = std::char_traits<char>][m[K[m[K' [[01;35m[K]8;;https://gcc.gnu.org/onlinedocs/gcc-15.3.0/gcc/C_002b_002b-Dialect-Options.html#index-Wno-sign-promo-Wsign-promo]8;;[m[K]
  267 |       << " (" #LHS "=" << _values.lhs << ", " #RHS "=" << _values.[01;35m[Krhs[m[K << ") "
      |                                                                   [01;35m[K^~~[m[K
[01m[Klibbase/include/android-base/logging.h:276:24:[m[K [01;36m[Knote: [m[Kin expansion of macro '[01m[KCHECK_OP[m[K'
  276 | #define CHECK_NE(x, y) [01;36m[KCHECK_OP[m[K(x, y, != )
      |                        [01;36m[K^~~~~~~~[m[K
[01m[Klibbase/include/android-base/logging.h:334:40:[m[K [01;36m[Knote: [m[Kin expansion of macro '[01m[KCHECK_NE[m[K'
  334 |   if (::android::base::kEnableDChecks) [01;36m[KCHECK_NE[m[K(x, y)
      |                                        [01;36m[K^~~~~~~~[m[K
[01m[Kart/runtime/subtype_check_info.h:234:5:[m[K [01;36m[Knote: [m[Kin expansion of macro '[01m[KDCHECK_NE[m[K'
  234 |     [01;36m[KDCHECK_NE[m[K(kAssigned, child.GetState()) << child.GetBitString();
      |     [01;36m[K^~~~~~~~~[m[K
[01m[Klibbase/include/android-base/logging.h:267:35:[m[K [01;35m[Kwarning: [m[Kpassing '[01m[Kart::SubtypeCheckInfo::State[m[K' chooses '[01m[Kint[m[K' over '[01m[Kunsigned int[m[K' [[01;35m[K]8;;https://gcc.gnu.org/onlinedocs/gcc-15.3.0/gcc/C_002b_002b-Dialect-Options.html#index-Wno-sign-promo-Wsign-promo]8;;[m[K]
  267 |       << " (" #LHS "=" << _values.[01;35m[Klhs[m[K << ", " #RHS "=" << _values.rhs << ") "
      |                                   [01;35m[K^~~[m[K
[01m[Klibbase/include/android-base/logging.h:276:24:[m[K [01;36m[Knote: [m[Kin expansion of macro '[01m[KCHECK_OP[m[K'
  276 | #define CHECK_NE(x, y) [01;36m[KCHECK_OP[m[K(x, y, != )
      |                        [01;36m[K^~~~~~~~[m[K
[01m[Klibbase/include/android-base/logging.h:334:40:[m[K [01;36m[Knote: [m[Kin expansion of macro '[01m[KCHECK_NE[m[K'
  334 |   if (::android::base::kEnableDChecks) [01;36m[KCHECK_NE[m[K(x, y)
      |                                        [01;36m[K^~~~~~~~[m[K
[01m[Kart/runtime/subtype_check_info.h:235:5:[m[K [01;36m[Knote: [m[Kin expansion of macro '[01m[KDCHECK_NE[m[K'
  235 |     [01;36m[KDCHECK_NE[m[K(kUninitialized, child.GetState()) << child.GetBitString();
      |     [01;36m[K^~~~~~~~~[m[K
[01m[Klibbase/include/android-base/logging.h:267:35:[m[K [01;35m[Kwarning: [m[K  in call to '[01m[Kstd::basic_ostream<_Ch, _Tr>& std::basic_ostream<_CharT, _Traits>::[01;32m[Koperator<<[m[K(int) [35m[K[with _CharT = char; _Traits = std::char_traits<char>][m[K[m[K' [[01;35m[K]8;;https://gcc.gnu.org/onlinedocs/gcc-15.3.0/gcc/C_002b_002b-Dialect-Options.html#index-Wno-sign-promo-Wsign-promo]8;;[m[K]
  267 |       << " (" #LHS "=" << _values.[01;35m[Klhs[m[K << ", " #RHS "=" << _values.rhs << ") "
      |                                   [01;35m[K^~~[m[K
[01m[Klibbase/include/android-base/logging.h:276:24:[m[K [01;36m[Knote: [m[Kin expansion of macro '[01m[KCHECK_OP[m[K'
  276 | #define CHECK_NE(x, y) [01;36m[KCHECK_OP[m[K(x, y, != )
      |                        [01;36m[K^~~~~~~~[m[K
[01m[Klibbase/include/android-base/logging.h:334:40:[m[K [01;36m[Knote: [m[Kin expansion of macro '[01m[KCHECK_NE[m[K'
  334 |   if (::android::base::kEnableDChecks) [01;36m[KCHECK_NE[m[K(x, y)
      |                                        [01;36m[K^~~~~~~~[m[K
[01m[Kart/runtime/subtype_check_info.h:235:5:[m[K [01;36m[Knote: [m[Kin expansion of macro '[01m[KDCHECK_NE[m[K'
  235 |     [01;36m[KDCHECK_NE[m[K(kUninitialized, child.GetState()) << child.GetBitString();
      |     [01;36m[K^~~~~~~~~[m[K
[01m[Klibbase/include/android-base/logging.h:267:67:[m[K [01;35m[Kwarning: [m[Kpassing '[01m[Kart::SubtypeCheckInfo::State[m[K' chooses '[01m[Kint[m[K' over '[01m[Kunsigned int[m[K' [[01;35m[K]8;;https://gcc.gnu.org/onlinedocs/gcc-15.3.0/gcc/C_002b_002b-Dialect-Options.html#index-Wno-sign-promo-Wsign-promo]8;;[m[K]
  267 |       << " (" #LHS "=" << _values.lhs << ", " #RHS "=" << _values.[01;35m[Krhs[m[K << ") "
      |                                                                   [01;35m[K^~~[m[K
[01m[Klibbase/include/android-base/logging.h:276:24:[m[K [01;36m[Knote: [m[Kin expansion of macro '[01m[KCHECK_OP[m[K'
  276 | #define CHECK_NE(x, y) [01;36m[KCHECK_OP[m[K(x, y, != )
      |                        [01;36m[K^~~~~~~~[m[K
[01m[Klibbase/include/android-base/logging.h:334:40:[m[K [01;36m[Knote: [m[Kin expansion of macro '[01m[KCHECK_NE[m[K'
  334 |   if (::android::base::kEnableDChecks) [01;36m[KCHECK_NE[m[K(x, y)
      |                                        [01;36m[K^~~~~~~~[m[K
[01m[Kart/runtime/subtype_check_info.h:235:5:[m[K [01;36m[Knote: [m[Kin expansion of macro '[01m[KDCHECK_NE[m[K'
  235 |     [01;36m[KDCHECK_NE[m[K(kUninitialized, child.GetState()) << child.GetBitString();
      |     [01;36m[K^~~~~~~~~[m[K
[01m[Klibbase/include/android-base/logging.h:267:67:[m[K [01;35m[Kwarning: [m[K  in call to '[01m[Kstd::basic_ostream<_Ch, _Tr>& std::basic_ostream<_CharT, _Traits>::[01;32m[Koperator<<[m[K(int) [35m[K[with _CharT = char; _Traits = std::char_traits<char>][m[K[m[K' [[01;35m[K]8;;https://gcc.gnu.org/onlinedocs/gcc-15.3.0/gcc/C_002b_002b-Dialect-Options.html#index-Wno-sign-promo-Wsign-promo]8;;[m[K]
  267 |       << " (" #LHS "=" << _values.lhs << ", " #RHS "=" << _values.[01;35m[Krhs[m[K << ") "
      |                                                                   [01;35m[K^~~[m[K
[01m[Klibbase/include/android-base/logging.h:276:24:[m[K [01;36m[Knote: [m[Kin expansion of macro '[01m[KCHECK_OP[m[K'
  276 | #define CHECK_NE(x, y) [01;36m[KCHECK_OP[m[K(x, y, != )
      |                        [01;36m[K^~~~~~~~[m[K
[01m[Klibbase/include/android-base/logging.h:334:40:[m[K [01;36m[Knote: [m[Kin expansion of macro '[01m[KCHECK_NE[m[K'
  334 |   if (::android::base::kEnableDChecks) [01;36m[KCHECK_NE[m[K(x, y)
      |                                        [01;36m[K^~~~~~~~[m[K
[01m[Kart/runtime/subtype_check_info.h:235:5:[m[K [01;36m[Knote: [m[Kin expansion of macro '[01m[KDCHECK_NE[m[K'
  235 |     [01;36m[KDCHECK_NE[m[K(kUninitialized, child.GetState()) << child.GetBitString();
      |     [01;36m[K^~~~~~~~~[m[K
[01m[Kart/runtime/mirror/class-inl.h:[m[K In member function '[01m[Kbool art::mirror::Class::[01;32m[KIsSubClass[m[K(art::ObjPtr<art::mirror::Class>)[m[K':
[01m[Klibbase/include/android-base/logging.h:267:35:[m[K [01;35m[Kwarning: [m[Kpassing '[01m[Kart::SubtypeCheckInfo::Result[m[K' chooses '[01m[Kint[m[K' over '[01m[Kunsigned int[m[K' [[01;35m[K]8;;https://gcc.gnu.org/onlinedocs/gcc-15.3.0/gcc/C_002b_002b-Dialect-Options.html#index-Wno-sign-promo-Wsign-promo]8;;[m[K]
  267 |       << " (" #LHS "=" << _values.[01;35m[Klhs[m[K << ", " #RHS "=" << _values.rhs << ") "
      |                                   [01;35m[K^~~[m[K
[01m[Klibbase/include/android-base/logging.h:275:24:[m[K [01;36m[Knote: [m[Kin expansion of macro '[01m[KCHECK_OP[m[K'
  275 | #define CHECK_EQ(x, y) [01;36m[KCHECK_OP[m[K(x, y, == )
      |                        [01;36m[K^~~~~~~~[m[K
[01m[Klibbase/include/android-base/logging.h:332:40:[m[K [01;36m[Knote: [m[Kin expansion of macro '[01m[KCHECK_EQ[m[K'
  332 |   if (::android::base::kEnableDChecks) [01;36m[KCHECK_EQ[m[K(x, y)
      |                                        [01;36m[K^~~~~~~~[m[K
[01m[Kart/runtime/mirror/class-inl.h:587:7:[m[K [01;36m[Knote: [m[Kin expansion of macro '[01m[KDCHECK_EQ[m[K'
  587 |       [01;36m[KDCHECK_EQ[m[K(expected_result, sc_result)
      |       [01;36m[K^~~~~~~~~[m[K
[01m[Klibbase/include/android-base/logging.h:267:35:[m[K [01;35m[Kwarning: [m[K  in call to '[01m[Kstd::basic_ostream<_Ch, _Tr>& std::basic_ostream<_CharT, _Traits>::[01;32m[Koperator<<[m[K(int) [35m[K[with _CharT = char; _Traits = std::char_traits<char>][m[K[m[K' [[01;35m[K]8;;https://gcc.gnu.org/onlinedocs/gcc-15.3.0/gcc/C_002b_002b-Dialect-Options.html#index-Wno-sign-promo-Wsign-promo]8;;[m[K]
  267 |       << " (" #LHS "=" << _values.[01;35m[Klhs[m[K << ", " #RHS "=" << _values.rhs << ") "
      |                                   [01;35m[K^~~[m[K
[01m[Klibbase/include/android-base/logging.h:275:24:[m[K [01;36m[Knote: [m[Kin expansion of macro '[01m[KCHECK_OP[m[K'
  275 | #define CHECK_EQ(x, y) [01;36m[KCHECK_OP[m[K(x, y, == )
      |                        [01;36m[K^~~~~~~~[m[K
[01m[Klibbase/include/android-base/logging.h:332:40:[m[K [01;36m[Knote: [m[Kin expansion of macro '[01m[KCHECK_EQ[m[K'
  332 |   if (::android::base::kEnableDChecks) [01;36m[KCHECK_EQ[m[K(x, y)
      |                                        [01;36m[K^~~~~~~~[m[K
[01m[Kart/runtime/mirror/class-inl.h:587:7:[m[K [01;36m[Knote: [m[Kin expansion of macro '[01m[KDCHECK_EQ[m[K'
  587 |       [01;36m[KDCHECK_EQ[m[K(expected_result, sc_result)
      |       [01;36m[K^~~~~~~~~[m[K
[01m[Klibbase/include/android-base/logging.h:267:67:[m[K [01;35m[Kwarning: [m[Kpassing '[01m[Kart::SubtypeCheckInfo::Result[m[K' chooses '[01m[Kint[m[K' over '[01m[Kunsigned int[m[K' [[01;35m[K]8;;https://gcc.gnu.org/onlinedocs/gcc-15.3.0/gcc/C_002b_002b-Dialect-Options.html#index-Wno-sign-promo-Wsign-promo]8;;[m[K]
  267 |       << " (" #LHS "=" << _values.lhs << ", " #RHS "=" << _values.[01;35m[Krhs[m[K << ") "
      |                                                                   [01;35m[K^~~[m[K
[01m[Klibbase/include/android-base/logging.h:275:24:[m[K [01;36m[Knote: [m[Kin expansion of macro '[01m[KCHECK_OP[m[K'
  275 | #define CHECK_EQ(x, y) [01;36m[KCHECK_OP[m[K(x, y, == )
      |                        [01;36m[K^~~~~~~~[m[K
[01m[Klibbase/include/android-base/logging.h:332:40:[m[K [01;36m[Knote: [m[Kin expansion of macro '[01m[KCHECK_EQ[m[K'
  332 |   if (::android::base::kEnableDChecks) [01;36m[KCHECK_EQ[m[K(x, y)
      |                                        [01;36m[K^~~~~~~~[m[K
[01m[Kart/runtime/mirror/class-inl.h:587:7:[m[K [01;36m[Knote: [m[Kin expansion of macro '[01m[KDCHECK_EQ[m[K'
  587 |       [01;36m[KDCHECK_EQ[m[K(expected_result, sc_result)
      |       [01;36m[K^~~~~~~~~[m[K
[01m[Klibbase/include/android-base/logging.h:267:67:[m[K [01;35m[Kwarning: [m[K  in call to '[01m[Kstd::basic_ostream<_Ch, _Tr>& std::basic_ostream<_CharT, _Traits>::[01;32m[Koperator<<[m[K(int) [35m[K[with _CharT = char; _Traits = std::char_traits<char>][m[K[m[K' [[01;35m[K]8;;https://gcc.gnu.org/onlinedocs/gcc-15.3.0/gcc/C_002b_002b-Dialect-Options.html#index-Wno-sign-promo-Wsign-promo]8;;[m[K]
  267 |       << " (" #LHS "=" << _values.lhs << ", " #RHS "=" << _values.[01;35m[Krhs[m[K << ") "
      |                                                                   [01;35m[K^~~[m[K
[01m[Klibbase/include/android-base/logging.h:275:24:[m[K [01;36m[Knote: [m[Kin expansion of macro '[01m[KCHECK_OP[m[K'
  275 | #define CHECK_EQ(x, y) [01;36m[KCHECK_OP[m[K(x, y, == )
      |                        [01;36m[K^~~~~~~~[m[K
[01m[Klibbase/include/android-base/logging.h:332:40:[m[K [01;36m[Knote: [m[Kin expansion of macro '[01m[KCHECK_EQ[m[K'
  332 |   if (::android::base::kEnableDChecks) [01;36m[KCHECK_EQ[m[K(x, y)
      |                                        [01;36m[K^~~~~~~~[m[K
[01m[Kart/runtime/mirror/class-inl.h:587:7:[m[K [01;36m[Knote: [m[Kin expansion of macro '[01m[KDCHECK_EQ[m[K'
  587 |       [01;36m[KDCHECK_EQ[m[K(expected_result, sc_result)
      |       [01;36m[K^~~~~~~~~[m[K
In file included from [01m[K/nix/store/29isvm6vfq10c528i31igdiy3fnvjcm3-glibc-2.42-67-dev/include/string.h:548[m[K,
                 from [01m[K/nix/store/29isvm6vfq10c528i31igdiy3fnvjcm3-glibc-2.42-67-dev/include/sys/un.h:38[m[K,
                 from [01m[Klibcore/luni/src/main/native/libcore_io_Linux.cpp:43[m[K:
In function '[01m[Kvoid*[01;32m[K memset[m[K(void*, int, size_t)[m[K',
    inlined from '[01m[Kjint[01;32m[K Linux_poll[m[K(JNIEnv*, jobject, jobjectArray, jint)[m[K' at [01m[Klibcore/luni/src/main/native/libcore_io_Linux.cpp:1864:11[m[K:
[01m[K/nix/store/29isvm6vfq10c528i31igdiy3fnvjcm3-glibc-2.42-67-dev/include/bits/string_fortified.h:59:33:[m[K [01;35m[Kwarning: [m[K'[01m[Kvoid*[01;32m[K __builtin_memset[m[K(void*, int, long unsigned int)[m[K' specified bound between 18446744056529682432 and 18446744073709551608 exceeds maximum object size 9223372036854775807 [[01;35m[K]8;;https://gcc.gnu.org/onlinedocs/gcc-15.3.0/gcc/Warning-Options.html#index-Wno-stringop-overflow-Wstringop-overflow=]8;;[m[K]
   59 |   return [01;35m[K__builtin___memset_chk (__dest, __ch, __len,[m[K
      |          [01;35m[K~~~~~~~~~~~~~~~~~~~~~~~^~~~~~~~~~~~~~~~~~~~~[m[K
   60 | [01;35m[K                                 __glibc_objsize0 (__dest))[m[K;
      |                                  [01;35m[K~~~~~~~~~~~~~~~~~~~~~~~~~~[m[K
[01m[Klibcore/luni/src/main/native/libcore_io_Linux.cpp:[m[K In function '[01m[K_jobjectArray*[01;32m[K Linux_getifaddrs[m[K(JNIEnv*, jobject)[m[K':
[01m[Klibcore/luni/src/main/native/libcore_io_Linux.cpp:1599:35:[m[K [01;35m[Kwarning: [m[K'[01m[Kaddr[m[K' may be used uninitialized [[01;35m[K]8;;https://gcc.gnu.org/onlinedocs/gcc-15.3.0/gcc/Warning-Options.html#index-Wmaybe-uninitialized-Wmaybe-uninitialized]8;;[m[K]
 1599 |         jobject o = [01;35m[Kenv->NewObject(JniConstants::structIfaddrs, ctor, name, flags, addr, netmask,[m[K
      |                     [01;35m[K~~~~~~~~~~~~~~^~~~~~~~~~~~~~~~~~~~~~~~~~~~~~~~~~~~~~~~~~~~~~~~~~~~~~~~~~~~~~~[m[K
 1600 | [01;35m[K                                   broad, hwaddr)[m[K;
      |                                    [01;35m[K~~~~~~~~~~~~~~[m[K
[01m[Klibcore/luni/src/main/native/libcore_io_Linux.cpp:1548:17:[m[K [01;36m[Knote: [m[K'[01m[Kaddr[m[K' was declared here
 1548 |         jobject [01;36m[Kaddr[m[K, netmask, broad;
      |                 [01;36m[K^~~~[m[K
[01m[Klibcore/luni/src/main/native/libcore_io_Linux.cpp:1599:35:[m[K [01;35m[Kwarning: [m[K'[01m[Knetmask[m[K' may be used uninitialized [[01;35m[K]8;;https://gcc.gnu.org/onlinedocs/gcc-15.3.0/gcc/Warning-Options.html#index-Wmaybe-uninitialized-Wmaybe-uninitialized]8;;[m[K]
 1599 |         jobject o = [01;35m[Kenv->NewObject(JniConstants::structIfaddrs, ctor, name, flags, addr, netmask,[m[K
      |                     [01;35m[K~~~~~~~~~~~~~~^~~~~~~~~~~~~~~~~~~~~~~~~~~~~~~~~~~~~~~~~~~~~~~~~~~~~~~~~~~~~~~[m[K
 1600 | [01;35m[K                                   broad, hwaddr)[m[K;
      |                                    [01;35m[K~~~~~~~~~~~~~~[m[K
[01m[Klibcore/luni/src/main/native/libcore_io_Linux.cpp:1548:23:[m[K [01;36m[Knote: [m[K'[01m[Knetmask[m[K' was declared here
 1548 |         jobject addr, [01;36m[Knetmask[m[K, broad;
      |                       [01;36m[K^~~~~~~[m[K
[01m[Klibcore/luni/src/main/native/libcore_io_Linux.cpp:1599:35:[m[K [01;35m[Kwarning: [m[K'[01m[Kbroad[m[K' may be used uninitialized [[01;35m[K]8;;https://gcc.gnu.org/onlinedocs/gcc-15.3.0/gcc/Warning-Options.html#index-Wmaybe-uninitialized-Wmaybe-uninitialized]8;;[m[K]
 1599 |         jobject o = [01;35m[Kenv->NewObject(JniConstants::structIfaddrs, ctor, name, flags, addr, netmask,[m[K
      |                     [01;35m[K~~~~~~~~~~~~~~^~~~~~~~~~~~~~~~~~~~~~~~~~~~~~~~~~~~~~~~~~~~~~~~~~~~~~~~~~~~~~~[m[K
 1600 | [01;35m[K                                   broad, hwaddr)[m[K;
      |                                    [01;35m[K~~~~~~~~~~~~~~[m[K
[01m[Klibcore/luni/src/main/native/libcore_io_Linux.cpp:1548:32:[m[K [01;36m[Knote: [m[K'[01m[Kbroad[m[K' was declared here
 1548 |         jobject addr, netmask, [01;36m[Kbroad[m[K;
      |                                [01;36m[K^~~~~[m[K
In file included from [01m[Kart/libdexfile/dex/dex_file-inl.h:20[m[K,
                 from [01m[Kart/runtime/mirror/class-inl.h:31[m[K,
                 from [01m[Kart/runtime/mirror/string-inl.h:23[m[K,
                 from [01m[Kart/openjdkjvm/OpenjdkJvm.cc:54[m[K:
[01m[Kart/libdexfile/dex/dex_file.h:981:15:[m[K [01;35m[Kwarning: [m[Kredundant redeclaration of '[01m[Kstd::ostream& art::[01;32m[Koperator<<[m[K(std::ostream&, const EncodedArrayValueIterator::ValueType&)[m[K' in same scope [[01;35m[K]8;;https://gcc.gnu.org/onlinedocs/gcc-15.3.0/gcc/Warning-Options.html#index-Wno-redundant-decls-Wredundant-decls]8;;[m[K]
  981 | std::ostream& [01;35m[Koperator[m[K<<(std::ostream& os, const EncodedStaticFieldValueIterator::ValueType& code);
      |               [01;35m[K^~~~~~~~[m[K
[01m[Kart/libdexfile/dex/dex_file.h:968:15:[m[K [01;36m[Knote: [m[Kprevious declaration of '[01m[Kstd::ostream& art::[01;32m[Koperator<<[m[K(std::ostream&, const EncodedArrayValueIterator::ValueType&)[m[K'
  968 | std::ostream& [01;36m[Koperator[m[K<<(std::ostream& os, const EncodedArrayValueIterator::ValueType& code);
      |               [01;36m[K^~~~~~~~[m[K
[01m[Kart/libdexfile/dex/dex_file.h:996:15:[m[K [01;35m[Kwarning: [m[Kredundant redeclaration of '[01m[Kstd::ostream& art::[01;32m[Koperator<<[m[K(std::ostream&, const EncodedArrayValueIterator::ValueType&)[m[K' in same scope [[01;35m[K]8;;https://gcc.gnu.org/onlinedocs/gcc-15.3.0/gcc/Warning-Options.html#index-Wno-redundant-decls-Wredundant-decls]8;;[m[K]
  996 | std::ostream& [01;35m[Koperator[m[K<<(std::ostream& os, const CallSiteArrayValueIterator::ValueType& code);
      |               [01;35m[K^~~~~~~~[m[K
[01m[Kart/libdexfile/dex/dex_file.h:981:15:[m[K [01;36m[Knote: [m[Kprevious declaration of '[01m[Kstd::ostream& art::[01;32m[Koperator<<[m[K(std::ostream&, const EncodedArrayValueIterator::ValueType&)[m[K'
  981 | std::ostream& [01;36m[Koperator[m[K<<(std::ostream& os, const EncodedStaticFieldValueIterator::ValueType& code);
      |               [01;36m[K^~~~~~~~[m[K
In file included from [01m[Kart/runtime/mirror/class-inl.h:33[m[K:
art/runtime/mirror/dex_cache.h: In instantiation of '[01m[Kstruct art::mirror::DexCachePair<art::mirror::String>[m[K':
[01m[K/nix/store/qrn789mrv652j7f5bcjp367npzpcyvdi-gcc-15.3.0/include/c++/15.3.0/atomic:206:5:[m[K   required from '[01m[Kconstexpr const int std::atomic<art::mirror::DexCachePair<art::mirror::String> >::_S_min_alignment[m[K'
  206 |         = ([01;36m[Ksizeof(_Tp)[m[K & (sizeof(_Tp) - 1)) || sizeof(_Tp) > 16
      |            [01;36m[K^~~~~~~~~~~[m[K
[01m[K/nix/store/qrn789mrv652j7f5bcjp367npzpcyvdi-gcc-15.3.0/include/c++/15.3.0/atomic:210:11:[m[K   required from '[01m[Kconstexpr const int std::atomic<art::mirror::DexCachePair<art::mirror::String> >::_S_alignment[m[K'
  210 |         = [01;36m[K_S_min_alignment[m[K > alignof(_Tp) ? _S_min_alignment : alignof(_Tp);
      |           [01;36m[K^~~~~~~~~~~~~~~~[m[K
[01m[K/nix/store/qrn789mrv652j7f5bcjp367npzpcyvdi-gcc-15.3.0/include/c++/15.3.0/atomic:212:33:[m[K   required from '[01m[Kstruct std::atomic<art::mirror::DexCachePair<art::mirror::String> >[m[K'
  212 |       alignas(_S_alignment) _Tp [01;36m[K_M_i[m[K;
      |                                 [01;36m[K^~~~[m[K
[01m[Kart/runtime/mirror/object.h:579:52:[m[K   required from '[01m[Kvoid art::mirror::Object::[01;32m[KSetFieldPtrWithSize[m[K(art::MemberOffset, T, art::PointerSize) [35m[K[with bool kTransactionActive = false; bool kCheckTransaction = true; art::VerifyObjectFlags kVerifyFlags = art::kVerifyNone; T = std::atomic<art::mirror::DexCachePair<art::mirror::String> >*][m[K[m[K'
  579 |           field_offset, [01;36m[Kreinterpret_cast32<int32_t>(new_value)[m[K);
      |                         [01;36m[K~~~~~~~~~~~~~~~~~~~~~~~~~~~^~~~~~~~~~~[m[K
[01m[Kart/runtime/mirror/object.h:556:77:[m[K   required from '[01m[Kvoid art::mirror::Object::[01;32m[KSetFieldPtr[m[K(art::MemberOffset, T) [35m[K[with bool kTransactionActive = false; bool kCheckTransaction = true; art::VerifyObjectFlags kVerifyFlags = art::kVerifyNone; T = std::atomic<art::mirror::DexCachePair<art::mirror::String> >*][m[K[m[K'
  556 |     [01;36m[KSetFieldPtrWithSize<kTransactionActive, kCheckTransaction, kVerifyFlags>([m[K
      |     [01;36m[K~~~~~~~~~~~~~~~~~~~~~~~~~~~~~~~~~~~~~~~~~~~~~~~~~~~~~~~~~~~~~~~~~~~~~~~~^[m[K
  557 | [01;36m[K        field_offset, new_value, kRuntimePointerSize)[m[K;
      |         [01;36m[K~~~~~~~~~~~~~~~~~~~~~~~~~~~~~~~~~~~~~~~~~~~~~[m[K                        
[01m[Kart/runtime/mirror/dex_cache.h:346:23:[m[K   required from here
  346 |     [01;36m[KSetFieldPtr<false>(StringsOffset(), strings)[m[K;
      |     [01;36m[K~~~~~~~~~~~~~~~~~~^~~~~~~~~~~~~~~~~~~~~~~~~~[m[K
[01m[Kart/runtime/mirror/dex_cache.h:50:13:[m[K [01;35m[Kwarning: [m[Kignoring packed attribute because of unpacked non-POD field '[01m[Kart::GcRoot<art::mirror::String> art::mirror::DexCachePair<art::mirror::String>::object[m[K'
   50 |   GcRoot<T> [01;35m[Kobject[m[K;
      |             [01;35m[K^~~~~~[m[K
art/runtime/mirror/dex_cache.h: In instantiation of '[01m[Kstruct art::mirror::DexCachePair<art::mirror::Class>[m[K':
[01m[K/nix/store/qrn789mrv652j7f5bcjp367npzpcyvdi-gcc-15.3.0/include/c++/15.3.0/atomic:206:5:[m[K   required from '[01m[Kconstexpr const int std::atomic<art::mirror::DexCachePair<art::mirror::Class> >::_S_min_alignment[m[K'
  206 |         = ([01;36m[Ksizeof(_Tp)[m[K & (sizeof(_Tp) - 1)) || sizeof(_Tp) > 16
      |            [01;36m[K^~~~~~~~~~~[m[K
[01m[K/nix/store/qrn789mrv652j7f5bcjp367npzpcyvdi-gcc-15.3.0/include/c++/15.3.0/atomic:210:11:[m[K   required from '[01m[Kconstexpr const int std::atomic<art::mirror::DexCachePair<art::mirror::Class> >::_S_alignment[m[K'
  210 |         = [01;36m[K_S_min_alignment[m[K > alignof(_Tp) ? _S_min_alignment : alignof(_Tp);
      |           [01;36m[K^~~~~~~~~~~~~~~~[m[K
[01m[K/nix/store/qrn789mrv652j7f5bcjp367npzpcyvdi-gcc-15.3.0/include/c++/15.3.0/atomic:212:33:[m[K   required from '[01m[Kstruct std::atomic<art::mirror::DexCachePair<art::mirror::Class> >[m[K'
  212 |       alignas(_S_alignment) _Tp [01;36m[K_M_i[m[K;
      |                                 [01;36m[K^~~~[m[K
[01m[Kart/runtime/mirror/object.h:579:52:[m[K   required from '[01m[Kvoid art::mirror::Object::[01;32m[KSetFieldPtrWithSize[m[K(art::MemberOffset, T, art::PointerSize) [35m[K[with bool kTransactionActive = false; bool kCheckTransaction = true; art::VerifyObjectFlags kVerifyFlags = art::kVerifyNone; T = std::atomic<art::mirror::DexCachePair<art::mirror::Class> >*][m[K[m[K'
  579 |           field_offset, [01;36m[Kreinterpret_cast32<int32_t>(new_value)[m[K);
      |                         [01;36m[K~~~~~~~~~~~~~~~~~~~~~~~~~~~^~~~~~~~~~~[m[K
[01m[Kart/runtime/mirror/object.h:556:77:[m[K   required from '[01m[Kvoid art::mirror::Object::[01;32m[KSetFieldPtr[m[K(art::MemberOffset, T) [35m[K[with bool kTransactionActive = false; bool kCheckTransaction = true; art::VerifyObjectFlags kVerifyFlags = art::kVerifyNone; T = std::atomic<art::mirror::DexCachePair<art::mirror::Class> >*][m[K[m[K'
  556 |     [01;36m[KSetFieldPtrWithSize<kTransactionActive, kCheckTransaction, kVerifyFlags>([m[K
      |     [01;36m[K~~~~~~~~~~~~~~~~~~~~~~~~~~~~~~~~~~~~~~~~~~~~~~~~~~~~~~~~~~~~~~~~~~~~~~~~^[m[K
  557 | [01;36m[K        field_offset, new_value, kRuntimePointerSize)[m[K;
      |         [01;36m[K~~~~~~~~~~~~~~~~~~~~~~~~~~~~~~~~~~~~~~~~~~~~~[m[K                        
[01m[Kart/runtime/mirror/dex_cache.h:362:23:[m[K   required from here
  362 |     [01;36m[KSetFieldPtr<false>(ResolvedTypesOffset(), resolved_types)[m[K;
      |     [01;36m[K~~~~~~~~~~~~~~~~~~^~~~~~~~~~~~~~~~~~~~~~~~~~~~~~~~~~~~~~~[m[K
[01m[Kart/runtime/mirror/dex_cache.h:50:13:[m[K [01;35m[Kwarning: [m[Kignoring packed attribute because of unpacked non-POD field '[01m[Kart::GcRoot<art::mirror::Class> art::mirror::DexCachePair<art::mirror::Class>::object[m[K'
   50 |   GcRoot<T> [01;35m[Kobject[m[K;
      |             [01;35m[K^~~~~~[m[K
art/runtime/mirror/dex_cache.h: In instantiation of '[01m[Kstruct art::mirror::DexCachePair<art::mirror::MethodType>[m[K':
[01m[K/nix/store/qrn789mrv652j7f5bcjp367npzpcyvdi-gcc-15.3.0/include/c++/15.3.0/atomic:206:5:[m[K   required from '[01m[Kconstexpr const int std::atomic<art::mirror::DexCachePair<art::mirror::MethodType> >::_S_min_alignment[m[K'
  206 |         = ([01;36m[Ksizeof(_Tp)[m[K & (sizeof(_Tp) - 1)) || sizeof(_Tp) > 16
      |            [01;36m[K^~~~~~~~~~~[m[K
[01m[K/nix/store/qrn789mrv652j7f5bcjp367npzpcyvdi-gcc-15.3.0/include/c++/15.3.0/atomic:210:11:[m[K   required from '[01m[Kconstexpr const int std::atomic<art::mirror::DexCachePair<art::mirror::MethodType> >::_S_alignment[m[K'
  210 |         = [01;36m[K_S_min_alignment[m[K > alignof(_Tp) ? _S_min_alignment : alignof(_Tp);
      |           [01;36m[K^~~~~~~~~~~~~~~~[m[K
[01m[K/nix/store/qrn789mrv652j7f5bcjp367npzpcyvdi-gcc-15.3.0/include/c++/15.3.0/atomic:212:33:[m[K   required from '[01m[Kstruct std::atomic<art::mirror::DexCachePair<art::mirror::MethodType> >[m[K'
  212 |       alignas(_S_alignment) _Tp [01;36m[K_M_i[m[K;
      |                                 [01;36m[K^~~~[m[K
[01m[Kart/runtime/mirror/object.h:579:52:[m[K   required from '[01m[Kvoid art::mirror::Object::[01;32m[KSetFieldPtrWithSize[m[K(art::MemberOffset, T, art::PointerSize) [35m[K[with bool kTransactionActive = false; bool kCheckTransaction = true; art::VerifyObjectFlags kVerifyFlags = art::kVerifyNone; T = std::atomic<art::mirror::DexCachePair<art::mirror::MethodType> >*][m[K[m[K'
  579 |           field_offset, [01;36m[Kreinterpret_cast32<int32_t>(new_value)[m[K);
      |                         [01;36m[K~~~~~~~~~~~~~~~~~~~~~~~~~~~^~~~~~~~~~~[m[K
[01m[Kart/runtime/mirror/object.h:556:77:[m[K   required from '[01m[Kvoid art::mirror::Object::[01;32m[KSetFieldPtr[m[K(art::MemberOffset, T) [35m[K[with bool kTransactionActive = false; bool kCheckTransaction = true; art::VerifyObjectFlags kVerifyFlags = art::kVerifyNone; T = std::atomic<art::mirror::DexCachePair<art::mirror::MethodType> >*][m[K[m[K'
  556 |     [01;36m[KSetFieldPtrWithSize<kTransactionActive, kCheckTransaction, kVerifyFlags>([m[K
      |     [01;36m[K~~~~~~~~~~~~~~~~~~~~~~~~~~~~~~~~~~~~~~~~~~~~~~~~~~~~~~~~~~~~~~~~~~~~~~~~^[m[K
  557 | [01;36m[K        field_offset, new_value, kRuntimePointerSize)[m[K;
      |         [01;36m[K~~~~~~~~~~~~~~~~~~~~~~~~~~~~~~~~~~~~~~~~~~~~~[m[K                        
[01m[Kart/runtime/mirror/dex_cache.h:394:23:[m[K   required from here
  394 |     [01;36m[KSetFieldPtr<false>(ResolvedMethodTypesOffset(), resolved_method_types)[m[K;
      |     [01;36m[K~~~~~~~~~~~~~~~~~~^~~~~~~~~~~~~~~~~~~~~~~~~~~~~~~~~~~~~~~~~~~~~~~~~~~~[m[K
[01m[Kart/runtime/mirror/dex_cache.h:50:13:[m[K [01;35m[Kwarning: [m[Kignoring packed attribute because of unpacked non-POD field '[01m[Kart::GcRoot<art::mirror::MethodType> art::mirror::DexCachePair<art::mirror::MethodType>::object[m[K'
   50 |   GcRoot<T> [01;35m[Kobject[m[K;
      |             [01;35m[K^~~~~~[m[K
art/runtime/subtype_check.h: In instantiation of '[01m[Kstatic art::SubtypeCheckBitsAndStatus art::SubtypeCheck<ClassPtr>::[01;32m[KReadField[m[K(ClassPtr) [35m[K[with ClassPtr = art::ObjPtr<art::mirror::Class>][m[K[m[K':
[01m[Kart/runtime/subtype_check.h:572:66:[m[K   required from '[01m[Kstatic art::SubtypeCheckInfo art::SubtypeCheck<ClassPtr>::[01;32m[KGetSubtypeCheckInfo[m[K(ClassPtr, size_t) [35m[K[with ClassPtr = art::ObjPtr<art::mirror::Class>; size_t = long unsigned int][m[K[m[K'
  572 |     SubtypeCheckBitsAndStatus current_bits_and_status = [01;36m[KReadField(klass)[m[K;
      |                                                         [01;36m[K~~~~~~~~~^~~~~~~[m[K
[01m[Kart/runtime/subtype_check.h:565:31:[m[K   required from '[01m[Kstatic art::SubtypeCheckInfo art::SubtypeCheck<ClassPtr>::[01;32m[KGetSubtypeCheckInfo[m[K(ClassPtr) [35m[K[with ClassPtr = art::ObjPtr<art::mirror::Class>][m[K[m[K'
  565 |     return [01;36m[KGetSubtypeCheckInfo(klass, klass->Depth())[m[K;
      |            [01;36m[K~~~~~~~~~~~~~~~~~~~^~~~~~~~~~~~~~~~~~~~~~~[m[K
[01m[Kart/runtime/subtype_check.h:355:47:[m[K   required from '[01m[Kstatic art::SubtypeCheckInfo::Result art::SubtypeCheck<ClassPtr>::[01;32m[KIsSubtypeOf[m[K(ClassPtr, ClassPtr) [35m[K[with ClassPtr = art::ObjPtr<art::mirror::Class>][m[K[m[K'
  355 |     SubtypeCheckInfo sci = [01;36m[KGetSubtypeCheckInfo(source)[m[K;
      |                            [01;36m[K~~~~~~~~~~~~~~~~~~~^~~~~~~~[m[K
[01m[Kart/runtime/mirror/class-inl.h:575:82:[m[K   required from here
  575 |     SubtypeCheckInfo::Result sc_result = [01;36m[KSubtypeCheck<ObjPtr<Class>>::IsSubtypeOf(dis, klass)[m[K;
      |                                          [01;36m[K~~~~~~~~~~~~~~~~~~~~~~~~~~~~~~~~~~~~~~~~^~~~~~~~~~~~[m[K
[01m[Kart/runtime/subtype_check.h:455:13:[m[K [01;35m[Kwarning: [m[K'[01m[Kvoid*[01;32m[K memcpy[m[K(void*, const void*, size_t)[m[K' writing to an object of type '[01m[Kunion art::SubtypeCheckBitsAndStatus[m[K' with no trivial copy-assignment; use copy-assignment or copy-initialization instead [[01;35m[K]8;;https://gcc.gnu.org/onlinedocs/gcc-15.3.0/gcc/C_002b_002b-Dialect-Options.html#index-Wclass-memaccess-Wclass-memaccess]8;;[m[K]
  455 |       [01;35m[Kmemcpy(&tmp, &int32_data, sizeof(tmp))[m[K;
      |       [01;35m[K~~~~~~^~~~~~~~~~~~~~~~~~~~~~~~~~~~~~~~[m[K
In file included from [01m[Kart/runtime/subtype_check_bits_and_status.h:20[m[K,
                 from [01m[Kart/runtime/subtype_check.h:20[m[K:
[01m[Kart/runtime/subtype_check_bits_and_status.h:70:24:[m[K [01;36m[Knote: [m[K'[01m[Kunion art::SubtypeCheckBitsAndStatus[m[K' declared here
   70 | BITSTRUCT_DEFINE_START([01;36m[KSubtypeCheckBitsAndStatus[m[K, BitSizeOf<BitString::StorageType>())
      |                        [01;36m[K^~~~~~~~~~~~~~~~~~~~~~~~~[m[K
[01m[Kart/libartbase/base/bit_struct.h:278:11:[m[K [01;36m[Knote: [m[Kin definition of macro '[01m[KBITSTRUCT_DEFINE_START[m[K'
  278 |     union [01;36m[Kname[m[K {                                                         /* NOLINT */ \
      |           [01;36m[K^~~~[m[K
In file included from [01m[Kart/runtime/mirror/array-inl.h:27[m[K,
                 from [01m[Kart/runtime/mirror/object_array-inl.h:26[m[K,
                 from [01m[Kart/runtime/mirror/iftable-inl.h:22[m[K,
                 from [01m[Kart/runtime/mirror/class-inl.h:34[m[K:
[01m[Kart/runtime/runtime.h:[m[K At global scope:
[01m[Kart/runtime/runtime.h:710:15:[m[K [01;35m[Kwarning: [m[K'[01m[Kstatic void art::Runtime::[01;32m[KDoAndMaybeSwitchInterpreter[m[K(Action) [35m[K[with Action = art::Runtime::SetNonStandardExitsEnabled()::<lambda()>][m[K[m[K', declared using local type '[01m[Kart::Runtime::SetNonStandardExitsEnabled()::<lambda()>[m[K', is used but not defined here [[01;35m[K]8;;https://gcc.gnu.org/onlinedocs/gcc-15.3.0/gcc/Warning-Options.html#index-Wc_002b_002b20-extensions-Wc++20-extensions]8;;[m[K]
  710 |   static void [01;35m[KDoAndMaybeSwitchInterpreter[m[K(Action lamda);
      |               [01;35m[K^~~~~~~~~~~~~~~~~~~~~~~~~~~[m[K
[01m[Kart/runtime/runtime.h:710:15:[m[K [01;35m[Kwarning: [m[K'[01m[Kstatic void art::Runtime::[01;32m[KDoAndMaybeSwitchInterpreter[m[K(Action) [35m[K[with Action = art::Runtime::SetAsyncExceptionsThrown()::<lambda()>][m[K[m[K', declared using local type '[01m[Kart::Runtime::SetAsyncExceptionsThrown()::<lambda()>[m[K', is used but not defined here [[01;35m[K]8;;https://gcc.gnu.org/onlinedocs/gcc-15.3.0/gcc/Warning-Options.html#index-Wc_002b_002b20-extensions-Wc++20-extensions]8;;[m[K]
In file included from [01m[Kart/openjdkjvm/OpenjdkJvm.cc:43[m[K:
[01m[Kart/runtime/subtype_check_info.h:[m[K In static member function '[01m[Kstatic art::SubtypeCheckInfo art::SubtypeCheckInfo::[01;32m[KCreateRoot[m[K()[m[K':
[01m[Klibbase/include/android-base/logging.h:267:35:[m[K [01;35m[Kwarning: [m[Kpassing '[01m[Kart::SubtypeCheckInfo::State[m[K' chooses '[01m[Kint[m[K' over '[01m[Kunsigned int[m[K' [[01;35m[K]8;;https://gcc.gnu.org/onlinedocs/gcc-15.3.0/gcc/C_002b_002b-Dialect-Options.html#index-Wno-sign-promo-Wsign-promo]8;;[m[K]
  267 |       << " (" #LHS "=" << _values.[01;35m[Klhs[m[K << ", " #RHS "=" << _values.rhs << ") "
      |                                   [01;35m[K^~~[m[K
[01m[Klibbase/include/android-base/logging.h:275:24:[m[K [01;36m[Knote: [m[Kin expansion of macro '[01m[KCHECK_OP[m[K'
  275 | #define CHECK_EQ(x, y) [01;36m[KCHECK_OP[m[K(x, y, == )
      |                        [01;36m[K^~~~~~~~[m[K
[01m[Klibbase/include/android-base/logging.h:332:40:[m[K [01;36m[Knote: [m[Kin expansion of macro '[01m[KCHECK_EQ[m[K'
  332 |   if (::android::base::kEnableDChecks) [01;36m[KCHECK_EQ[m[K(x, y)
      |                                        [01;36m[K^~~~~~~~[m[K
[01m[Kart/runtime/subtype_check_info.h:204:5:[m[K [01;36m[Knote: [m[Kin expansion of macro '[01m[KDCHECK_EQ[m[K'
  204 |     [01;36m[KDCHECK_EQ[m[K(SubtypeCheckInfo::kAssigned, io.GetState());
      |     [01;36m[K^~~~~~~~~[m[K
[01m[Klibbase/include/android-base/logging.h:267:35:[m[K [01;35m[Kwarning: [m[K  in call to '[01m[Kstd::basic_ostream<_Ch, _Tr>& std::basic_ostream<_CharT, _Traits>::[01;32m[Koperator<<[m[K(int) [35m[K[with _CharT = char; _Traits = std::char_traits<char>][m[K[m[K' [[01;35m[K]8;;https://gcc.gnu.org/onlinedocs/gcc-15.3.0/gcc/C_002b_002b-Dialect-Options.html#index-Wno-sign-promo-Wsign-promo]8;;[m[K]
  267 |       << " (" #LHS "=" << _values.[01;35m[Klhs[m[K << ", " #RHS "=" << _values.rhs << ") "
      |                                   [01;35m[K^~~[m[K
[01m[Klibbase/include/android-base/logging.h:275:24:[m[K [01;36m[Knote: [m[Kin expansion of macro '[01m[KCHECK_OP[m[K'
  275 | #define CHECK_EQ(x, y) [01;36m[KCHECK_OP[m[K(x, y, == )
      |                        [01;36m[K^~~~~~~~[m[K
[01m[Klibbase/include/android-base/logging.h:332:40:[m[K [01;36m[Knote: [m[Kin expansion of macro '[01m[KCHECK_EQ[m[K'
  332 |   if (::android::base::kEnableDChecks) [01;36m[KCHECK_EQ[m[K(x, y)
      |                                        [01;36m[K^~~~~~~~[m[K
[01m[Kart/runtime/subtype_check_info.h:204:5:[m[K [01;36m[Knote: [m[Kin expansion of macro '[01m[KDCHECK_EQ[m[K'
  204 |     [01;36m[KDCHECK_EQ[m[K(SubtypeCheckInfo::kAssigned, io.GetState());
      |     [01;36m[K^~~~~~~~~[m[K
[01m[Klibbase/include/android-base/logging.h:267:67:[m[K [01;35m[Kwarning: [m[Kpassing '[01m[Kart::SubtypeCheckInfo::State[m[K' chooses '[01m[Kint[m[K' over '[01m[Kunsigned int[m[K' [[01;35m[K]8;;https://gcc.gnu.org/onlinedocs/gcc-15.3.0/gcc/C_002b_002b-Dialect-Options.html#index-Wno-sign-promo-Wsign-promo]8;;[m[K]
  267 |       << " (" #LHS "=" << _values.lhs << ", " #RHS "=" << _values.[01;35m[Krhs[m[K << ") "
      |                                                                   [01;35m[K^~~[m[K
[01m[Klibbase/include/android-base/logging.h:275:24:[m[K [01;36m[Knote: [m[Kin expansion of macro '[01m[KCHECK_OP[m[K'
  275 | #define CHECK_EQ(x, y) [01;36m[KCHECK_OP[m[K(x, y, == )
      |                        [01;36m[K^~~~~~~~[m[K
[01m[Klibbase/include/android-base/logging.h:332:40:[m[K [01;36m[Knote: [m[Kin expansion of macro '[01m[KCHECK_EQ[m[K'
  332 |   if (::android::base::kEnableDChecks) [01;36m[KCHECK_EQ[m[K(x, y)
      |                                        [01;36m[K^~~~~~~~[m[K
[01m[Kart/runtime/subtype_check_info.h:204:5:[m[K [01;36m[Knote: [m[Kin expansion of macro '[01m[KDCHECK_EQ[m[K'
  204 |     [01;36m[KDCHECK_EQ[m[K(SubtypeCheckInfo::kAssigned, io.GetState());
      |     [01;36m[K^~~~~~~~~[m[K
[01m[Klibbase/include/android-base/logging.h:267:67:[m[K [01;35m[Kwarning: [m[K  in call to '[01m[Kstd::basic_ostream<_Ch, _Tr>& std::basic_ostream<_CharT, _Traits>::[01;32m[Koperator<<[m[K(int) [35m[K[with _CharT = char; _Traits = std::char_traits<char>][m[K[m[K' [[01;35m[K]8;;https://gcc.gnu.org/onlinedocs/gcc-15.3.0/gcc/C_002b_002b-Dialect-Options.html#index-Wno-sign-promo-Wsign-promo]8;;[m[K]
  267 |       << " (" #LHS "=" << _values.lhs << ", " #RHS "=" << _values.[01;35m[Krhs[m[K << ") "
      |                                                                   [01;35m[K^~~[m[K
[01m[Klibbase/include/android-base/logging.h:275:24:[m[K [01;36m[Knote: [m[Kin expansion of macro '[01m[KCHECK_OP[m[K'
  275 | #define CHECK_EQ(x, y) [01;36m[KCHECK_OP[m[K(x, y, == )
      |                        [01;36m[K^~~~~~~~[m[K
[01m[Klibbase/include/android-base/logging.h:332:40:[m[K [01;36m[Knote: [m[Kin expansion of macro '[01m[KCHECK_EQ[m[K'
  332 |   if (::android::base::kEnableDChecks) [01;36m[KCHECK_EQ[m[K(x, y)
      |                                        [01;36m[K^~~~~~~~[m[K
[01m[Kart/runtime/subtype_check_info.h:204:5:[m[K [01;36m[Knote: [m[Kin expansion of macro '[01m[KDCHECK_EQ[m[K'
  204 |     [01;36m[KDCHECK_EQ[m[K(SubtypeCheckInfo::kAssigned, io.GetState());
      |     [01;36m[K^~~~~~~~~[m[K
In file included from [01m[Kart/runtime/subtype_check.h:21[m[K,
                 from [01m[Kart/runtime/mirror/class-inl.h:41[m[K:
[01m[Kart/runtime/subtype_check_info.h:[m[K In member function '[01m[Kart::SubtypeCheckInfo art::SubtypeCheckInfo::[01;32m[KCreateChild[m[K(bool)[m[K':
[01m[Kart/runtime/subtype_check_info.h:222:55:[m[K [01;35m[Kwarning: [m[Kpassing '[01m[Kart::SubtypeCheckInfo::State[m[K' chooses '[01m[Kint[m[K' over '[01m[Kunsigned int[m[K' [[01;35m[K]8;;https://gcc.gnu.org/onlinedocs/gcc-15.3.0/gcc/C_002b_002b-Dialect-Options.html#index-Wno-sign-promo-Wsign-promo]8;;[m[K]
  222 |         << "Unexpected bitstring state: " << GetState([01;35m[K)[m[K;
      |                                                       [01;35m[K^[m[K
[01m[Kart/runtime/subtype_check_info.h:222:55:[m[K [01;35m[Kwarning: [m[K  in call to '[01m[Kstd::basic_ostream<_Ch, _Tr>& std::basic_ostream<_CharT, _Traits>::[01;32m[Koperator<<[m[K(int) [35m[K[with _CharT = char; _Traits = std::char_traits<char>][m[K[m[K' [[01;35m[K]8;;https://gcc.gnu.org/onlinedocs/gcc-15.3.0/gcc/C_002b_002b-Dialect-Options.html#index-Wno-sign-promo-Wsign-promo]8;;[m[K]
[01m[Klibbase/include/android-base/logging.h:267:35:[m[K [01;35m[Kwarning: [m[Kpassing '[01m[Kart::SubtypeCheckInfo::State[m[K' chooses '[01m[Kint[m[K' over '[01m[Kunsigned int[m[K' [[01;35m[K]8;;https://gcc.gnu.org/onlinedocs/gcc-15.3.0/gcc/C_002b_002b-Dialect-Options.html#index-Wno-sign-promo-Wsign-promo]8;;[m[K]
  267 |       << " (" #LHS "=" << _values.[01;35m[Klhs[m[K << ", " #RHS "=" << _values.rhs << ") "
      |                                   [01;35m[K^~~[m[K
[01m[Klibbase/include/android-base/logging.h:276:24:[m[K [01;36m[Knote: [m[Kin expansion of macro '[01m[KCHECK_OP[m[K'
  276 | #define CHECK_NE(x, y) [01;36m[KCHECK_OP[m[K(x, y, != )
      |                        [01;36m[K^~~~~~~~[m[K
[01m[Klibbase/include/android-base/logging.h:334:40:[m[K [01;36m[Knote: [m[Kin expansion of macro '[01m[KCHECK_NE[m[K'
  334 |   if (::android::base::kEnableDChecks) [01;36m[KCHECK_NE[m[K(x, y)
      |                                        [01;36m[K^~~~~~~~[m[K
[01m[Kart/runtime/subtype_check_info.h:234:5:[m[K [01;36m[Knote: [m[Kin expansion of macro '[01m[KDCHECK_NE[m[K'
  234 |     [01;36m[KDCHECK_NE[m[K(kAssigned, child.GetState()) << child.GetBitString();
      |     [01;36m[K^~~~~~~~~[m[K
[01m[Klibbase/include/android-base/logging.h:267:35:[m[K [01;35m[Kwarning: [m[K  in call to '[01m[Kstd::basic_ostream<_Ch, _Tr>& std::basic_ostream<_CharT, _Traits>::[01;32m[Koperator<<[m[K(int) [35m[K[with _CharT = char; _Traits = std::char_traits<char>][m[K[m[K' [[01;35m[K]8;;https://gcc.gnu.org/onlinedocs/gcc-15.3.0/gcc/C_002b_002b-Dialect-Options.html#index-Wno-sign-promo-Wsign-promo]8;;[m[K]
  267 |       << " (" #LHS "=" << _values.[01;35m[Klhs[m[K << ", " #RHS "=" << _values.rhs << ") "
      |                                   [01;35m[K^~~[m[K
[01m[Klibbase/include/android-base/logging.h:276:24:[m[K [01;36m[Knote: [m[Kin expansion of macro '[01m[KCHECK_OP[m[K'
  276 | #define CHECK_NE(x, y) [01;36m[KCHECK_OP[m[K(x, y, != )
      |                        [01;36m[K^~~~~~~~[m[K
[01m[Klibbase/include/android-base/logging.h:334:40:[m[K [01;36m[Knote: [m[Kin expansion of macro '[01m[KCHECK_NE[m[K'
  334 |   if (::android::base::kEnableDChecks) [01;36m[KCHECK_NE[m[K(x, y)
      |                                        [01;36m[K^~~~~~~~[m[K
[01m[Kart/runtime/subtype_check_info.h:234:5:[m[K [01;36m[Knote: [m[Kin expansion of macro '[01m[KDCHECK_NE[m[K'
  234 |     [01;36m[KDCHECK_NE[m[K(kAssigned, child.GetState()) << child.GetBitString();
      |     [01;36m[K^~~~~~~~~[m[K
[01m[Klibbase/include/android-base/logging.h:267:67:[m[K [01;35m[Kwarning: [m[Kpassing '[01m[Kart::SubtypeCheckInfo::State[m[K' chooses '[01m[Kint[m[K' over '[01m[Kunsigned int[m[K' [[01;35m[K]8;;https://gcc.gnu.org/onlinedocs/gcc-15.3.0/gcc/C_002b_002b-Dialect-Options.html#index-Wno-sign-promo-Wsign-promo]8;;[m[K]
  267 |       << " (" #LHS "=" << _values.lhs << ", " #RHS "=" << _values.[01;35m[Krhs[m[K << ") "
      |                                                                   [01;35m[K^~~[m[K
[01m[Klibbase/include/android-base/logging.h:276:24:[m[K [01;36m[Knote: [m[Kin expansion of macro '[01m[KCHECK_OP[m[K'
  276 | #define CHECK_NE(x, y) [01;36m[KCHECK_OP[m[K(x, y, != )
      |                        [01;36m[K^~~~~~~~[m[K
[01m[Klibbase/include/android-base/logging.h:334:40:[m[K [01;36m[Knote: [m[Kin expansion of macro '[01m[KCHECK_NE[m[K'
  334 |   if (::android::base::kEnableDChecks) [01;36m[KCHECK_NE[m[K(x, y)
      |                                        [01;36m[K^~~~~~~~[m[K
[01m[Kart/runtime/subtype_check_info.h:234:5:[m[K [01;36m[Knote: [m[Kin expansion of macro '[01m[KDCHECK_NE[m[K'
  234 |     [01;36m[KDCHECK_NE[m[K(kAssigned, child.GetState()) << child.GetBitString();
      |     [01;36m[K^~~~~~~~~[m[K
[01m[Klibbase/include/android-base/logging.h:267:67:[m[K [01;35m[Kwarning: [m[K  in call to '[01m[Kstd::basic_ostream<_Ch, _Tr>& std::basic_ostream<_CharT, _Traits>::[01;32m[Koperator<<[m[K(int) [35m[K[with _CharT = char; _Traits = std::char_traits<char>][m[K[m[K' [[01;35m[K]8;;https://gcc.gnu.org/onlinedocs/gcc-15.3.0/gcc/C_002b_002b-Dialect-Options.html#index-Wno-sign-promo-Wsign-promo]8;;[m[K]
  267 |       << " (" #LHS "=" << _values.lhs << ", " #RHS "=" << _values.[01;35m[Krhs[m[K << ") "
      |                                                                   [01;35m[K^~~[m[K
[01m[Klibbase/include/android-base/logging.h:276:24:[m[K [01;36m[Knote: [m[Kin expansion of macro '[01m[KCHECK_OP[m[K'
  276 | #define CHECK_NE(x, y) [01;36m[KCHECK_OP[m[K(x, y, != )
      |                        [01;36m[K^~~~~~~~[m[K
[01m[Klibbase/include/android-base/logging.h:334:40:[m[K [01;36m[Knote: [m[Kin expansion of macro '[01m[KCHECK_NE[m[K'
  334 |   if (::android::base::kEnableDChecks) [01;36m[KCHECK_NE[m[K(x, y)
      |                                        [01;36m[K^~~~~~~~[m[K
[01m[Kart/runtime/subtype_check_info.h:234:5:[m[K [01;36m[Knote: [m[Kin expansion of macro '[01m[KDCHECK_NE[m[K'
  234 |     [01;36m[KDCHECK_NE[m[K(kAssigned, child.GetState()) << child.GetBitString();
      |     [01;36m[K^~~~~~~~~[m[K
[01m[Klibbase/include/android-base/logging.h:267:35:[m[K [01;35m[Kwarning: [m[Kpassing '[01m[Kart::SubtypeCheckInfo::State[m[K' chooses '[01m[Kint[m[K' over '[01m[Kunsigned int[m[K' [[01;35m[K]8;;https://gcc.gnu.org/onlinedocs/gcc-15.3.0/gcc/C_002b_002b-Dialect-Options.html#index-Wno-sign-promo-Wsign-promo]8;;[m[K]
  267 |       << " (" #LHS "=" << _values.[01;35m[Klhs[m[K << ", " #RHS "=" << _values.rhs << ") "
      |                                   [01;35m[K^~~[m[K
[01m[Klibbase/include/android-base/logging.h:276:24:[m[K [01;36m[Knote: [m[Kin expansion of macro '[01m[KCHECK_OP[m[K'
  276 | #define CHECK_NE(x, y) [01;36m[KCHECK_OP[m[K(x, y, != )
      |                        [01;36m[K^~~~~~~~[m[K
[01m[Klibbase/include/android-base/logging.h:334:40:[m[K [01;36m[Knote: [m[Kin expansion of macro '[01m[KCHECK_NE[m[K'
  334 |   if (::android::base::kEnableDChecks) [01;36m[KCHECK_NE[m[K(x, y)
      |                                        [01;36m[K^~~~~~~~[m[K
[01m[Kart/runtime/subtype_check_info.h:235:5:[m[K [01;36m[Knote: [m[Kin expansion of macro '[01m[KDCHECK_NE[m[K'
  235 |     [01;36m[KDCHECK_NE[m[K(kUninitialized, child.GetState()) << child.GetBitString();
      |     [01;36m[K^~~~~~~~~[m[K
[01m[Klibbase/include/android-base/logging.h:267:35:[m[K [01;35m[Kwarning: [m[K  in call to '[01m[Kstd::basic_ostream<_Ch, _Tr>& std::basic_ostream<_CharT, _Traits>::[01;32m[Koperator<<[m[K(int) [35m[K[with _CharT = char; _Traits = std::char_traits<char>][m[K[m[K' [[01;35m[K]8;;https://gcc.gnu.org/onlinedocs/gcc-15.3.0/gcc/C_002b_002b-Dialect-Options.html#index-Wno-sign-promo-Wsign-promo]8;;[m[K]
  267 |       << " (" #LHS "=" << _values.[01;35m[Klhs[m[K << ", " #RHS "=" << _values.rhs << ") "
      |                                   [01;35m[K^~~[m[K
[01m[Klibbase/include/android-base/logging.h:276:24:[m[K [01;36m[Knote: [m[Kin expansion of macro '[01m[KCHECK_OP[m[K'
  276 | #define CHECK_NE(x, y) [01;36m[KCHECK_OP[m[K(x, y, != )
      |                        [01;36m[K^~~~~~~~[m[K
[01m[Klibbase/include/android-base/logging.h:334:40:[m[K [01;36m[Knote: [m[Kin expansion of macro '[01m[KCHECK_NE[m[K'
  334 |   if (::android::base::kEnableDChecks) [01;36m[KCHECK_NE[m[K(x, y)
      |                                        [01;36m[K^~~~~~~~[m[K
[01m[Kart/runtime/subtype_check_info.h:235:5:[m[K [01;36m[Knote: [m[Kin expansion of macro '[01m[KDCHECK_NE[m[K'
  235 |     [01;36m[KDCHECK_NE[m[K(kUninitialized, child.GetState()) << child.GetBitString();
      |     [01;36m[K^~~~~~~~~[m[K
[01m[Klibbase/include/android-base/logging.h:267:67:[m[K [01;35m[Kwarning: [m[Kpassing '[01m[Kart::SubtypeCheckInfo::State[m[K' chooses '[01m[Kint[m[K' over '[01m[Kunsigned int[m[K' [[01;35m[K]8;;https://gcc.gnu.org/onlinedocs/gcc-15.3.0/gcc/C_002b_002b-Dialect-Options.html#index-Wno-sign-promo-Wsign-promo]8;;[m[K]
  267 |       << " (" #LHS "=" << _values.lhs << ", " #RHS "=" << _values.[01;35m[Krhs[m[K << ") "
      |                                                                   [01;35m[K^~~[m[K
[01m[Klibbase/include/android-base/logging.h:276:24:[m[K [01;36m[Knote: [m[Kin expansion of macro '[01m[KCHECK_OP[m[K'
  276 | #define CHECK_NE(x, y) [01;36m[KCHECK_OP[m[K(x, y, != )
      |                        [01;36m[K^~~~~~~~[m[K
[01m[Klibbase/include/android-base/logging.h:334:40:[m[K [01;36m[Knote: [m[Kin expansion of macro '[01m[KCHECK_NE[m[K'
  334 |   if (::android::base::kEnableDChecks) [01;36m[KCHECK_NE[m[K(x, y)
      |                                        [01;36m[K^~~~~~~~[m[K
[01m[Kart/runtime/subtype_check_info.h:235:5:[m[K [01;36m[Knote: [m[Kin expansion of macro '[01m[KDCHECK_NE[m[K'
  235 |     [01;36m[KDCHECK_NE[m[K(kUninitialized, child.GetState()) << child.GetBitString();
      |     [01;36m[K^~~~~~~~~[m[K
[01m[Klibbase/include/android-base/logging.h:267:67:[m[K [01;35m[Kwarning: [m[K  in call to '[01m[Kstd::basic_ostream<_Ch, _Tr>& std::basic_ostream<_CharT, _Traits>::[01;32m[Koperator<<[m[K(int) [35m[K[with _CharT = char; _Traits = std::char_traits<char>][m[K[m[K' [[01;35m[K]8;;https://gcc.gnu.org/onlinedocs/gcc-15.3.0/gcc/C_002b_002b-Dialect-Options.html#index-Wno-sign-promo-Wsign-promo]8;;[m[K]
  267 |       << " (" #LHS "=" << _values.lhs << ", " #RHS "=" << _values.[01;35m[Krhs[m[K << ") "
      |                                                                   [01;35m[K^~~[m[K
[01m[Klibbase/include/android-base/logging.h:276:24:[m[K [01;36m[Knote: [m[Kin expansion of macro '[01m[KCHECK_OP[m[K'
  276 | #define CHECK_NE(x, y) [01;36m[KCHECK_OP[m[K(x, y, != )
      |                        [01;36m[K^~~~~~~~[m[K
[01m[Klibbase/include/android-base/logging.h:334:40:[m[K [01;36m[Knote: [m[Kin expansion of macro '[01m[KCHECK_NE[m[K'
  334 |   if (::android::base::kEnableDChecks) [01;36m[KCHECK_NE[m[K(x, y)
      |                                        [01;36m[K^~~~~~~~[m[K
[01m[Kart/runtime/subtype_check_info.h:235:5:[m[K [01;36m[Knote: [m[Kin expansion of macro '[01m[KDCHECK_NE[m[K'
  235 |     [01;36m[KDCHECK_NE[m[K(kUninitialized, child.GetState()) << child.GetBitString();
      |     [01;36m[K^~~~~~~~~[m[K
[01m[Kart/runtime/mirror/class-inl.h:[m[K In member function '[01m[Kbool art::mirror::Class::[01;32m[KIsSubClass[m[K(art::ObjPtr<art::mirror::Class>)[m[K':
[01m[Klibbase/include/android-base/logging.h:267:35:[m[K [01;35m[Kwarning: [m[Kpassing '[01m[Kart::SubtypeCheckInfo::Result[m[K' chooses '[01m[Kint[m[K' over '[01m[Kunsigned int[m[K' [[01;35m[K]8;;https://gcc.gnu.org/onlinedocs/gcc-15.3.0/gcc/C_002b_002b-Dialect-Options.html#index-Wno-sign-promo-Wsign-promo]8;;[m[K]
  267 |       << " (" #LHS "=" << _values.[01;35m[Klhs[m[K << ", " #RHS "=" << _values.rhs << ") "
      |                                   [01;35m[K^~~[m[K
[01m[Klibbase/include/android-base/logging.h:275:24:[m[K [01;36m[Knote: [m[Kin expansion of macro '[01m[KCHECK_OP[m[K'
  275 | #define CHECK_EQ(x, y) [01;36m[KCHECK_OP[m[K(x, y, == )
      |                        [01;36m[K^~~~~~~~[m[K
[01m[Klibbase/include/android-base/logging.h:332:40:[m[K [01;36m[Knote: [m[Kin expansion of macro '[01m[KCHECK_EQ[m[K'
  332 |   if (::android::base::kEnableDChecks) [01;36m[KCHECK_EQ[m[K(x, y)
      |                                        [01;36m[K^~~~~~~~[m[K
[01m[Kart/runtime/mirror/class-inl.h:587:7:[m[K [01;36m[Knote: [m[Kin expansion of macro '[01m[KDCHECK_EQ[m[K'
  587 |       [01;36m[KDCHECK_EQ[m[K(expected_result, sc_result)
      |       [01;36m[K^~~~~~~~~[m[K
[01m[Klibbase/include/android-base/logging.h:267:35:[m[K [01;35m[Kwarning: [m[K  in call to '[01m[Kstd::basic_ostream<_Ch, _Tr>& std::basic_ostream<_CharT, _Traits>::[01;32m[Koperator<<[m[K(int) [35m[K[with _CharT = char; _Traits = std::char_traits<char>][m[K[m[K' [[01;35m[K]8;;https://gcc.gnu.org/onlinedocs/gcc-15.3.0/gcc/C_002b_002b-Dialect-Options.html#index-Wno-sign-promo-Wsign-promo]8;;[m[K]
  267 |       << " (" #LHS "=" << _values.[01;35m[Klhs[m[K << ", " #RHS "=" << _values.rhs << ") "
      |                                   [01;35m[K^~~[m[K
[01m[Klibbase/include/android-base/logging.h:275:24:[m[K [01;36m[Knote: [m[Kin expansion of macro '[01m[KCHECK_OP[m[K'
  275 | #define CHECK_EQ(x, y) [01;36m[KCHECK_OP[m[K(x, y, == )
      |                        [01;36m[K^~~~~~~~[m[K
[01m[Klibbase/include/android-base/logging.h:332:40:[m[K [01;36m[Knote: [m[Kin expansion of macro '[01m[KCHECK_EQ[m[K'
  332 |   if (::android::base::kEnableDChecks) [01;36m[KCHECK_EQ[m[K(x, y)
      |                                        [01;36m[K^~~~~~~~[m[K
[01m[Kart/runtime/mirror/class-inl.h:587:7:[m[K [01;36m[Knote: [m[Kin expansion of macro '[01m[KDCHECK_EQ[m[K'
  587 |       [01;36m[KDCHECK_EQ[m[K(expected_result, sc_result)
      |       [01;36m[K^~~~~~~~~[m[K
[01m[Klibbase/include/android-base/logging.h:267:67:[m[K [01;35m[Kwarning: [m[Kpassing '[01m[Kart::SubtypeCheckInfo::Result[m[K' chooses '[01m[Kint[m[K' over '[01m[Kunsigned int[m[K' [[01;35m[K]8;;https://gcc.gnu.org/onlinedocs/gcc-15.3.0/gcc/C_002b_002b-Dialect-Options.html#index-Wno-sign-promo-Wsign-promo]8;;[m[K]
  267 |       << " (" #LHS "=" << _values.lhs << ", " #RHS "=" << _values.[01;35m[Krhs[m[K << ") "
      |                                                                   [01;35m[K^~~[m[K
[01m[Klibbase/include/android-base/logging.h:275:24:[m[K [01;36m[Knote: [m[Kin expansion of macro '[01m[KCHECK_OP[m[K'
  275 | #define CHECK_EQ(x, y) [01;36m[KCHECK_OP[m[K(x, y, == )
      |                        [01;36m[K^~~~~~~~[m[K
[01m[Klibbase/include/android-base/logging.h:332:40:[m[K [01;36m[Knote: [m[Kin expansion of macro '[01m[KCHECK_EQ[m[K'
  332 |   if (::android::base::kEnableDChecks) [01;36m[KCHECK_EQ[m[K(x, y)
      |                                        [01;36m[K^~~~~~~~[m[K
[01m[Kart/runtime/mirror/class-inl.h:587:7:[m[K [01;36m[Knote: [m[Kin expansion of macro '[01m[KDCHECK_EQ[m[K'
  587 |       [01;36m[KDCHECK_EQ[m[K(expected_result, sc_result)
      |       [01;36m[K^~~~~~~~~[m[K
[01m[Klibbase/include/android-base/logging.h:267:67:[m[K [01;35m[Kwarning: [m[K  in call to '[01m[Kstd::basic_ostream<_Ch, _Tr>& std::basic_ostream<_CharT, _Traits>::[01;32m[Koperator<<[m[K(int) [35m[K[with _CharT = char; _Traits = std::char_traits<char>][m[K[m[K' [[01;35m[K]8;;https://gcc.gnu.org/onlinedocs/gcc-15.3.0/gcc/C_002b_002b-Dialect-Options.html#index-Wno-sign-promo-Wsign-promo]8;;[m[K]
  267 |       << " (" #LHS "=" << _values.lhs << ", " #RHS "=" << _values.[01;35m[Krhs[m[K << ") "
      |                                                                   [01;35m[K^~~[m[K
[01m[Klibbase/include/android-base/logging.h:275:24:[m[K [01;36m[Knote: [m[Kin expansion of macro '[01m[KCHECK_OP[m[K'
  275 | #define CHECK_EQ(x, y) [01;36m[KCHECK_OP[m[K(x, y, == )
      |                        [01;36m[K^~~~~~~~[m[K
[01m[Klibbase/include/android-base/logging.h:332:40:[m[K [01;36m[Knote: [m[Kin expansion of macro '[01m[KCHECK_EQ[m[K'
  332 |   if (::android::base::kEnableDChecks) [01;36m[KCHECK_EQ[m[K(x, y)
      |                                        [01;36m[K^~~~~~~~[m[K
[01m[Kart/runtime/mirror/class-inl.h:587:7:[m[K [01;36m[Knote: [m[Kin expansion of macro '[01m[KDCHECK_EQ[m[K'
  587 |       [01;36m[KDCHECK_EQ[m[K(expected_result, sc_result)
      |       [01;36m[K^~~~~~~~~[m[K
In file included from [01m[Kart/runtime/mirror/class-inl.h:33[m[K:
art/runtime/mirror/dex_cache.h: In instantiation of '[01m[Kstruct art::mirror::DexCachePair<art::mirror::String>[m[K':
[01m[K/nix/store/qrn789mrv652j7f5bcjp367npzpcyvdi-gcc-15.3.0/include/c++/15.3.0/atomic:206:5:[m[K   required from '[01m[Kconstexpr const int std::atomic<art::mirror::DexCachePair<art::mirror::String> >::_S_min_alignment[m[K'
  206 |         = ([01;36m[Ksizeof(_Tp)[m[K & (sizeof(_Tp) - 1)) || sizeof(_Tp) > 16
      |            [01;36m[K^~~~~~~~~~~[m[K
[01m[K/nix/store/qrn789mrv652j7f5bcjp367npzpcyvdi-gcc-15.3.0/include/c++/15.3.0/atomic:210:11:[m[K   required from '[01m[Kconstexpr const int std::atomic<art::mirror::DexCachePair<art::mirror::String> >::_S_alignment[m[K'
  210 |         = [01;36m[K_S_min_alignment[m[K > alignof(_Tp) ? _S_min_alignment : alignof(_Tp);
      |           [01;36m[K^~~~~~~~~~~~~~~~[m[K
[01m[K/nix/store/qrn789mrv652j7f5bcjp367npzpcyvdi-gcc-15.3.0/include/c++/15.3.0/atomic:212:33:[m[K   required from '[01m[Kstruct std::atomic<art::mirror::DexCachePair<art::mirror::String> >[m[K'
  212 |       alignas(_S_alignment) _Tp [01;36m[K_M_i[m[K;
      |                                 [01;36m[K^~~~[m[K
[01m[Kart/runtime/mirror/object.h:579:52:[m[K   required from '[01m[Kvoid art::mirror::Object::[01;32m[KSetFieldPtrWithSize[m[K(art::MemberOffset, T, art::PointerSize) [35m[K[with bool kTransactionActive = false; bool kCheckTransaction = true; art::VerifyObjectFlags kVerifyFlags = art::kVerifyNone; T = std::atomic<art::mirror::DexCachePair<art::mirror::String> >*][m[K[m[K'
  579 |           field_offset, [01;36m[Kreinterpret_cast32<int32_t>(new_value)[m[K);
      |                         [01;36m[K~~~~~~~~~~~~~~~~~~~~~~~~~~~^~~~~~~~~~~[m[K
[01m[Kart/runtime/mirror/object.h:556:77:[m[K   required from '[01m[Kvoid art::mirror::Object::[01;32m[KSetFieldPtr[m[K(art::MemberOffset, T) [35m[K[with bool kTransactionActive = false; bool kCheckTransaction = true; art::VerifyObjectFlags kVerifyFlags = art::kVerifyNone; T = std::atomic<art::mirror::DexCachePair<art::mirror::String> >*][m[K[m[K'
  556 |     [01;36m[KSetFieldPtrWithSize<kTransactionActive, kCheckTransaction, kVerifyFlags>([m[K
      |     [01;36m[K~~~~~~~~~~~~~~~~~~~~~~~~~~~~~~~~~~~~~~~~~~~~~~~~~~~~~~~~~~~~~~~~~~~~~~~~^[m[K
  557 | [01;36m[K        field_offset, new_value, kRuntimePointerSize)[m[K;
      |         [01;36m[K~~~~~~~~~~~~~~~~~~~~~~~~~~~~~~~~~~~~~~~~~~~~~[m[K                        
[01m[Kart/runtime/mirror/dex_cache.h:346:23:[m[K   required from here
  346 |     [01;36m[KSetFieldPtr<false>(StringsOffset(), strings)[m[K;
      |     [01;36m[K~~~~~~~~~~~~~~~~~~^~~~~~~~~~~~~~~~~~~~~~~~~~[m[K
[01m[Kart/runtime/mirror/dex_cache.h:50:13:[m[K [01;35m[Kwarning: [m[Kignoring packed attribute because of unpacked non-POD field '[01m[Kart::GcRoot<art::mirror::String> art::mirror::DexCachePair<art::mirror::String>::object[m[K'
   50 |   GcRoot<T> [01;35m[Kobject[m[K;
      |             [01;35m[K^~~~~~[m[K
art/runtime/mirror/dex_cache.h: In instantiation of '[01m[Kstruct art::mirror::DexCachePair<art::mirror::Class>[m[K':
[01m[K/nix/store/qrn789mrv652j7f5bcjp367npzpcyvdi-gcc-15.3.0/include/c++/15.3.0/atomic:206:5:[m[K   required from '[01m[Kconstexpr const int std::atomic<art::mirror::DexCachePair<art::mirror::Class> >::_S_min_alignment[m[K'
  206 |         = ([01;36m[Ksizeof(_Tp)[m[K & (sizeof(_Tp) - 1)) || sizeof(_Tp) > 16
      |            [01;36m[K^~~~~~~~~~~[m[K
[01m[K/nix/store/qrn789mrv652j7f5bcjp367npzpcyvdi-gcc-15.3.0/include/c++/15.3.0/atomic:210:11:[m[K   required from '[01m[Kconstexpr const int std::atomic<art::mirror::DexCachePair<art::mirror::Class> >::_S_alignment[m[K'
  210 |         = [01;36m[K_S_min_alignment[m[K > alignof(_Tp) ? _S_min_alignment : alignof(_Tp);
      |           [01;36m[K^~~~~~~~~~~~~~~~[m[K
[01m[K/nix/store/qrn789mrv652j7f5bcjp367npzpcyvdi-gcc-15.3.0/include/c++/15.3.0/atomic:212:33:[m[K   required from '[01m[Kstruct std::atomic<art::mirror::DexCachePair<art::mirror::Class> >[m[K'
  212 |       alignas(_S_alignment) _Tp [01;36m[K_M_i[m[K;
      |                                 [01;36m[K^~~~[m[K
[01m[Kart/runtime/mirror/object.h:579:52:[m[K   required from '[01m[Kvoid art::mirror::Object::[01;32m[KSetFieldPtrWithSize[m[K(art::MemberOffset, T, art::PointerSize) [35m[K[with bool kTransactionActive = false; bool kCheckTransaction = true; art::VerifyObjectFlags kVerifyFlags = art::kVerifyNone; T = std::atomic<art::mirror::DexCachePair<art::mirror::Class> >*][m[K[m[K'
  579 |           field_offset, [01;36m[Kreinterpret_cast32<int32_t>(new_value)[m[K);
      |                         [01;36m[K~~~~~~~~~~~~~~~~~~~~~~~~~~~^~~~~~~~~~~[m[K
[01m[Kart/runtime/mirror/object.h:556:77:[m[K   required from '[01m[Kvoid art::mirror::Object::[01;32m[KSetFieldPtr[m[K(art::MemberOffset, T) [35m[K[with bool kTransactionActive = false; bool kCheckTransaction = true; art::VerifyObjectFlags kVerifyFlags = art::kVerifyNone; T = std::atomic<art::mirror::DexCachePair<art::mirror::Class> >*][m[K[m[K'
  556 |     [01;36m[KSetFieldPtrWithSize<kTransactionActive, kCheckTransaction, kVerifyFlags>([m[K
      |     [01;36m[K~~~~~~~~~~~~~~~~~~~~~~~~~~~~~~~~~~~~~~~~~~~~~~~~~~~~~~~~~~~~~~~~~~~~~~~~^[m[K
  557 | [01;36m[K        field_offset, new_value, kRuntimePointerSize)[m[K;
      |         [01;36m[K~~~~~~~~~~~~~~~~~~~~~~~~~~~~~~~~~~~~~~~~~~~~~[m[K                        
[01m[Kart/runtime/mirror/dex_cache.h:362:23:[m[K   required from here
  362 |     [01;36m[KSetFieldPtr<false>(ResolvedTypesOffset(), resolved_types)[m[K;
      |     [01;36m[K~~~~~~~~~~~~~~~~~~^~~~~~~~~~~~~~~~~~~~~~~~~~~~~~~~~~~~~~~[m[K
[01m[Kart/runtime/mirror/dex_cache.h:50:13:[m[K [01;35m[Kwarning: [m[Kignoring packed attribute because of unpacked non-POD field '[01m[Kart::GcRoot<art::mirror::Class> art::mirror::DexCachePair<art::mirror::Class>::object[m[K'
   50 |   GcRoot<T> [01;35m[Kobject[m[K;
      |             [01;35m[K^~~~~~[m[K
art/runtime/mirror/dex_cache.h: In instantiation of '[01m[Kstruct art::mirror::DexCachePair<art::mirror::MethodType>[m[K':
[01m[K/nix/store/qrn789mrv652j7f5bcjp367npzpcyvdi-gcc-15.3.0/include/c++/15.3.0/atomic:206:5:[m[K   required from '[01m[Kconstexpr const int std::atomic<art::mirror::DexCachePair<art::mirror::MethodType> >::_S_min_alignment[m[K'
  206 |         = ([01;36m[Ksizeof(_Tp)[m[K & (sizeof(_Tp) - 1)) || sizeof(_Tp) > 16
      |            [01;36m[K^~~~~~~~~~~[m[K
[01m[K/nix/store/qrn789mrv652j7f5bcjp367npzpcyvdi-gcc-15.3.0/include/c++/15.3.0/atomic:210:11:[m[K   required from '[01m[Kconstexpr const int std::atomic<art::mirror::DexCachePair<art::mirror::MethodType> >::_S_alignment[m[K'
  210 |         = [01;36m[K_S_min_alignment[m[K > alignof(_Tp) ? _S_min_alignment : alignof(_Tp);
      |           [01;36m[K^~~~~~~~~~~~~~~~[m[K
[01m[K/nix/store/qrn789mrv652j7f5bcjp367npzpcyvdi-gcc-15.3.0/include/c++/15.3.0/atomic:212:33:[m[K   required from '[01m[Kstruct std::atomic<art::mirror::DexCachePair<art::mirror::MethodType> >[m[K'
  212 |       alignas(_S_alignment) _Tp [01;36m[K_M_i[m[K;
      |                                 [01;36m[K^~~~[m[K
[01m[Kart/runtime/mirror/object.h:579:52:[m[K   required from '[01m[Kvoid art::mirror::Object::[01;32m[KSetFieldPtrWithSize[m[K(art::MemberOffset, T, art::PointerSize) [35m[K[with bool kTransactionActive = false; bool kCheckTransaction = true; art::VerifyObjectFlags kVerifyFlags = art::kVerifyNone; T = std::atomic<art::mirror::DexCachePair<art::mirror::MethodType> >*][m[K[m[K'
  579 |           field_offset, [01;36m[Kreinterpret_cast32<int32_t>(new_value)[m[K);
      |                         [01;36m[K~~~~~~~~~~~~~~~~~~~~~~~~~~~^~~~~~~~~~~[m[K
[01m[Kart/runtime/mirror/object.h:556:77:[m[K   required from '[01m[Kvoid art::mirror::Object::[01;32m[KSetFieldPtr[m[K(art::MemberOffset, T) [35m[K[with bool kTransactionActive = false; bool kCheckTransaction = true; art::VerifyObjectFlags kVerifyFlags = art::kVerifyNone; T = std::atomic<art::mirror::DexCachePair<art::mirror::MethodType> >*][m[K[m[K'
  556 |     [01;36m[KSetFieldPtrWithSize<kTransactionActive, kCheckTransaction, kVerifyFlags>([m[K
      |     [01;36m[K~~~~~~~~~~~~~~~~~~~~~~~~~~~~~~~~~~~~~~~~~~~~~~~~~~~~~~~~~~~~~~~~~~~~~~~~^[m[K
  557 | [01;36m[K        field_offset, new_value, kRuntimePointerSize)[m[K;
      |         [01;36m[K~~~~~~~~~~~~~~~~~~~~~~~~~~~~~~~~~~~~~~~~~~~~~[m[K                        
[01m[Kart/runtime/mirror/dex_cache.h:394:23:[m[K   required from here
  394 |     [01;36m[KSetFieldPtr<false>(ResolvedMethodTypesOffset(), resolved_method_types)[m[K;
      |     [01;36m[K~~~~~~~~~~~~~~~~~~^~~~~~~~~~~~~~~~~~~~~~~~~~~~~~~~~~~~~~~~~~~~~~~~~~~~[m[K
[01m[Kart/runtime/mirror/dex_cache.h:50:13:[m[K [01;35m[Kwarning: [m[Kignoring packed attribute because of unpacked non-POD field '[01m[Kart::GcRoot<art::mirror::MethodType> art::mirror::DexCachePair<art::mirror::MethodType>::object[m[K'
   50 |   GcRoot<T> [01;35m[Kobject[m[K;
      |             [01;35m[K^~~~~~[m[K
art/runtime/subtype_check.h: In instantiation of '[01m[Kstatic art::SubtypeCheckBitsAndStatus art::SubtypeCheck<ClassPtr>::[01;32m[KReadField[m[K(ClassPtr) [35m[K[with ClassPtr = art::ObjPtr<art::mirror::Class>][m[K[m[K':
[01m[Kart/runtime/subtype_check.h:572:66:[m[K   required from '[01m[Kstatic art::SubtypeCheckInfo art::SubtypeCheck<ClassPtr>::[01;32m[KGetSubtypeCheckInfo[m[K(ClassPtr, size_t) [35m[K[with ClassPtr = art::ObjPtr<art::mirror::Class>; size_t = long unsigned int][m[K[m[K'
  572 |     SubtypeCheckBitsAndStatus current_bits_and_status = [01;36m[KReadField(klass)[m[K;
      |                                                         [01;36m[K~~~~~~~~~^~~~~~~[m[K
[01m[Kart/runtime/subtype_check.h:565:31:[m[K   required from '[01m[Kstatic art::SubtypeCheckInfo art::SubtypeCheck<ClassPtr>::[01;32m[KGetSubtypeCheckInfo[m[K(ClassPtr) [35m[K[with ClassPtr = art::ObjPtr<art::mirror::Class>][m[K[m[K'
  565 |     return [01;36m[KGetSubtypeCheckInfo(klass, klass->Depth())[m[K;
      |            [01;36m[K~~~~~~~~~~~~~~~~~~~^~~~~~~~~~~~~~~~~~~~~~~[m[K
[01m[Kart/runtime/subtype_check.h:355:47:[m[K   required from '[01m[Kstatic art::SubtypeCheckInfo::Result art::SubtypeCheck<ClassPtr>::[01;32m[KIsSubtypeOf[m[K(ClassPtr, ClassPtr) [35m[K[with ClassPtr = art::ObjPtr<art::mirror::Class>][m[K[m[K'
  355 |     SubtypeCheckInfo sci = [01;36m[KGetSubtypeCheckInfo(source)[m[K;
      |                            [01;36m[K~~~~~~~~~~~~~~~~~~~^~~~~~~~[m[K
[01m[Kart/runtime/mirror/class-inl.h:575:82:[m[K   required from here
  575 |     SubtypeCheckInfo::Result sc_result = [01;36m[KSubtypeCheck<ObjPtr<Class>>::IsSubtypeOf(dis, klass)[m[K;
      |                                          [01;36m[K~~~~~~~~~~~~~~~~~~~~~~~~~~~~~~~~~~~~~~~~^~~~~~~~~~~~[m[K
[01m[Kart/runtime/subtype_check.h:455:13:[m[K [01;35m[Kwarning: [m[K'[01m[Kvoid*[01;32m[K memcpy[m[K(void*, const void*, size_t)[m[K' writing to an object of type '[01m[Kunion art::SubtypeCheckBitsAndStatus[m[K' with no trivial copy-assignment; use copy-assignment or copy-initialization instead [[01;35m[K]8;;https://gcc.gnu.org/onlinedocs/gcc-15.3.0/gcc/C_002b_002b-Dialect-Options.html#index-Wclass-memaccess-Wclass-memaccess]8;;[m[K]
  455 |       [01;35m[Kmemcpy(&tmp, &int32_data, sizeof(tmp))[m[K;
      |       [01;35m[K~~~~~~^~~~~~~~~~~~~~~~~~~~~~~~~~~~~~~~[m[K
In file included from [01m[Kart/runtime/subtype_check_bits_and_status.h:20[m[K,
                 from [01m[Kart/runtime/subtype_check.h:20[m[K:
[01m[Kart/runtime/subtype_check_bits_and_status.h:70:24:[m[K [01;36m[Knote: [m[K'[01m[Kunion art::SubtypeCheckBitsAndStatus[m[K' declared here
   70 | BITSTRUCT_DEFINE_START([01;36m[KSubtypeCheckBitsAndStatus[m[K, BitSizeOf<BitString::StorageType>())
      |                        [01;36m[K^~~~~~~~~~~~~~~~~~~~~~~~~[m[K
[01m[Kart/libartbase/base/bit_struct.h:278:11:[m[K [01;36m[Knote: [m[Kin definition of macro '[01m[KBITSTRUCT_DEFINE_START[m[K'
  278 |     union [01;36m[Kname[m[K {                                                         /* NOLINT */ \
      |           [01;36m[K^~~~[m[K
In file included from [01m[Kart/runtime/mirror/array-inl.h:27[m[K,
                 from [01m[Kart/runtime/mirror/object_array-inl.h:26[m[K,
                 from [01m[Kart/runtime/mirror/iftable-inl.h:22[m[K,
                 from [01m[Kart/runtime/mirror/class-inl.h:34[m[K:
[01m[Kart/runtime/runtime.h:[m[K At global scope:
[01m[Kart/runtime/runtime.h:710:15:[m[K [01;35m[Kwarning: [m[K'[01m[Kstatic void art::Runtime::[01;32m[KDoAndMaybeSwitchInterpreter[m[K(Action) [35m[K[with Action = art::Runtime::SetNonStandardExitsEnabled()::<lambda()>][m[K[m[K', declared using local type '[01m[Kart::Runtime::SetNonStandardExitsEnabled()::<lambda()>[m[K', is used but not defined here [[01;35m[K]8;;https://gcc.gnu.org/onlinedocs/gcc-15.3.0/gcc/Warning-Options.html#index-Wc_002b_002b20-extensions-Wc++20-extensions]8;;[m[K]
  710 |   static void [01;35m[KDoAndMaybeSwitchInterpreter[m[K(Action lamda);
      |               [01;35m[K^~~~~~~~~~~~~~~~~~~~~~~~~~~[m[K
[01m[Kart/runtime/runtime.h:710:15:[m[K [01;35m[Kwarning: [m[K'[01m[Kstatic void art::Runtime::[01;32m[KDoAndMaybeSwitchInterpreter[m[K(Action) [35m[K[with Action = art::Runtime::SetAsyncExceptionsThrown()::<lambda()>][m[K[m[K', declared using local type '[01m[Kart::Runtime::SetAsyncExceptionsThrown()::<lambda()>[m[K', is used but not defined here [[01;35m[K]8;;https://gcc.gnu.org/onlinedocs/gcc-15.3.0/gcc/Warning-Options.html#index-Wc_002b_002b20-extensions-Wc++20-extensions]8;;[m[K]
Note: Some input files use or override a deprecated API.
Note: Recompile with -Xlint:deprecation for details.
Note: Some input files use unchecked or unsafe operations.
Note: Recompile with -Xlint:unchecked for details.
