Running phase: unpackPhase
@nix { "action": "setPhase", "phase": "unpackPhase" }
unpacking source archive /nix/store/fxl01f1yqd99i4xifzqyp8lpz75dlik1-source
source root is source
Running phase: patchPhase
@nix { "action": "setPhase", "phase": "patchPhase" }
applying patch /nix/store/y7i15agp3rd8mcgcryrqy0xa3wf4p7vv-add-gio-unix-dep.patch
patching file meson.build
Hunk #1 succeeded at 180 (offset 9 lines).
applying patch /nix/store/gql1x3k50kd3vpl684l48sv2mzzwr399-configure-dex-install-dir.patch
patching file src/main-executable/main.c
Hunk #1 succeeded at 361 (offset 10 lines).
applying patch /nix/store/w76chrmfwkmdd8989qjikyxanp3b27z5-android-translation-layer-bitmap-unlock.patch
patching file src/libandroid/bitmap.c
applying patch /nix/store/hj0v4wjzw348ydp6dyhlb35p1rw1fghs-android-translation-layer-kotatsu-stub.patch
patching file src/api-impl/android/provider/SearchRecentSuggestions.java
applying patch /nix/store/srizwg197ik7npm74q4bv9mb93h2c46f-android-translation-layer-mr290.patch
patching file src/api-impl/android/app/ContextImpl.java
patching file src/api-impl/android/content/pm/PackageManager.java
patching file src/api-impl/android/content/pm/PackageParser.java
patching file src/api-impl/android/graphics/drawable/LayerDrawable.java
patching file src/api-impl/android/hardware/fingerprint/FingerprintManager.java
patching file src/api-impl/android/provider/Settings.java
patching file src/api-impl/android/view/ViewGroup.java
patching file src/api-impl/android/view/animation/Animation.java
patching file src/api-impl/android/view/animation/AnimationUtils.java
patching file src/api-impl/android/view/animation/LayoutAnimationController.java
patching file src/api-impl/android/view/inputmethod/InputMethodManager.java
patching file src/api-impl/android/widget/LinearLayout.java
patching file src/api-impl/android/widget/PopupWindow.java
patching file src/api-impl/meson.build
applying patch /nix/store/q7zr9qn42qs50v6acwb3p0ynnapi6y3f-android-translation-layer-fdroid-stub.patch
patching file src/api-impl/android/provider/Settings.java
Running phase: updateAutotoolsGnuConfigScriptsPhase
@nix { "action": "setPhase", "phase": "updateAutotoolsGnuConfigScriptsPhase" }
Running phase: configurePhase
@nix { "action": "setPhase", "phase": "configurePhase" }
mesonConfigurePhase flags: --prefix=/nix/store/3b0fn4i4pmzq2hn1p8kv7z1lxk314rp1-android-translation-layer-0-unstable-2026-07-30 --libdir=/nix/store/3b0fn4i4pmzq2hn1p8kv7z1lxk314rp1-android-translation-layer-0-unstable-2026-07-30/lib --libexecdir=/nix/store/3b0fn4i4pmzq2hn1p8kv7z1lxk314rp1-android-translation-layer-0-unstable-2026-07-30/libexec --bindir=/nix/store/3b0fn4i4pmzq2hn1p8kv7z1lxk314rp1-android-translation-layer-0-unstable-2026-07-30/bin --sbindir=/nix/store/3b0fn4i4pmzq2hn1p8kv7z1lxk314rp1-android-translation-layer-0-unstable-2026-07-30/sbin --includedir=/nix/store/3b0fn4i4pmzq2hn1p8kv7z1lxk314rp1-android-translation-layer-0-unstable-2026-07-30/include --mandir=/nix/store/3b0fn4i4pmzq2hn1p8kv7z1lxk314rp1-android-translation-layer-0-unstable-2026-07-30/share/man --infodir=/nix/store/3b0fn4i4pmzq2hn1p8kv7z1lxk314rp1-android-translation-layer-0-unstable-2026-07-30/share/info --localedir=/nix/store/3b0fn4i4pmzq2hn1p8kv7z1lxk314rp1-android-translation-layer-0-unstable-2026-07-30/share/locale -Dauto_features=enabled -Dwrap_mode=nodownload --buildtype=plain
[1mThe Meson build system[0m
Version: 1.10.2
Source dir: [1m/build/source[0m
Build dir: [1m/build/source/build[0m
Build type: [1mnative build[0m
Project name: [1mandroid_translation_layer[0m
Project version: [1mundefined[0m
C compiler for the host machine: [1mgcc[0m (gcc 15.3.0 "gcc (GCC) 15.3.0")
C linker for the host machine: [1mgcc[0m ld.bfd 2.46
Java compiler for the host machine: [1mjavac[0m (unknown 17.0.20)
Host machine cpu family: [1mx86_64[0m
Host machine cpu: [1mx86_64[0m
Found pkg-config: [1;32mYES[0m [1m(/nix/store/2l3a3fhc1nyp69mlq5ifb4mkb9mryb98-pkg-config-wrapper-0.29.2/bin/pkg-config)[0m [1;34m0.29.2[0m
Run-time dependency [1mart-standalone[0m found: [1;32mYES[0m [36m0.0.0[0m
Library [1mdl_bio[0m found: [1;32mYES[0m
Library [1mc_bio[0m found: [1;32mYES[0m
Build-time dependency [1mglib-2.0[0m found: [1;32mYES[0m [36m2.88.1[0m
Program [1m/nix/store/7gah6nwl6174qxcibiik0iw2fmadys83-glib-2.88.1-dev/bin/glib-genmarshal[0m found: [1;32mYES[0m (/nix/store/7gah6nwl6174qxcibiik0iw2fmadys83-glib-2.88.1-dev/bin/glib-genmarshal)
Build-time dependency [1mgio-2.0[0m found: [1;32mYES[0m [36m2.88.1[0m
Program [1m/nix/store/7gah6nwl6174qxcibiik0iw2fmadys83-glib-2.88.1-dev/bin/gdbus-codegen[0m found: [1;32mYES[0m (/nix/store/7gah6nwl6174qxcibiik0iw2fmadys83-glib-2.88.1-dev/bin/gdbus-codegen)
Dependency [1mgio-2.0[0m found: [1;32mYES[0m [36m2.88.1[0m [1;34m(cached)[0m
Program [1m/nix/store/7gah6nwl6174qxcibiik0iw2fmadys83-glib-2.88.1-dev/bin/gdbus-codegen[0m found: [1;32mYES[0m (/nix/store/7gah6nwl6174qxcibiik0iw2fmadys83-glib-2.88.1-dev/bin/gdbus-codegen)
Dependency [1mgio-2.0[0m found: [1;32mYES[0m [36m2.88.1[0m [1;34m(cached)[0m
Program [1m/nix/store/7gah6nwl6174qxcibiik0iw2fmadys83-glib-2.88.1-dev/bin/gdbus-codegen[0m found: [1;32mYES[0m (/nix/store/7gah6nwl6174qxcibiik0iw2fmadys83-glib-2.88.1-dev/bin/gdbus-codegen)
Dependency [1mgio-2.0[0m found: [1;32mYES[0m [36m2.88.1[0m [1;34m(cached)[0m
Program [1m/nix/store/7gah6nwl6174qxcibiik0iw2fmadys83-glib-2.88.1-dev/bin/gdbus-codegen[0m found: [1;32mYES[0m (/nix/store/7gah6nwl6174qxcibiik0iw2fmadys83-glib-2.88.1-dev/bin/gdbus-codegen)
Dependency [1mgio-2.0[0m found: [1;32mYES[0m [36m2.88.1[0m [1;34m(cached)[0m
Program [1m/nix/store/7gah6nwl6174qxcibiik0iw2fmadys83-glib-2.88.1-dev/bin/gdbus-codegen[0m found: [1;32mYES[0m (/nix/store/7gah6nwl6174qxcibiik0iw2fmadys83-glib-2.88.1-dev/bin/gdbus-codegen)
Did not find CMake 'cmake'
Found CMake: [1;31mNO[0m
Run-time dependency [1mgtk4-layer-shell-0[0m found: [1;31mNO[0m (tried pkgconfig and cmake)
Run-time dependency [1mgtk4[0m found: [1;32mYES[0m [36m4.22.4[0m
Run-time dependency [1mjni[0m found: [1;32mYES[0m [36m17.0.20[0m
Run-time dependency [1mvulkan[0m found: [1;32mYES[0m [36m1.4.350[0m
Run-time dependency [1mopenxr[0m found: [1;32mYES[0m [36m1.1[0m
Run-time dependency [1mwayland-protocols[0m found: [1;32mYES[0m [36m1.49[0m
Program [1mwayland-scanner[0m found: [1;32mYES[0m (/nix/store/7kxnrj8mavivlrp3pbkq1bindnvphchp-wayland-scanner-1.26.0-bin/bin/wayland-scanner)
Dependency [1mgtk4[0m found: [1;32mYES[0m [36m4.22.4[0m [1;34m(cached)[0m
Run-time dependency [1mgl[0m found: [1;32mYES[0m [36m1.2[0m
Run-time dependency [1megl[0m found: [1;32mYES[0m [36m1.5[0m
Run-time dependency [1mwayland-client[0m found: [1;32mYES[0m [36m1.26.0[0m
Dependency [1mjni[0m found: [1;32mYES[0m [36m17.0.20[0m [1;34m(cached)[0m
Run-time dependency [1mlibportal[0m found: [1;32mYES[0m [36m0.9.1[0m
Run-time dependency [1msqlite3[0m found: [1;32mYES[0m [36m3.53.3[0m
Run-time dependency [1mlibavcodec[0m found: [1;32mYES[0m [36m62.28.102[0m
Run-time dependency [1mlibdrm[0m found: [1;32mYES[0m [36m2.4.134[0m
Run-time dependency [1mgudev-1.0[0m found: [1;32mYES[0m [36m238[0m
Run-time dependency [1mlibswscale[0m found: [1;32mYES[0m [36m9.5.102[0m
Run-time dependency [1mwebkitgtk-6.0[0m found: [1;32mYES[0m [36m2.52.5[0m
Run-time dependency [1mgio-unix-2.0[0m found: [1;32mYES[0m [36m2.88.1[0m
Dependency [1mgio-2.0[0m found: [1;32mYES[0m [36m2.88.1[0m [1;34m(cached)[0m
Program [1m/nix/store/7gah6nwl6174qxcibiik0iw2fmadys83-glib-2.88.1-dev/bin/glib-compile-resources[0m found: [1;32mYES[0m (/nix/store/7gah6nwl6174qxcibiik0iw2fmadys83-glib-2.88.1-dev/bin/glib-compile-resources)
Dependency [1mgtk4[0m found: [1;32mYES[0m [36m4.22.4[0m [1;34m(cached)[0m
Dependency [1mjni[0m found: [1;32mYES[0m [36m17.0.20[0m [1;34m(cached)[0m
Run-time dependency [1mdl[0m found: [1;32mYES[0m
Dependency [1mlibportal[0m found: [1;32mYES[0m [36m0.9.1[0m [1;34m(cached)[0m
Run-time dependency [1mfontconfig[0m found: [1;32mYES[0m [36m2.18.2[0m
Program [1mant[0m found: [1;31mNO[0m
Program [1mant[0m found: [1;31mNO[0m
Program [1mant[0m found: [1;31mNO[0m
Program [1maapt[0m found: [1;31mNO[0m
Build targets in project: [1m28[0m

android_translation_layer [36mundefined[0m

  [1mUser defined options[0m
    auto_features: enabled
    bindir       : /nix/store/3b0fn4i4pmzq2hn1p8kv7z1lxk314rp1-android-translation-layer-0-unstable-2026-07-30/bin
    buildtype    : plain
    includedir   : /nix/store/3b0fn4i4pmzq2hn1p8kv7z1lxk314rp1-android-translation-layer-0-unstable-2026-07-30/include
    infodir      : /nix/store/3b0fn4i4pmzq2hn1p8kv7z1lxk314rp1-android-translation-layer-0-unstable-2026-07-30/share/info
    libdir       : /nix/store/3b0fn4i4pmzq2hn1p8kv7z1lxk314rp1-android-translation-layer-0-unstable-2026-07-30/lib
    libexecdir   : /nix/store/3b0fn4i4pmzq2hn1p8kv7z1lxk314rp1-android-translation-layer-0-unstable-2026-07-30/libexec
    localedir    : /nix/store/3b0fn4i4pmzq2hn1p8kv7z1lxk314rp1-android-translation-layer-0-unstable-2026-07-30/share/locale
    mandir       : /nix/store/3b0fn4i4pmzq2hn1p8kv7z1lxk314rp1-android-translation-layer-0-unstable-2026-07-30/share/man
    prefix       : /nix/store/3b0fn4i4pmzq2hn1p8kv7z1lxk314rp1-android-translation-layer-0-unstable-2026-07-30
    sbindir      : /nix/store/3b0fn4i4pmzq2hn1p8kv7z1lxk314rp1-android-translation-layer-0-unstable-2026-07-30/sbin
    wrap_mode    : nodownload

Found ninja-1.13.2 at /nix/store/vqnp9w33c613xl7ism88wx69rqaabamn-ninja-1.13.2/bin/ninja
mesonConfigurePhase: enabled\ parallel\ building
Running phase: buildPhase
@nix { "action": "setPhase", "phase": "buildPhase" }
build flags: -j24
[1/134] Generating glib marshaller header marshal_h
[2/134] Generating protocol/input-method-unstable-v2 client header with a custom command
[3/134] Generating protocol/input-method-unstable-v2 source with a custom command
[4/134] Generating protocol/virtual-keyboard-unstable-v1 client header with a custom command
[5/134] Compiling C object libandroid.so.0.p/src_libandroid_trace.c.o
[6/134] Generating protocol/virtual-keyboard-unstable-v1 source with a custom command
[7/134] Generating res/framework-res/framework-res.apk with a custom command
[8/134] Generating com.gitlab.android_translation_layer.android_translation_layer_h with a custom command
[9/134] Generating com.gitlab.android_translation_layer.android_translation_layer_c with a custom command
[10/134] Compiling C object libandroid.so.0.p/src_libandroid_configuration.c.o
[11/134] Generating glib marshaller source marshal_c
[12/134] Generating gdbus source unifiedpush-distributor.c
[13/134] Generating gdbus source portal-email.c
[14/134] Generating gdbus source mpris-dbus.c
[15/134] Generating gdbus header portal-email.h
[16/134] Generating gdbus header mpris-dbus.h
[17/134] Generating gdbus header portal-openuri.h
[18/134] Generating gdbus header unifiedpush-distributor.h
[19/134] Generating gdbus source portal-openuri.c
[20/134] Generating gdbus header unifiedpush-connector.h
[21/134] Compiling C object libandroid.so.0.p/src_libandroid_looper.c.o
[22/134] Generating gdbus source unifiedpush-connector.c
[23/134] Compiling C object libandroid.so.0.p/src_libandroid_sensor.c.o
[24/134] Compiling C object libandroid.so.0.p/src_libandroid_media.c.o
[25/134] Compiling C object android-translation-layer.p/src_main-executable_bionic_compat.c.o
[26/134] Compiling C object libtranslation_layer_main.so.p/meson-generated_.._protocol_virtual-keyboard-unstable-v1-protocol.c.o
[27/134] Compiling C object libtranslation_layer_main.so.p/meson-generated_.._protocol_input-method-unstable-v2-protocol.c.o
[28/134] Compiling C object libtranslation_layer_main.so.p/src_api-impl-jni_android_opengl_GLUtils.c.o
[29/134] Compiling C object android-translation-layer.p/src_main-executable_libc_bio_path_overrides.c.o
[30/134] Compiling C object libandroid.so.0.p/src_libandroid_bitmap.c.o
[31/134] Compiling C object android-translation-layer.p/meson-generated_.._com.gitlab.android_translation_layer.android_translation_layer.c.o
[32/134] Compiling C object libtranslation_layer_main.so.p/meson-generated_.._marshal.c.o
[33/134] Compiling C object libtranslation_layer_main.so.p/src_api-impl-jni_android_os_SystemClock.c.o
[34/134] Compiling C object libtranslation_layer_main.so.p/meson-generated_.._unifiedpush-distributor.c.o
[35/134] Compiling C object libandroid.so.0.p/src_libandroid_asset_manager.c.o
[36/134] Compiling C object libtranslation_layer_main.so.p/meson-generated_.._unifiedpush-connector.c.o
[37/134] Compiling C object libandroid.so.0.p/src_libandroid_input.c.o
../src/libandroid/input.c: In function 'on_event':
../src/libandroid/input.c:221:25: warning: ignoring return value of 'write' declared with attribute 'warn_unused_result' [-Wunused-result]
  221 |                         write(input_queue_pipe_fd, &ainput_event, sizeof(struct AInputEvent));
      |                         ^~~~~~~~~~~~~~~~~~~~~~~~~~~~~~~~~~~~~~~~~~~~~~~~~~~~~~~~~~~~~~~~~~~~~
[38/134] Compiling C object libtranslation_layer_main.so.p/meson-generated_.._portal-email.c.o
[39/134] Compiling C object android-translation-layer.p/src_main-executable_actions.c.o
[40/134] Compiling C object libtranslation_layer_main.so.p/meson-generated_.._portal-openuri.c.o
[41/134] Compiling C object android-translation-layer.p/src_main-executable_back_button.c.o
[42/134] Compiling C object libandroid.so.0.p/src_libandroid_egl.c.o
[43/134] Compiling C object libandroid.so.0.p/src_libandroid_native_window.c.o
[44/134] Compiling C object libtranslation_layer_main.so.p/src_api-impl-jni_android_app_NativeActivity.c.o
../src/api-impl-jni/android_app_NativeActivity.c: In function 'Java_android_app_NativeActivity_loadNativeCode':
../src/api-impl-jni/android_app_NativeActivity.c:276:34: warning: 'NativeBridgeIsSupported' may be used uninitialized [-Wmaybe-uninitialized]
  276 |         bool use_native_bridge = NativeBridgeIsSupported(pathStr);
      |                                  ^~~~~~~~~~~~~~~~~~~~~~~~~~~~~~~~
../src/api-impl-jni/android_app_NativeActivity.c:266:16: note: 'NativeBridgeIsSupported' was declared here
  266 |         bool (*NativeBridgeIsSupported)(const char *);
      |                ^~~~~~~~~~~~~~~~~~~~~~~
../src/api-impl-jni/android_app_NativeActivity.c:280:26: warning: 'NativeBridgeLoadLibrary' may be used uninitialized [-Wmaybe-uninitialized]
  280 |                 handle = NativeBridgeLoadLibrary(pathStr, RTLD_LAZY);
      |                          ^~~~~~~~~~~~~~~~~~~~~~~~~~~~~~~~~~~~~~~~~~~
../src/api-impl-jni/android_app_NativeActivity.c:267:17: note: 'NativeBridgeLoadLibrary' was declared here
  267 |         void *(*NativeBridgeLoadLibrary)(const char *, int);
      |                 ^~~~~~~~~~~~~~~~~~~~~~~
../src/api-impl-jni/android_app_NativeActivity.c:290:39: warning: 'NativeBridgeGetTrampoline' may be used uninitialized [-Wmaybe-uninitialized]
  290 |                         create_func = NativeBridgeGetTrampoline(handle, funcStr, NULL, 0);
      |                                       ^~~~~~~~~~~~~~~~~~~~~~~~~~~~~~~~~~~~~~~~~~~~~~~~~~~
../src/api-impl-jni/android_app_NativeActivity.c:268:17: note: 'NativeBridgeGetTrampoline' was declared here
  268 |         void *(*NativeBridgeGetTrampoline)(void *, const char *, const char *, uint32_t);
      |                 ^~~~~~~~~~~~~~~~~~~~~~~~~
[45/134] Compiling C object libtranslation_layer_main.so.p/meson-generated_.._mpris-dbus.c.o
[46/134] Compiling C object libtranslation_layer_main.so.p/src_api-impl-jni_android_content_res_AssetManager.c.o
[47/134] Compiling C object libtranslation_layer_main.so.p/src_api-impl-jni_android_opengl_GLES20.c.o
[48/134] Compiling C object libtranslation_layer_main.so.p/src_api-impl-jni_android_os_Environment.c.o
[49/134] Compiling C object libtranslation_layer_main.so.p/src_api-impl-jni_android_os_MessageQueue.c.o
[50/134] Compiling C object libtranslation_layer_main.so.p/src_api-impl-jni_android_util_Log.c.o
[51/134] Compiling C object android-translation-layer.p/src_main-executable_main.c.o
../src/main-executable/main.c: In function 'dynamic_launcher_ready_callback':
../src/main-executable/main.c:197:9: warning: ignoring return value of 'system' declared with attribute 'warn_unused_result' [-Wunused-result]
  197 |         system(update_desktop_database);
      |         ^~~~~~~~~~~~~~~~~~~~~~~~~~~~~~~
../src/main-executable/main.c: In function 'construct_classpath':
../src/main-executable/main.c:69:9: warning: '__builtin___strcpy_chk' writing one too many bytes into a region of a size that depends on 'strlen' [-Wstringop-overflow=]
   69 |         strcpy(result, prefix);
      |         ^
../src/main-executable/main.c:68:24: note: destination object of size [0, 9223372036854775805] allocated by 'malloc'
   68 |         char *result = malloc(result_len);
      |                        ^~~~~~~~~~~~~~~~~~
../src/main-executable/main.c: In function 'open':
../src/main-executable/main.c:652:17: warning: 'package_name' may be used uninitialized [-Wmaybe-uninitialized]
  652 |                 gtk_window_set_title(GTK_WINDOW(window), package_name);
      |                 ^~~~~~~~~~~~~~~~~~~~~~~~~~~~~~~~~~~~~~~~~~~~~~~~~~~~~~
../src/main-executable/main.c:330:21: note: 'package_name' was declared here
  330 |         const char *package_name;
      |                     ^~~~~~~~~~~~
../src/main-executable/main.c:692:17: warning: 'activity_object' may be used uninitialized [-Wmaybe-uninitialized]
  692 |                 activity_start(env, activity_object);
      |                 ^~~~~~~~~~~~~~~~~~~~~~~~~~~~~~~~~~~~
../src/main-executable/main.c:332:17: note: 'activity_object' was declared here
  332 |         jobject activity_object;
      |                 ^~~~~~~~~~~~~~~
[52/134] Compiling C object libtranslation_layer_main.so.p/src_api-impl-jni_audio_android_media_AudioRecord.c.o
[53/134] Linking target libandroid.so.0
[54/134] Compiling C object libtranslation_layer_main.so.p/src_api-impl-jni_android_os_Vibrator.c.o
[55/134] Compiling C object libtranslation_layer_main.so.p/src_api-impl-jni_audio_audio.c.o
[56/134] Compiling C object libtranslation_layer_main.so.p/src_api-impl-jni_android_view_Window.c.o
../src/api-impl-jni/android_view_Window.c: In function 'set_brightness_done':
../src/api-impl-jni/android_view_Window.c:68:32: warning: dereferencing type-punned pointer will break strict-aliasing rules [-Wstrict-aliasing]
   68 | #define POINTER_TO_FLOAT(p) (*((float *)(&p)))
      |                               ~^~~~~~~~~~~~~~
../src/api-impl-jni/android_view_Window.c:72:28: note: in expansion of macro 'POINTER_TO_FLOAT'
   72 |         float brightness = POINTER_TO_FLOAT(data);
      |                            ^~~~~~~~~~~~~~~~
In file included from /nix/store/7gah6nwl6174qxcibiik0iw2fmadys83-glib-2.88.1-dev/include/glib-2.0/glib/gtypes.h:34,
                 from /nix/store/7gah6nwl6174qxcibiik0iw2fmadys83-glib-2.88.1-dev/include/glib-2.0/glib/galloca.h:34,
                 from /nix/store/7gah6nwl6174qxcibiik0iw2fmadys83-glib-2.88.1-dev/include/glib-2.0/glib.h:32,
                 from /nix/store/v468fask1gcc4ia2hw70iapx45gdb33y-gtk4-4.22.4-dev/include/gtk-4.0/gtk/css/gtkcss.h:29,
                 from /nix/store/v468fask1gcc4ia2hw70iapx45gdb33y-gtk4-4.22.4-dev/include/gtk-4.0/gtk/gtk.h:29,
                 from ../src/api-impl-jni/android_view_Window.c:1:
../src/api-impl-jni/android_view_Window.c: In function 'Java_android_view_Window_set_1screen_1brightness':
../src/api-impl-jni/android_view_Window.c:67:46: warning: dereferencing type-punned pointer will break strict-aliasing rules [-Wstrict-aliasing]
   67 | #define FLOAT_TO_POINTER(f) GINT_TO_POINTER(*(uint32_t *)(&f))
      |                                              ^~~~~~~~~~~~~~~~
/nix/store/wjvib527dhnf4w04m1axnjv05yr60jn3-glib-2.88.1/lib/glib-2.0/include/glibconfig.h:106:54: note: in definition of macro 'GINT_TO_POINTER'
  106 | #define GINT_TO_POINTER(i)      ((gpointer) (glong) (i))
      |                                                      ^
../src/api-impl-jni/android_view_Window.c:121:93: note: in expansion of macro 'FLOAT_TO_POINTER'
  121 |                                NULL, G_DBUS_CALL_FLAGS_NONE, -1, NULL, set_brightness_done, FLOAT_TO_POINTER(brightness));
      |                                                                                             ^~~~~~~~~~~~~~~~
../src/api-impl-jni/android_view_Window.c: In function 'set_brightness_done':
../src/api-impl-jni/android_view_Window.c:94:25: warning: ignoring return value of 'fscanf' declared with attribute 'warn_unused_result' [-Wunused-result]
   94 |                         fscanf(fp, "%d", &max);
      |                         ^~~~~~~~~~~~~~~~~~~~~~
[57/134] Generating symbol file libandroid.so.0.p/libandroid.so.0.symbols
[58/134] Compiling C object libtranslation_layer_main.so.p/src_api-impl-jni_AssetInputStream.c.o
[59/134] Compiling C object libtranslation_layer_main.so.p/src_api-impl-jni_database_android_database_SQLiteGlobal.c.o
[60/134] Compiling C object libtranslation_layer_main.so.p/src_api-impl-jni_app_android_app_AlertDialog.c.o
[61/134] Compiling C object libtranslation_layer_main.so.p/src_api-impl-jni_app_android_app_Dialog.c.o
[62/134] Compiling C object libtranslation_layer_main.so.p/src_api-impl-jni_content_android_content_res_XmlBlock.c.o
[63/134] Compiling C object libtranslation_layer_main.so.p/src_api-impl-jni_audio_android_media_AudioManager.c.o
[64/134] Compiling C object libtranslation_layer_main.so.p/src_api-impl-jni_database_android_database_SQLiteCommon.c.o
[65/134] Compiling C object libtranslation_layer_main.so.p/src_api-impl-jni_app_android_app_WallpaperManager.c.o
[66/134] Compiling C object libtranslation_layer_main.so.p/src_api-impl-jni_app_android_app_Activity.c.o
[67/134] Compiling C object libtranslation_layer_main.so.p/src_api-impl-jni_app_android_app_NotificationManager.c.o
[68/134] Compiling C object libtranslation_layer_main.so.p/src_api-impl-jni_android_inputmethodservice_InputMethodService.c.o
../src/api-impl-jni/android_inputmethodservice_InputMethodService.c: In function 'handle_surrounding_text':
../src/api-impl-jni/android_inputmethodservice_InputMethodService.c:75:9: warning: '__builtin_strncpy' specified bound 4096 equals destination size [-Wstringop-truncation]
   75 |         strncpy(osk.surrounding, text, sizeof(osk.surrounding));
      |         ^
../src/api-impl-jni/android_inputmethodservice_InputMethodService.c: In function 'Java_android_inputmethodservice_InputMethodService_00024ATLInputConnection_nativeSetCompositingText':
../src/api-impl-jni/android_inputmethodservice_InputMethodService.c:195:17: warning: '__builtin_strncpy' specified bound 4096 equals destination size [-Wstringop-truncation]
  195 |                 strncpy(osk.compositing, data, sizeof(osk.compositing));
      |                 ^
[69/134] Compiling C object libtranslation_layer_main.so.p/src_api-impl-jni_audio_android_media_SoundPool.c.o
[70/134] Compiling C object libtranslation_layer_main.so.p/src_api-impl-jni_content_android_content_ContentResolver.c.o
[71/134] Compiling C object libtranslation_layer_main.so.p/src_api-impl-jni_audio_android_media_AudioTrack.c.o
[72/134] Compiling C object libtranslation_layer_main.so.p/src_api-impl-jni_content_android_atl_ATLMediaContentProvider.c.o
[73/134] Compiling C object libtranslation_layer_main.so.p/src_api-impl-jni_com_google_android_gles_jni_GLImpl.c.o
[74/134] Compiling C object libtranslation_layer_main.so.p/src_api-impl-jni_content_android_content_ClipboardManager.c.o
[75/134] Compiling C object libtranslation_layer_main.so.p/src_api-impl-jni_os_android_os_Process.c.o
[76/134] Compiling C object libtranslation_layer_main.so.p/src_api-impl-jni_graphics_android_graphics_drawable_DrawableContainer.c.o
[77/134] Compiling C object libtranslation_layer_main.so.p/src_api-impl-jni_os_android_atl_GVariantBuilderParcel.c.o
[78/134] Compiling C object libtranslation_layer_main.so.p/src_api-impl-jni_graphics_android_graphics_Bitmap.c.o
[79/134] Compiling C object libtranslation_layer_main.so.p/src_api-impl-jni_graphics_android_graphics_Path.c.o
../src/api-impl-jni/graphics/android_graphics_Path.c: In function 'Java_android_graphics_Path_native_1get_1bounds':
../src/api-impl-jni/graphics/android_graphics_Path.c:217:9: warning: ignoring return value of 'gsk_path_get_bounds' declared with attribute 'warn_unused_result' [-Wunused-result]
  217 |         gsk_path_get_bounds(_PTR(path_ptr), &rect);
      |         ^~~~~~~~~~~~~~~~~~~~~~~~~~~~~~~~~~~~~~~~~~
[80/134] Compiling C object libtranslation_layer_main.so.p/src_api-impl-jni_location_android_location_LocationManager.c.o
[81/134] Compiling C object libtranslation_layer_main.so.p/src_api-impl-jni_database_android_database_SQLiteConnection.c.o
[82/134] Compiling C object libtranslation_layer_main.so.p/src_api-impl-jni_graphics_android_graphics_drawable_NinePatchDrawable.c.o
[83/134] Compiling C object libtranslation_layer_main.so.p/src_api-impl-jni_graphics_android_atl_GskCanvas.c.o
[84/134] Compiling C object libtranslation_layer_main.so.p/src_api-impl-jni_os_android_atl_GVariantIterParcel.c.o
[85/134] Compiling C object libtranslation_layer_main.so.p/src_api-impl-jni_graphics_android_graphics_BitmapFactory.c.o
../src/api-impl-jni/graphics/android_graphics_BitmapFactory.c: In function 'Java_android_graphics_BitmapFactory_nativeDecodeStream':
../src/api-impl-jni/graphics/android_graphics_BitmapFactory.c:63:9: warning: 'gdk_texture_new_for_pixbuf' is deprecated [-Wdeprecated-declarations]
   63 |         GdkTexture *texture = gdk_texture_new_for_pixbuf(pixbuf);
      |         ^~~~~~~~~~
In file included from /nix/store/v468fask1gcc4ia2hw70iapx45gdb33y-gtk4-4.22.4-dev/include/gtk-4.0/gdk/gdkdmabuftexture.h:26,
                 from /nix/store/v468fask1gcc4ia2hw70iapx45gdb33y-gtk4-4.22.4-dev/include/gtk-4.0/gdk/gdk.h:48,
                 from /nix/store/v468fask1gcc4ia2hw70iapx45gdb33y-gtk4-4.22.4-dev/include/gtk-4.0/gtk/gtk.h:30,
                 from ../src/api-impl-jni/graphics/android_graphics_BitmapFactory.c:1:
/nix/store/v468fask1gcc4ia2hw70iapx45gdb33y-gtk4-4.22.4-dev/include/gtk-4.0/gdk/gdktexture.h:66:25: note: declared here
   66 | GdkTexture *            gdk_texture_new_for_pixbuf             (GdkPixbuf       *pixbuf);
      |                         ^~~~~~~~~~~~~~~~~~~~~~~~~~
[86/134] Compiling C object libtranslation_layer_main.so.p/src_api-impl-jni_graphics_android_graphics_Paint.c.o
[87/134] Compiling C object libtranslation_layer_main.so.p/src_api-impl-jni_content_android_content_Context.c.o
[88/134] Compiling C object libtranslation_layer_main.so.p/src_api-impl-jni_graphics_android_view_RenderNode.c.o
[89/134] Compiling C object libtranslation_layer_main.so.p/src_api-impl-jni_egl_com_google_android_gles_jni_EGLImpl.c.o
[90/134] Compiling C object libtranslation_layer_main.so.p/src_api-impl-jni_graphics_android_graphics_drawable_Drawable.c.o
[91/134] Compiling C object libtranslation_layer_main.so.p/src_api-impl-jni_graphics_android_graphics_Matrix.c.o
[92/134] Compiling C object libtranslation_layer_main.so.p/src_api-impl-jni_graphics_NinePatchPaintable.c.o
[93/134] Compiling C object libtranslation_layer_main.so.p/src_api-impl-jni_media_android_media_session_MediaSession.c.o
[94/134] Compiling C object libtranslation_layer_main.so.p/src_api-impl-jni_net_android_net_ConnectivityManager.c.o
[95/134] Compiling C object libtranslation_layer_main.so.p/src_api-impl-jni_media_android_media_MediaPlayer.c.o
[96/134] Compiling C object libtranslation_layer_main.so.p/src_api-impl-jni_media_android_media_MediaCodec.c.o
[97/134] Compiling Java sources for src/api-impl/hax.jar
FAILED: [code=1] src/api-impl/hax.jar.p/android/Manifest.class src/api-impl/hax.jar.p/android/R.class src/api-impl/hax.jar.p/android/accounts/Account.class src/api-impl/hax.jar.p/android/accounts/AccountManager.class src/api-impl/hax.jar.p/android/animation/AnimationHandler.class src/api-impl/hax.jar.p/android/animation/Animator.class src/api-impl/hax.jar.p/android/animation/AnimatorInflater.class src/api-impl/hax.jar.p/android/animation/AnimatorListenerAdapter.class src/api-impl/hax.jar.p/android/animation/AnimatorSet.class src/api-impl/hax.jar.p/android/animation/ArgbEvaluator.class src/api-impl/hax.jar.p/android/animation/FloatEvaluator.class src/api-impl/hax.jar.p/android/animation/Keyframe.class src/api-impl/hax.jar.p/android/animation/LayoutTransition.class src/api-impl/hax.jar.p/android/animation/ObjectAnimator.class src/api-impl/hax.jar.p/android/animation/PropertyValuesHolder.class src/api-impl/hax.jar.p/android/animation/StateListAnimator.class src/api-impl/hax.jar.p/android/animation/TimeInterpolator.class src/api-impl/hax.jar.p/android/animation/TypeEvaluator.class src/api-impl/hax.jar.p/android/animation/ValueAnimator.class src/api-impl/hax.jar.p/android/annotation/FloatRange.class src/api-impl/hax.jar.p/android/annotation/IntDef.class src/api-impl/hax.jar.p/android/annotation/IntRange.class src/api-impl/hax.jar.p/android/annotation/NonNull.class src/api-impl/hax.jar.p/android/annotation/Nullable.class src/api-impl/hax.jar.p/android/annotation/PrivateApi.class src/api-impl/hax.jar.p/android/annotation/SdkConstant.class src/api-impl/hax.jar.p/android/annotation/SuppressLint.class src/api-impl/hax.jar.p/android/annotation/SystemApi.class src/api-impl/hax.jar.p/android/annotation/TargetApi.class src/api-impl/hax.jar.p/android/annotation/UnsupportedAppUsage.class src/api-impl/hax.jar.p/android/annotation/Widget.class src/api-impl/hax.jar.p/android/app/ActionBar.class src/api-impl/hax.jar.p/android/app/Activity.class src/api-impl/hax.jar.p/android/app/ActivityManager.class src/api-impl/hax.jar.p/android/app/ActivityOptions.class src/api-impl/hax.jar.p/android/app/ActivityThread.class src/api-impl/hax.jar.p/android/app/AlarmManager.class src/api-impl/hax.jar.p/android/app/AlertDialog.class src/api-impl/hax.jar.p/android/app/AppGlobals.class src/api-impl/hax.jar.p/android/app/Application.class src/api-impl/hax.jar.p/android/app/ApplicationErrorReport.class src/api-impl/hax.jar.p/android/app/ApplicationExitInfo.class src/api-impl/hax.jar.p/android/app/AppOpsManager.class src/api-impl/hax.jar.p/android/app/ContextImpl.class src/api-impl/hax.jar.p/android/app/DatePickerDialog.class src/api-impl/hax.jar.p/android/app/Dialog.class src/api-impl/hax.jar.p/android/app/DownloadManager.class src/api-impl/hax.jar.p/android/app/Fragment.class src/api-impl/hax.jar.p/android/app/FragmentManager.class src/api-impl/hax.jar.p/android/app/FragmentTransaction.class src/api-impl/hax.jar.p/android/app/Instrumentation.class src/api-impl/hax.jar.p/android/app/IntentService.class src/api-impl/hax.jar.p/android/app/KeyguardManager.class src/api-impl/hax.jar.p/android/app/ListActivity.class src/api-impl/hax.jar.p/android/app/NativeActivity.class src/api-impl/hax.jar.p/android/app/Notification.class src/api-impl/hax.jar.p/android/app/NotificationChannel.class src/api-impl/hax.jar.p/android/app/NotificationChannelGroup.class src/api-impl/hax.jar.p/android/app/NotificationManager.class src/api-impl/hax.jar.p/android/app/PendingIntent.class src/api-impl/hax.jar.p/android/app/ProgressDialog.class src/api-impl/hax.jar.p/android/app/RemoteInput.class src/api-impl/hax.jar.p/android/app/SearchableInfo.class src/api-impl/hax.jar.p/android/app/SearchManager.class src/api-impl/hax.jar.p/android/app/Service.class src/api-impl/hax.jar.p/android/app/SharedElementCallback.class src/api-impl/hax.jar.p/android/app/SharedPreferencesImpl.class src/api-impl/hax.jar.p/android/app/StatusBarManager.class src/api-impl/hax.jar.p/android/app/TimePickerDialog.class src/api-impl/hax.jar.p/android/app/UiModeManager.class src/api-impl/hax.jar.p/android/app/WallpaperManager.class src/api-impl/hax.jar.p/android/app/admin/DevicePolicyManager.class src/api-impl/hax.jar.p/android/app/backup/BackupAgent.class src/api-impl/hax.jar.p/android/app/backup/BackupAgentHelper.class src/api-impl/hax.jar.p/android/app/backup/BackupManager.class src/api-impl/hax.jar.p/android/app/job/JobInfo.class src/api-impl/hax.jar.p/android/app/job/JobParameters.class src/api-impl/hax.jar.p/android/app/job/JobScheduler.class src/api-impl/hax.jar.p/android/app/job/JobService.class src/api-impl/hax.jar.p/android/app/job/JobWorkItem.class src/api-impl/hax.jar.p/android/app/usage/UsageStatsManager.class src/api-impl/hax.jar.p/android/appwidget/AppWidgetManager.class src/api-impl/hax.jar.p/android/appwidget/AppWidgetProvider.class src/api-impl/hax.jar.p/android/atl/ATLGStub.class src/api-impl/hax.jar.p/android/atl/ATLKeyboardDialog.class src/api-impl/hax.jar.p/android/atl/ATLKeyboardViewer.class src/api-impl/hax.jar.p/android/atl/ATLLoadedApp.class src/api-impl/hax.jar.p/android/atl/ATLLoadedAppManager.class src/api-impl/hax.jar.p/android/atl/ATLMediaContentProvider.class src/api-impl/hax.jar.p/android/atl/ATLPaths.class src/api-impl/hax.jar.p/android/atl/ATLProvider.class src/api-impl/hax.jar.p/android/atl/ATLSigHelper.class src/api-impl/hax.jar.p/android/atl/EarlyPackageParser.class src/api-impl/hax.jar.p/android/atl/GskCanvas.class src/api-impl/hax.jar.p/android/atl/GVariantBuilderParcel.class src/api-impl/hax.jar.p/android/atl/GVariantIterParcel.class src/api-impl/hax.jar.p/android/bluetooth/BluetoothAdapter.class src/api-impl/hax.jar.p/android/bluetooth/BluetoothManager.class src/api-impl/hax.jar.p/android/bluetooth/BluetoothProfile.class src/api-impl/hax.jar.p/android/bluetooth/le/ScanCallback.class src/api-impl/hax.jar.p/android/content/AbstractThreadedSyncAdapter.class src/api-impl/hax.jar.p/android/content/ActivityNotFoundException.class src/api-impl/hax.jar.p/android/content/AsyncQueryHandler.class src/api-impl/hax.jar.p/android/content/BroadcastReceiver.class src/api-impl/hax.jar.p/android/content/ClipboardManager.class src/api-impl/hax.jar.p/android/content/ClipData.class src/api-impl/hax.jar.p/android/content/ClipDescription.class src/api-impl/hax.jar.p/android/content/ComponentCallbacks.class src/api-impl/hax.jar.p/android/content/ComponentCallbacks2.class src/api-impl/hax.jar.p/android/content/ComponentName.class src/api-impl/hax.jar.p/android/content/ContentCaptureOptions.class src/api-impl/hax.jar.p/android/content/ContentProvider.class src/api-impl/hax.jar.p/android/content/ContentResolver.class src/api-impl/hax.jar.p/android/content/ContentUris.class src/api-impl/hax.jar.p/android/content/ContentValues.class src/api-impl/hax.jar.p/android/content/Context.class src/api-impl/hax.jar.p/android/content/ContextWrapper.class src/api-impl/hax.jar.p/android/content/DialogInterface.class src/api-impl/hax.jar.p/android/content/Intent.class src/api-impl/hax.jar.p/android/content/IntentFilter.class src/api-impl/hax.jar.p/android/content/IntentSender.class src/api-impl/hax.jar.p/android/content/Loader.class src/api-impl/hax.jar.p/android/content/MutableContextWrapper.class src/api-impl/hax.jar.p/android/content/OperationApplicationException.class src/api-impl/hax.jar.p/android/content/RestrictionsManager.class src/api-impl/hax.jar.p/android/content/SearchRecentSuggestionsProvider.class src/api-impl/hax.jar.p/android/content/ServiceConnection.class src/api-impl/hax.jar.p/android/content/SharedPreferences.class src/api-impl/hax.jar.p/android/content/UriMatcher.class src/api-impl/hax.jar.p/android/content/pm/ActivityInfo.class src/api-impl/hax.jar.p/android/content/pm/ApplicationInfo.class src/api-impl/hax.jar.p/android/content/pm/ComponentInfo.class src/api-impl/hax.jar.p/android/content/pm/ConfigurationInfo.class src/api-impl/hax.jar.p/android/content/pm/FeatureInfo.class src/api-impl/hax.jar.p/android/content/pm/InstrumentationInfo.class src/api-impl/hax.jar.p/android/content/pm/LabeledIntent.class src/api-impl/hax.jar.p/android/content/pm/LauncherApps.class src/api-impl/hax.jar.p/android/content/pm/ManifestDigest.class src/api-impl/hax.jar.p/android/content/pm/PackageInfo.class src/api-impl/hax.jar.p/android/content/pm/PackageInstaller.class src/api-impl/hax.jar.p/android/content/pm/PackageItemInfo.class src/api-impl/hax.jar.p/android/content/pm/PackageManager.class src/api-impl/hax.jar.p/android/content/pm/PackageParser.class src/api-impl/hax.jar.p/android/content/pm/PackageUserState.class src/api-impl/hax.jar.p/android/content/pm/PathPermission.class src/api-impl/hax.jar.p/android/content/pm/PermissionGroupInfo.class src/api-impl/hax.jar.p/android/content/pm/PermissionInfo.class src/api-impl/hax.jar.p/android/content/pm/ProviderInfo.class src/api-impl/hax.jar.p/android/content/pm/ResolveInfo.class src/api-impl/hax.jar.p/android/content/pm/ServiceInfo.class src/api-impl/hax.jar.p/android/content/pm/ShortcutInfo.class src/api-impl/hax.jar.p/android/content/pm/ShortcutManager.class src/api-impl/hax.jar.p/android/content/pm/Signature.class src/api-impl/hax.jar.p/android/content/pm/SigningInfo.class src/api-impl/hax.jar.p/android/content/pm/VerifierInfo.class src/api-impl/hax.jar.p/android/content/res/AssetFileDescriptor.class src/api-impl/hax.jar.p/android/content/res/AssetManager.class src/api-impl/hax.jar.p/android/content/res/ColorStateList.class src/api-impl/hax.jar.p/android/content/res/CompatibilityInfo.class src/api-impl/hax.jar.p/android/content/res/ComplexColor.class src/api-impl/hax.jar.p/android/content/res/Configuration.class src/api-impl/hax.jar.p/android/content/res/ConfigurationBoundResourceCache.class src/api-impl/hax.jar.p/android/content/res/ConstantState.class src/api-impl/hax.jar.p/android/content/res/GradientColor.class src/api-impl/hax.jar.p/android/content/res/Resources.class src/api-impl/hax.jar.p/android/content/res/StringBlock.class src/api-impl/hax.jar.p/android/content/res/ThemedResourceCache.class src/api-impl/hax.jar.p/android/content/res/TypedArray.class src/api-impl/hax.jar.p/android/content/res/XmlBlock.class src/api-impl/hax.jar.p/android/content/res/XmlResourceParser.class src/api-impl/hax.jar.p/android/database/AbstractCursor.class src/api-impl/hax.jar.p/android/database/AbstractWindowedCursor.class src/api-impl/hax.jar.p/android/database/CharArrayBuffer.class src/api-impl/hax.jar.p/android/database/ContentObservable.class src/api-impl/hax.jar.p/android/database/ContentObserver.class src/api-impl/hax.jar.p/android/database/CrossProcessCursor.class src/api-impl/hax.jar.p/android/database/Cursor.class src/api-impl/hax.jar.p/android/database/CursorWindow.class src/api-impl/hax.jar.p/android/database/CursorWrapper.class src/api-impl/hax.jar.p/android/database/DatabaseErrorHandler.class src/api-impl/hax.jar.p/android/database/DatabaseUtils.class src/api-impl/hax.jar.p/android/database/DataSetObservable.class src/api-impl/hax.jar.p/android/database/DataSetObserver.class src/api-impl/hax.jar.p/android/database/DefaultDatabaseErrorHandler.class src/api-impl/hax.jar.p/android/database/MatrixCursor.class src/api-impl/hax.jar.p/android/database/MergeCursor.class src/api-impl/hax.jar.p/android/database/Observable.class src/api-impl/hax.jar.p/android/database/SQLException.class src/api-impl/hax.jar.p/android/database/StaleDataException.class src/api-impl/hax.jar.p/android/database/sqlite/DatabaseErrorHandler.class src/api-impl/hax.jar.p/android/database/sqlite/DatabaseObjectNotClosedException.class src/api-impl/hax.jar.p/android/database/sqlite/SQLiteAbortException.class src/api-impl/hax.jar.p/android/database/sqlite/SQLiteAccessPermException.class src/api-impl/hax.jar.p/android/database/sqlite/SQLiteBindOrColumnIndexOutOfRangeException.class src/api-impl/hax.jar.p/android/database/sqlite/SQLiteBlobTooBigException.class src/api-impl/hax.jar.p/android/database/sqlite/SQLiteCantOpenDatabaseException.class src/api-impl/hax.jar.p/android/database/sqlite/SQLiteClosable.class src/api-impl/hax.jar.p/android/database/sqlite/SQLiteConnection.class src/api-impl/hax.jar.p/android/database/sqlite/SQLiteConnectionPool.class src/api-impl/hax.jar.p/android/database/sqlite/SQLiteConstraintException.class src/api-impl/hax.jar.p/android/database/sqlite/SQLiteCursor.class src/api-impl/hax.jar.p/android/database/sqlite/SQLiteCursorDriver.class src/api-impl/hax.jar.p/android/database/sqlite/SQLiteCustomFunction.class src/api-impl/hax.jar.p/android/database/sqlite/SQLiteDatabase.class src/api-impl/hax.jar.p/android/database/sqlite/SQLiteDatabaseConfiguration.class src/api-impl/hax.jar.p/android/database/sqlite/SQLiteDatabaseCorruptException.class src/api-impl/hax.jar.p/android/database/sqlite/SQLiteDatabaseLockedException.class src/api-impl/hax.jar.p/android/database/sqlite/SQLiteDatatypeMismatchException.class src/api-impl/hax.jar.p/android/database/sqlite/SQLiteDebug.class src/api-impl/hax.jar.p/android/database/sqlite/SQLiteDirectCursorDriver.class src/api-impl/hax.jar.p/android/database/sqlite/SQLiteDiskIOException.class src/api-impl/hax.jar.p/android/database/sqlite/SQLiteDoneException.class src/api-impl/hax.jar.p/android/database/sqlite/SQLiteException.class src/api-impl/hax.jar.p/android/database/sqlite/SQLiteFullException.class src/api-impl/hax.jar.p/android/database/sqlite/SQLiteGlobal.class src/api-impl/hax.jar.p/android/database/sqlite/SQLiteMisuseException.class src/api-impl/hax.jar.p/android/database/sqlite/SQLiteOpenHelper.class src/api-impl/hax.jar.p/android/database/sqlite/SQLiteOutOfMemoryException.class src/api-impl/hax.jar.p/android/database/sqlite/SQLiteProgram.class src/api-impl/hax.jar.p/android/database/sqlite/SQLiteQuery.class src/api-impl/hax.jar.p/android/database/sqlite/SQLiteQueryBuilder.class src/api-impl/hax.jar.p/android/database/sqlite/SQLiteReadOnlyDatabaseException.class src/api-impl/hax.jar.p/android/database/sqlite/SQLiteSession.class src/api-impl/hax.jar.p/android/database/sqlite/SQLiteStatement.class src/api-impl/hax.jar.p/android/database/sqlite/SQLiteStatementInfo.class src/api-impl/hax.jar.p/android/database/sqlite/SQLiteTableLockedException.class src/api-impl/hax.jar.p/android/database/sqlite/SQLiteTransactionListener.class src/api-impl/hax.jar.p/android/gesture/GestureOverlayView.class src/api-impl/hax.jar.p/android/gesture/GestureStore.class src/api-impl/hax.jar.p/android/graphics/Bitmap.class src/api-impl/hax.jar.p/android/graphics/BitmapFactory.class src/api-impl/hax.jar.p/android/graphics/BitmapShader.class src/api-impl/hax.jar.p/android/graphics/BlendMode.class src/api-impl/hax.jar.p/android/graphics/BlendModeColorFilter.class src/api-impl/hax.jar.p/android/graphics/BlurMaskFilter.class src/api-impl/hax.jar.p/android/graphics/Camera.class src/api-impl/hax.jar.p/android/graphics/Canvas.class src/api-impl/hax.jar.p/android/graphics/Color.class src/api-impl/hax.jar.p/android/graphics/ColorFilter.class src/api-impl/hax.jar.p/android/graphics/ColorMatrix.class src/api-impl/hax.jar.p/android/graphics/ColorMatrixColorFilter.class src/api-impl/hax.jar.p/android/graphics/ColorSpace.class src/api-impl/hax.jar.p/android/graphics/ComposeShader.class src/api-impl/hax.jar.p/android/graphics/CornerPathEffect.class src/api-impl/hax.jar.p/android/graphics/DashPathEffect.class src/api-impl/hax.jar.p/android/graphics/FontFamily.class src/api-impl/hax.jar.p/android/graphics/HardwareRenderer.class src/api-impl/hax.jar.p/android/graphics/Insets.class src/api-impl/hax.jar.p/android/graphics/LightingColorFilter.class src/api-impl/hax.jar.p/android/graphics/LinearGradient.class src/api-impl/hax.jar.p/android/graphics/MaskFilter.class src/api-impl/hax.jar.p/android/graphics/Matrix.class src/api-impl/hax.jar.p/android/graphics/Outline.class src/api-impl/hax.jar.p/android/graphics/Paint.class src/api-impl/hax.jar.p/android/graphics/Path.class src/api-impl/hax.jar.p/android/graphics/PathEffect.class src/api-impl/hax.jar.p/android/graphics/PathMeasure.class src/api-impl/hax.jar.p/android/graphics/Picture.class src/api-impl/hax.jar.p/android/graphics/PixelFormat.class src/api-impl/hax.jar.p/android/graphics/Point.class src/api-impl/hax.jar.p/android/graphics/PointF.class src/api-impl/hax.jar.p/android/graphics/PorterDuff.class src/api-impl/hax.jar.p/android/graphics/PorterDuffColorFilter.class src/api-impl/hax.jar.p/android/graphics/PorterDuffXfermode.class src/api-impl/hax.jar.p/android/graphics/RadialGradient.class src/api-impl/hax.jar.p/android/graphics/Rect.class src/api-impl/hax.jar.p/android/graphics/RectF.class src/api-impl/hax.jar.p/android/graphics/Region.class src/api-impl/hax.jar.p/android/graphics/Shader.class src/api-impl/hax.jar.p/android/graphics/SweepGradient.class src/api-impl/hax.jar.p/android/graphics/Typeface.class src/api-impl/hax.jar.p/android/graphics/Xfermode.class src/api-impl/hax.jar.p/android/graphics/drawable/AdaptiveIconDrawable.class src/api-impl/hax.jar.p/android/graphics/drawable/Animatable.class src/api-impl/hax.jar.p/android/graphics/drawable/AnimatedVectorDrawable.class src/api-impl/hax.jar.p/android/graphics/drawable/AnimationDrawable.class src/api-impl/hax.jar.p/android/graphics/drawable/BitmapDrawable.class src/api-impl/hax.jar.p/android/graphics/drawable/ClipDrawable.class src/api-impl/hax.jar.p/android/graphics/drawable/ColorDrawable.class src/api-impl/hax.jar.p/android/graphics/drawable/ColorStateListDrawable.class src/api-impl/hax.jar.p/android/graphics/drawable/Drawable.class src/api-impl/hax.jar.p/android/graphics/drawable/DrawableContainer.class src/api-impl/hax.jar.p/android/graphics/drawable/DrawableWrapper.class src/api-impl/hax.jar.p/android/graphics/drawable/GradientDrawable.class src/api-impl/hax.jar.p/android/graphics/drawable/Icon.class src/api-impl/hax.jar.p/android/graphics/drawable/InsetDrawable.class src/api-impl/hax.jar.p/android/graphics/drawable/LayerDrawable.class src/api-impl/hax.jar.p/android/graphics/drawable/NinePatchDrawable.class src/api-impl/hax.jar.p/android/graphics/drawable/PictureDrawable.class src/api-impl/hax.jar.p/android/graphics/drawable/RippleDrawable.class src/api-impl/hax.jar.p/android/graphics/drawable/ScaleDrawable.class src/api-impl/hax.jar.p/android/graphics/drawable/ShapeDrawable.class src/api-impl/hax.jar.p/android/graphics/drawable/StateListDrawable.class src/api-impl/hax.jar.p/android/graphics/drawable/TransitionDrawable.class src/api-impl/hax.jar.p/android/graphics/drawable/VectorDrawable.class src/api-impl/hax.jar.p/android/graphics/drawable/shapes/OvalShape.class src/api-impl/hax.jar.p/android/graphics/drawable/shapes/PathShape.class src/api-impl/hax.jar.p/android/graphics/drawable/shapes/RectShape.class src/api-impl/hax.jar.p/android/graphics/drawable/shapes/RoundRectShape.class src/api-impl/hax.jar.p/android/graphics/drawable/shapes/Shape.class src/api-impl/hax.jar.p/android/graphics/fonts/FontStyle.class src/api-impl/hax.jar.p/android/graphics/fonts/FontVariationAxis.class src/api-impl/hax.jar.p/android/hardware/Camera.class src/api-impl/hax.jar.p/android/hardware/ConsumerIrManager.class src/api-impl/hax.jar.p/android/hardware/GeomagneticField.class src/api-impl/hax.jar.p/android/hardware/Sensor.class src/api-impl/hax.jar.p/android/hardware/SensorEvent.class src/api-impl/hax.jar.p/android/hardware/SensorEventListener.class src/api-impl/hax.jar.p/android/hardware/SensorManager.class src/api-impl/hax.jar.p/android/hardware/camera2/CameraAccessException.class src/api-impl/hax.jar.p/android/hardware/camera2/CameraManager.class src/api-impl/hax.jar.p/android/hardware/display/ColorDisplayManager.class src/api-impl/hax.jar.p/android/hardware/display/DisplayManager.class src/api-impl/hax.jar.p/android/hardware/fingerprint/FingerprintManager.class src/api-impl/hax.jar.p/android/hardware/input/InputManager.class src/api-impl/hax.jar.p/android/hardware/usb/UsbManager.class src/api-impl/hax.jar.p/android/inputmethodservice/AbstractInputMethodService.class src/api-impl/hax.jar.p/android/inputmethodservice/InputMethodService.class src/api-impl/hax.jar.p/android/location/Criteria.class src/api-impl/hax.jar.p/android/location/Geocoder.class src/api-impl/hax.jar.p/android/location/GnssStatus.class src/api-impl/hax.jar.p/android/location/Location.class src/api-impl/hax.jar.p/android/location/LocationListener.class src/api-impl/hax.jar.p/android/location/LocationManager.class src/api-impl/hax.jar.p/android/media/AudioAttributes.class src/api-impl/hax.jar.p/android/media/AudioFormat.class src/api-impl/hax.jar.p/android/media/AudioManager.class src/api-impl/hax.jar.p/android/media/AudioRecord.class src/api-impl/hax.jar.p/android/media/AudioTimestamp.class src/api-impl/hax.jar.p/android/media/AudioTrack.class src/api-impl/hax.jar.p/android/media/MediaCodec.class src/api-impl/hax.jar.p/android/media/MediaCodecInfo.class src/api-impl/hax.jar.p/android/media/MediaCodecList.class src/api-impl/hax.jar.p/android/media/MediaCrypto.class src/api-impl/hax.jar.p/android/media/MediaDescription.class src/api-impl/hax.jar.p/android/media/MediaFormat.class src/api-impl/hax.jar.p/android/media/MediaMetadata.class src/api-impl/hax.jar.p/android/media/MediaMetadataRetriever.class src/api-impl/hax.jar.p/android/media/MediaPlayer.class src/api-impl/hax.jar.p/android/media/MediaRecorder.class src/api-impl/hax.jar.p/android/media/MediaRouter.class src/api-impl/hax.jar.p/android/media/MediaScannerConnection.class src/api-impl/hax.jar.p/android/media/Ringtone.class src/api-impl/hax.jar.p/android/media/RingtoneManager.class src/api-impl/hax.jar.p/android/media/SoundPool.class src/api-impl/hax.jar.p/android/media/ThumbnailUtils.class src/api-impl/hax.jar.p/android/media/ToneGenerator.class src/api-impl/hax.jar.p/android/media/audiofx/AudioEffect.class src/api-impl/hax.jar.p/android/media/audiofx/Equalizer.class src/api-impl/hax.jar.p/android/media/projection/MediaProjectionManager.class src/api-impl/hax.jar.p/android/media/session/MediaController.class src/api-impl/hax.jar.p/android/media/session/MediaSession.class src/api-impl/hax.jar.p/android/media/session/MediaSessionManager.class src/api-impl/hax.jar.p/android/media/session/PlaybackState.class src/api-impl/hax.jar.p/android/media/tv/TvInputManager.class src/api-impl/hax.jar.p/android/net/ConnectivityManager.class src/api-impl/hax.jar.p/android/net/LocalServerSocket.class src/api-impl/hax.jar.p/android/net/LocalSocket.class src/api-impl/hax.jar.p/android/net/Network.class src/api-impl/hax.jar.p/android/net/NetworkCapabilities.class src/api-impl/hax.jar.p/android/net/NetworkInfo.class src/api-impl/hax.jar.p/android/net/NetworkRequest.class src/api-impl/hax.jar.p/android/net/SSLCertificateSocketFactory.class src/api-impl/hax.jar.p/android/net/SSLSessionCache.class src/api-impl/hax.jar.p/android/net/TrafficStats.class src/api-impl/hax.jar.p/android/net/Uri.class src/api-impl/hax.jar.p/android/net/UriCodec.class src/api-impl/hax.jar.p/android/net/UrlQuerySanitizer.class src/api-impl/hax.jar.p/android/net/http/X509TrustManagerExtensions.class src/api-impl/hax.jar.p/android/net/nsd/NsdManager.class src/api-impl/hax.jar.p/android/net/ssl/SSLSockets.class src/api-impl/hax.jar.p/android/net/wifi/WifiInfo.class src/api-impl/hax.jar.p/android/net/wifi/WifiManager.class src/api-impl/hax.jar.p/android/net/wifi/p2p/WifiP2pManager.class src/api-impl/hax.jar.p/android/nfc/NfcAdapter.class src/api-impl/hax.jar.p/android/nfc/NfcManager.class src/api-impl/hax.jar.p/android/opengl/EGLConfig.class src/api-impl/hax.jar.p/android/opengl/EGLObjectHandle.class src/api-impl/hax.jar.p/android/opengl/GLES10.class src/api-impl/hax.jar.p/android/opengl/GLES20.class src/api-impl/hax.jar.p/android/opengl/GLSurfaceView.class src/api-impl/hax.jar.p/android/opengl/GLU.class src/api-impl/hax.jar.p/android/opengl/GLUtils.class src/api-impl/hax.jar.p/android/opengl/Matrix.class src/api-impl/hax.jar.p/android/os/AsyncTask.class src/api-impl/hax.jar.p/android/os/BadParcelableException.class src/api-impl/hax.jar.p/android/os/BaseBundle.class src/api-impl/hax.jar.p/android/os/BatteryManager.class src/api-impl/hax.jar.p/android/os/Binder.class src/api-impl/hax.jar.p/android/os/Build.class src/api-impl/hax.jar.p/android/os/Bundle.class src/api-impl/hax.jar.p/android/os/CancellationSignal.class src/api-impl/hax.jar.p/android/os/ConditionVariable.class src/api-impl/hax.jar.p/android/os/CountDownTimer.class src/api-impl/hax.jar.p/android/os/DeadObjectException.class src/api-impl/hax.jar.p/android/os/Debug.class src/api-impl/hax.jar.p/android/os/DropBoxManager.class src/api-impl/hax.jar.p/android/os/Environment.class src/api-impl/hax.jar.p/android/os/FileObserver.class src/api-impl/hax.jar.p/android/os/Handler.class src/api-impl/hax.jar.p/android/os/HandlerThread.class src/api-impl/hax.jar.p/android/os/IBinder.class src/api-impl/hax.jar.p/android/os/IInterface.class src/api-impl/hax.jar.p/android/os/IMessenger.class src/api-impl/hax.jar.p/android/os/LocaleList.class src/api-impl/hax.jar.p/android/os/Looper.class src/api-impl/hax.jar.p/android/os/MemoryFile.class src/api-impl/hax.jar.p/android/os/Message.class src/api-impl/hax.jar.p/android/os/MessageQueue.class src/api-impl/hax.jar.p/android/os/Messenger.class src/api-impl/hax.jar.p/android/os/OperationCanceledException.class src/api-impl/hax.jar.p/android/os/Parcel.class src/api-impl/hax.jar.p/android/os/Parcelable.class src/api-impl/hax.jar.p/android/os/ParcelFileDescriptor.class src/api-impl/hax.jar.p/android/os/PatternMatcher.class src/api-impl/hax.jar.p/android/os/PersistableBundle.class src/api-impl/hax.jar.p/android/os/PowerManager.class src/api-impl/hax.jar.p/android/os/Process.class src/api-impl/hax.jar.p/android/os/RemoteCallbackList.class src/api-impl/hax.jar.p/android/os/RemoteException.class src/api-impl/hax.jar.p/android/os/ResultReceiver.class src/api-impl/hax.jar.p/android/os/ServiceManager.class src/api-impl/hax.jar.p/android/os/StatFs.class src/api-impl/hax.jar.p/android/os/StrictMode.class src/api-impl/hax.jar.p/android/os/SystemClock.class src/api-impl/hax.jar.p/android/os/SystemProperties.class src/api-impl/hax.jar.p/android/os/Trace.class src/api-impl/hax.jar.p/android/os/UserHandle.class src/api-impl/hax.jar.p/android/os/UserManager.class src/api-impl/hax.jar.p/android/os/VibrationEffect.class src/api-impl/hax.jar.p/android/os/Vibrator.class src/api-impl/hax.jar.p/android/os/WorkSource.class src/api-impl/hax.jar.p/android/os/ext/SdkExtensions.class src/api-impl/hax.jar.p/android/os/storage/StorageManager.class src/api-impl/hax.jar.p/android/os/storage/StorageVolume.class src/api-impl/hax.jar.p/android/preference/ListPreference.class src/api-impl/hax.jar.p/android/preference/Preference.class src/api-impl/hax.jar.p/android/preference/PreferenceActivity.class src/api-impl/hax.jar.p/android/preference/PreferenceManager.class src/api-impl/hax.jar.p/android/print/PrintManager.class src/api-impl/hax.jar.p/android/provider/BaseColumns.class src/api-impl/hax.jar.p/android/provider/CalendarContract.class src/api-impl/hax.jar.p/android/provider/Contacts.class src/api-impl/hax.jar.p/android/provider/ContactsContract.class src/api-impl/hax.jar.p/android/provider/DocumentsContract.class src/api-impl/hax.jar.p/android/provider/MediaStore.class src/api-impl/hax.jar.p/android/provider/Settings.class src/api-impl/hax.jar.p/android/provider/Telephony.class src/api-impl/hax.jar.p/android/provider/UserDictionary.class src/api-impl/hax.jar.p/android/security/keystore/AndroidKeyStore.class src/api-impl/hax.jar.p/android/security/keystore/KeyGenerator.class src/api-impl/hax.jar.p/android/security/keystore/KeyGenParameterSpec.class src/api-impl/hax.jar.p/android/service/media/MediaBrowserService.class src/api-impl/hax.jar.p/android/service/notification/StatusBarNotification.class src/api-impl/hax.jar.p/android/speech/tts/TextToSpeech.class src/api-impl/hax.jar.p/android/speech/tts/UtteranceProgressListener.class src/api-impl/hax.jar.p/android/telecom/ConnectionService.class src/api-impl/hax.jar.p/android/telecom/TelecomManager.class src/api-impl/hax.jar.p/android/telephony/CellLocation.class src/api-impl/hax.jar.p/android/telephony/PhoneNumberUtils.class src/api-impl/hax.jar.p/android/telephony/PhoneStateListener.class src/api-impl/hax.jar.p/android/telephony/SubscriptionManager.class src/api-impl/hax.jar.p/android/telephony/TelephonyManager.class src/api-impl/hax.jar.p/android/text/AutoText.class src/api-impl/hax.jar.p/android/text/BidiFormatter.class src/api-impl/hax.jar.p/android/text/BoringLayout.class src/api-impl/hax.jar.p/android/text/ClipboardManager.class src/api-impl/hax.jar.p/android/text/Editable.class src/api-impl/hax.jar.p/android/text/GetChars.class src/api-impl/hax.jar.p/android/text/Html.class src/api-impl/hax.jar.p/android/text/InputFilter.class src/api-impl/hax.jar.p/android/text/Layout.class src/api-impl/hax.jar.p/android/text/NoCopySpan.class src/api-impl/hax.jar.p/android/text/ParcelableSpan.class src/api-impl/hax.jar.p/android/text/Selection.class src/api-impl/hax.jar.p/android/text/Spannable.class src/api-impl/hax.jar.p/android/text/SpannableString.class src/api-impl/hax.jar.p/android/text/SpannableStringBuilder.class src/api-impl/hax.jar.p/android/text/SpannableStringInternal.class src/api-impl/hax.jar.p/android/text/Spanned.class src/api-impl/hax.jar.p/android/text/SpannedString.class src/api-impl/hax.jar.p/android/text/SpanWatcher.class src/api-impl/hax.jar.p/android/text/StaticLayout.class src/api-impl/hax.jar.p/android/text/TextDirectionHeuristic.class src/api-impl/hax.jar.p/android/text/TextDirectionHeuristics.class src/api-impl/hax.jar.p/android/text/TextPaint.class src/api-impl/hax.jar.p/android/text/TextUtils.class src/api-impl/hax.jar.p/android/text/TextWatcher.class src/api-impl/hax.jar.p/android/text/format/DateFormat.class src/api-impl/hax.jar.p/android/text/format/DateUtils.class src/api-impl/hax.jar.p/android/text/format/Formatter.class src/api-impl/hax.jar.p/android/text/format/Time.class src/api-impl/hax.jar.p/android/text/method/BaseMovementMethod.class src/api-impl/hax.jar.p/android/text/method/DigitsKeyListener.class src/api-impl/hax.jar.p/android/text/method/KeyListener.class src/api-impl/hax.jar.p/android/text/method/LinkMovementMethod.class src/api-impl/hax.jar.p/android/text/method/MovementMethod.class src/api-impl/hax.jar.p/android/text/method/NumberKeyListener.class src/api-impl/hax.jar.p/android/text/method/PasswordTransformationMethod.class src/api-impl/hax.jar.p/android/text/method/ScrollingMovementMethod.class src/api-impl/hax.jar.p/android/text/method/TextKeyListener.class src/api-impl/hax.jar.p/android/text/method/TransformationMethod.class src/api-impl/hax.jar.p/android/text/style/AbsoluteSizeSpan.class src/api-impl/hax.jar.p/android/text/style/BackgroundColorSpan.class src/api-impl/hax.jar.p/android/text/style/BulletSpan.class src/api-impl/hax.jar.p/android/text/style/CharacterStyle.class src/api-impl/hax.jar.p/android/text/style/ClickableSpan.class src/api-impl/hax.jar.p/android/text/style/DynamicDrawableSpan.class src/api-impl/hax.jar.p/android/text/style/ForegroundColorSpan.class src/api-impl/hax.jar.p/android/text/style/ImageSpan.class src/api-impl/hax.jar.p/android/text/style/LeadingMarginSpan.class src/api-impl/hax.jar.p/android/text/style/LineBackgroundSpan.class src/api-impl/hax.jar.p/android/text/style/LineHeightSpan.class src/api-impl/hax.jar.p/android/text/style/MetricAffectingSpan.class src/api-impl/hax.jar.p/android/text/style/ParagraphStyle.class src/api-impl/hax.jar.p/android/text/style/RelativeSizeSpan.class src/api-impl/hax.jar.p/android/text/style/ReplacementSpan.class src/api-impl/hax.jar.p/android/text/style/StrikethroughSpan.class src/api-impl/hax.jar.p/android/text/style/StyleSpan.class src/api-impl/hax.jar.p/android/text/style/SubscriptSpan.class src/api-impl/hax.jar.p/android/text/style/SuggestionSpan.class src/api-impl/hax.jar.p/android/text/style/TextAppearanceSpan.class src/api-impl/hax.jar.p/android/text/style/TypefaceSpan.class src/api-impl/hax.jar.p/android/text/style/UnderlineSpan.class src/api-impl/hax.jar.p/android/text/style/UpdateAppearance.class src/api-impl/hax.jar.p/android/text/style/UpdateLayout.class src/api-impl/hax.jar.p/android/text/style/URLSpan.class src/api-impl/hax.jar.p/android/text/util/Linkify.class src/api-impl/hax.jar.p/android/transition/Fade.class src/api-impl/hax.jar.p/android/transition/Transition.class src/api-impl/hax.jar.p/android/util/AndroidException.class src/api-impl/hax.jar.p/android/util/AndroidRuntimeException.class src/api-impl/hax.jar.p/android/util/ArrayMap.class src/api-impl/hax.jar.p/android/util/ArraySet.class src/api-impl/hax.jar.p/android/util/AttributeSet.class src/api-impl/hax.jar.p/android/util/Base64.class src/api-impl/hax.jar.p/android/util/Base64DataException.class src/api-impl/hax.jar.p/android/util/Base64InputStream.class src/api-impl/hax.jar.p/android/util/Base64OutputStream.class src/api-impl/hax.jar.p/android/util/ContainerHelpers.class src/api-impl/hax.jar.p/android/util/DecompiledXmlResourceParser.class src/api-impl/hax.jar.p/android/util/DisplayMetrics.class src/api-impl/hax.jar.p/android/util/FloatMath.class src/api-impl/hax.jar.p/android/util/FloatProperty.class src/api-impl/hax.jar.p/android/util/JsonReader.class src/api-impl/hax.jar.p/android/util/JsonScope.class src/api-impl/hax.jar.p/android/util/JsonToken.class src/api-impl/hax.jar.p/android/util/JsonWriter.class src/api-impl/hax.jar.p/android/util/LayoutDirection.class src/api-impl/hax.jar.p/android/util/Log.class src/api-impl/hax.jar.p/android/util/LongArray.class src/api-impl/hax.jar.p/android/util/LongSparseArray.class src/api-impl/hax.jar.p/android/util/LruCache.class src/api-impl/hax.jar.p/android/util/MapCollections.class src/api-impl/hax.jar.p/android/util/MathUtils.class src/api-impl/hax.jar.p/android/util/Pair.class src/api-impl/hax.jar.p/android/util/Patterns.class src/api-impl/hax.jar.p/android/util/Pools.class src/api-impl/hax.jar.p/android/util/PrefixPrinter.class src/api-impl/hax.jar.p/android/util/Printer.class src/api-impl/hax.jar.p/android/util/Property.class src/api-impl/hax.jar.p/android/util/Rational.class src/api-impl/hax.jar.p/android/util/Size.class src/api-impl/hax.jar.p/android/util/SizeF.class src/api-impl/hax.jar.p/android/util/Slog.class src/api-impl/hax.jar.p/android/util/SparseArray.class src/api-impl/hax.jar.p/android/util/SparseBooleanArray.class src/api-impl/hax.jar.p/android/util/SparseIntArray.class src/api-impl/hax.jar.p/android/util/SparseLongArray.class src/api-impl/hax.jar.p/android/util/StateSet.class src/api-impl/hax.jar.p/android/util/TypedValue.class src/api-impl/hax.jar.p/android/util/Xml.class src/api-impl/hax.jar.p/android/util/XmlPullAttributes.class src/api-impl/hax.jar.p/android/view/AbsSavedState.class src/api-impl/hax.jar.p/android/view/ActionMode.class src/api-impl/hax.jar.p/android/view/AnimationSet.class src/api-impl/hax.jar.p/android/view/Choreographer.class src/api-impl/hax.jar.p/android/view/ContextMenu.class src/api-impl/hax.jar.p/android/view/ContextThemeWrapper.class src/api-impl/hax.jar.p/android/view/Display.class src/api-impl/hax.jar.p/android/view/DisplayCutout.class src/api-impl/hax.jar.p/android/view/DisplayListCanvas.class src/api-impl/hax.jar.p/android/view/FocusFinder.class src/api-impl/hax.jar.p/android/view/GestureDetector.class src/api-impl/hax.jar.p/android/view/Gravity.class src/api-impl/hax.jar.p/android/view/HardwareCanvas.class src/api-impl/hax.jar.p/android/view/InflateException.class src/api-impl/hax.jar.p/android/view/InputDevice.class src/api-impl/hax.jar.p/android/view/InputEvent.class src/api-impl/hax.jar.p/android/view/InputQueue.class src/api-impl/hax.jar.p/android/view/InsetsController.class src/api-impl/hax.jar.p/android/view/KeyCharacterMap.class src/api-impl/hax.jar.p/android/view/KeyEvent.class src/api-impl/hax.jar.p/android/view/LayoutInflater.class src/api-impl/hax.jar.p/android/view/Menu.class src/api-impl/hax.jar.p/android/view/MenuInflater.class src/api-impl/hax.jar.p/android/view/MenuItem.class src/api-impl/hax.jar.p/android/view/MotionEvent.class src/api-impl/hax.jar.p/android/view/OrientationEventListener.class src/api-impl/hax.jar.p/android/view/PointerIcon.class src/api-impl/hax.jar.p/android/view/RenderNode.class src/api-impl/hax.jar.p/android/view/ScaleGestureDetector.class src/api-impl/hax.jar.p/android/view/SoundEffectConstants.class src/api-impl/hax.jar.p/android/view/SubMenu.class src/api-impl/hax.jar.p/android/view/Surface.class src/api-impl/hax.jar.p/android/view/SurfaceHolder.class src/api-impl/hax.jar.p/android/view/SurfaceView.class src/api-impl/hax.jar.p/android/view/TextureView.class src/api-impl/hax.jar.p/android/view/ThreadedRenderer.class src/api-impl/hax.jar.p/android/view/TouchDelegate.class src/api-impl/hax.jar.p/android/view/VelocityTracker.class src/api-impl/hax.jar.p/android/view/View.class src/api-impl/hax.jar.p/android/view/ViewAnimationUtils.class src/api-impl/hax.jar.p/android/view/ViewConfiguration.class src/api-impl/hax.jar.p/android/view/ViewGroup.class src/api-impl/hax.jar.p/android/view/ViewGroupOverlay.class src/api-impl/hax.jar.p/android/view/ViewManager.class src/api-impl/hax.jar.p/android/view/ViewOutlineProvider.class src/api-impl/hax.jar.p/android/view/ViewOverlay.class src/api-impl/hax.jar.p/android/view/ViewParent.class src/api-impl/hax.jar.p/android/view/ViewPropertyAnimator.class src/api-impl/hax.jar.p/android/view/ViewStub.class src/api-impl/hax.jar.p/android/view/ViewTreeObserver.class src/api-impl/hax.jar.p/android/view/Window.class src/api-impl/hax.jar.p/android/view/WindowInsets.class src/api-impl/hax.jar.p/android/view/WindowInsetsAnimation.class src/api-impl/hax.jar.p/android/view/WindowInsetsController.class src/api-impl/hax.jar.p/android/view/WindowManager.class src/api-impl/hax.jar.p/android/view/WindowManagerGlobal.class src/api-impl/hax.jar.p/android/view/WindowManagerImpl.class src/api-impl/hax.jar.p/android/view/accessibility/AccessibilityManager.class src/api-impl/hax.jar.p/android/view/accessibility/AccessibilityNodeInfo.class src/api-impl/hax.jar.p/android/view/accessibility/AccessibilityNodeProvider.class src/api-impl/hax.jar.p/android/view/accessibility/CaptioningManager.class src/api-impl/hax.jar.p/android/view/animation/AccelerateDecelerateInterpolator.class src/api-impl/hax.jar.p/android/view/animation/AccelerateInterpolator.class src/api-impl/hax.jar.p/android/view/animation/AlphaAnimation.class src/api-impl/hax.jar.p/android/view/animation/Animation.class src/api-impl/hax.jar.p/android/view/animation/AnimationSet.class src/api-impl/hax.jar.p/android/view/animation/AnimationUtils.class src/api-impl/hax.jar.p/android/view/animation/AnticipateInterpolator.class src/api-impl/hax.jar.p/android/view/animation/BaseInterpolator.class src/api-impl/hax.jar.p/android/view/animation/DecelerateInterpolator.class src/api-impl/hax.jar.p/android/view/animation/Interpolator.class src/api-impl/hax.jar.p/android/view/animation/LinearInterpolator.class src/api-impl/hax.jar.p/android/view/animation/OvershootInterpolator.class src/api-impl/hax.jar.p/android/view/animation/PathInterpolator.class src/api-impl/hax.jar.p/android/view/animation/ScaleAnimation.class src/api-impl/hax.jar.p/android/view/animation/Transformation.class src/api-impl/hax.jar.p/android/view/animation/TranslateAnimation.class src/api-impl/hax.jar.p/android/view/autofill/AutofillId.class src/api-impl/hax.jar.p/android/view/autofill/AutofillManager.class src/api-impl/hax.jar.p/android/view/inputmethod/BaseInputConnection.class src/api-impl/hax.jar.p/android/view/inputmethod/CompletionInfo.class src/api-impl/hax.jar.p/android/view/inputmethod/CorrectionInfo.class src/api-impl/hax.jar.p/android/view/inputmethod/CursorAnchorInfo.class src/api-impl/hax.jar.p/android/view/inputmethod/EditorInfo.class src/api-impl/hax.jar.p/android/view/inputmethod/ExtractedTextRequest.class src/api-impl/hax.jar.p/android/view/inputmethod/InputBinding.class src/api-impl/hax.jar.p/android/view/inputmethod/InputConnection.class src/api-impl/hax.jar.p/android/view/inputmethod/InputConnectionWrapper.class src/api-impl/hax.jar.p/android/view/inputmethod/InputMethod.class src/api-impl/hax.jar.p/android/view/inputmethod/InputMethodInfo.class src/api-impl/hax.jar.p/android/view/inputmethod/InputMethodManager.class src/api-impl/hax.jar.p/android/view/inputmethod/InputMethodSession.class src/api-impl/hax.jar.p/android/view/inputmethod/InputMethodSubtype.class src/api-impl/hax.jar.p/android/view/textservice/TextServicesManager.class src/api-impl/hax.jar.p/android/view/translation/ViewTranslationCallback.class src/api-impl/hax.jar.p/android/webkit/CookieManager.class src/api-impl/hax.jar.p/android/webkit/CookieSyncManager.class src/api-impl/hax.jar.p/android/webkit/DownloadListener.class src/api-impl/hax.jar.p/android/webkit/MimeTypeMap.class src/api-impl/hax.jar.p/android/webkit/ServiceWorkerClient.class src/api-impl/hax.jar.p/android/webkit/ServiceWorkerController.class src/api-impl/hax.jar.p/android/webkit/ServiceWorkerWebSettings.class src/api-impl/hax.jar.p/android/webkit/URLUtil.class src/api-impl/hax.jar.p/android/webkit/ValueCallback.class src/api-impl/hax.jar.p/android/webkit/ViewAnimator.class src/api-impl/hax.jar.p/android/webkit/WebChromeClient.class src/api-impl/hax.jar.p/android/webkit/WebResourceRequest.class src/api-impl/hax.jar.p/android/webkit/WebResourceResponse.class src/api-impl/hax.jar.p/android/webkit/WebSettings.class src/api-impl/hax.jar.p/android/webkit/WebStorage.class src/api-impl/hax.jar.p/android/webkit/WebView.class src/api-impl/hax.jar.p/android/webkit/WebViewClient.class src/api-impl/hax.jar.p/android/widget/AbsListView.class src/api-impl/hax.jar.p/android/widget/AbsoluteLayout.class src/api-impl/hax.jar.p/android/widget/AbsSeekBar.class src/api-impl/hax.jar.p/android/widget/AbsSpinner.class src/api-impl/hax.jar.p/android/widget/Adapter.class src/api-impl/hax.jar.p/android/widget/AdapterView.class src/api-impl/hax.jar.p/android/widget/ArrayAdapter.class src/api-impl/hax.jar.p/android/widget/AutoCompleteTextView.class src/api-impl/hax.jar.p/android/widget/BaseAdapter.class src/api-impl/hax.jar.p/android/widget/BaseExpandableListAdapter.class src/api-impl/hax.jar.p/android/widget/Button.class src/api-impl/hax.jar.p/android/widget/Checkable.class src/api-impl/hax.jar.p/android/widget/CheckBox.class src/api-impl/hax.jar.p/android/widget/CheckedTextView.class src/api-impl/hax.jar.p/android/widget/CompoundButton.class src/api-impl/hax.jar.p/android/widget/CursorAdapter.class src/api-impl/hax.jar.p/android/widget/DatePicker.class src/api-impl/hax.jar.p/android/widget/EdgeEffect.class src/api-impl/hax.jar.p/android/widget/EditText.class src/api-impl/hax.jar.p/android/widget/ExpandableListAdapter.class src/api-impl/hax.jar.p/android/widget/ExpandableListConnector.class src/api-impl/hax.jar.p/android/widget/ExpandableListPosition.class src/api-impl/hax.jar.p/android/widget/ExpandableListView.class src/api-impl/hax.jar.p/android/widget/Filter.class src/api-impl/hax.jar.p/android/widget/Filterable.class src/api-impl/hax.jar.p/android/widget/FilterQueryProvider.class src/api-impl/hax.jar.p/android/widget/FrameLayout.class src/api-impl/hax.jar.p/android/widget/Gallery.class src/api-impl/hax.jar.p/android/widget/GridLayout.class src/api-impl/hax.jar.p/android/widget/GridView.class src/api-impl/hax.jar.p/android/widget/HeaderViewListAdapter.class src/api-impl/hax.jar.p/android/widget/HeterogeneousExpandableList.class src/api-impl/hax.jar.p/android/widget/HorizontalScrollView.class src/api-impl/hax.jar.p/android/widget/ImageButton.class src/api-impl/hax.jar.p/android/widget/ImageView.class src/api-impl/hax.jar.p/android/widget/LinearLayout.class src/api-impl/hax.jar.p/android/widget/ListAdapter.class src/api-impl/hax.jar.p/android/widget/ListPopupWindow.class src/api-impl/hax.jar.p/android/widget/ListView.class src/api-impl/hax.jar.p/android/widget/MediaController.class src/api-impl/hax.jar.p/android/widget/MultiAutoCompleteTextView.class src/api-impl/hax.jar.p/android/widget/OverScroller.class src/api-impl/hax.jar.p/android/widget/PopupMenu.class src/api-impl/hax.jar.p/android/widget/PopupWindow.class src/api-impl/hax.jar.p/android/widget/ProgressBar.class src/api-impl/hax.jar.p/android/widget/RadioButton.class src/api-impl/hax.jar.p/android/widget/RadioGroup.class src/api-impl/hax.jar.p/android/widget/RatingBar.class src/api-impl/hax.jar.p/android/widget/RelativeLayout.class src/api-impl/hax.jar.p/android/widget/RemoteViews.class src/api-impl/hax.jar.p/android/widget/Scroller.class src/api-impl/hax.jar.p/android/widget/ScrollView.class src/api-impl/hax.jar.p/android/widget/SectionIndexer.class src/api-impl/hax.jar.p/android/widget/SeekBar.class src/api-impl/hax.jar.p/android/widget/SimpleAdapter.class src/api-impl/hax.jar.p/android/widget/Space.class src/api-impl/hax.jar.p/android/widget/Spinner.class src/api-impl/hax.jar.p/android/widget/SpinnerAdapter.class src/api-impl/hax.jar.p/android/widget/Switch.class src/api-impl/hax.jar.p/android/widget/TableLayout.class src/api-impl/hax.jar.p/android/widget/TableRow.class src/api-impl/hax.jar.p/android/widget/TextClock.class src/api-impl/hax.jar.p/android/widget/TextSwitcher.class src/api-impl/hax.jar.p/android/widget/TextView.class src/api-impl/hax.jar.p/android/widget/TimePicker.class src/api-impl/hax.jar.p/android/widget/Toast.class src/api-impl/hax.jar.p/android/widget/ToggleButton.class src/api-impl/hax.jar.p/android/widget/Toolbar.class src/api-impl/hax.jar.p/android/widget/ViewAnimator.class src/api-impl/hax.jar.p/android/widget/ViewFlipper.class src/api-impl/hax.jar.p/android/widget/ViewSwitcher.class src/api-impl/hax.jar.p/android/widget/ZoomButton.class src/api-impl/hax.jar.p/android/widget/ZoomButtonsController.class src/api-impl/hax.jar.p/com/android/internal/Manifest.class src/api-impl/hax.jar.p/com/android/internal/R.class src/api-impl/hax.jar.p/com/android/internal/graphics/ColorUtils.class src/api-impl/hax.jar.p/com/android/internal/graphics/cam/Cam.class src/api-impl/hax.jar.p/com/android/internal/graphics/cam/CamUtils.class src/api-impl/hax.jar.p/com/android/internal/graphics/cam/Frame.class src/api-impl/hax.jar.p/com/android/internal/graphics/cam/HctSolver.class src/api-impl/hax.jar.p/com/android/internal/util/ArrayUtils.class src/api-impl/hax.jar.p/com/android/internal/util/FastXmlSerializer.class src/api-impl/hax.jar.p/com/android/internal/util/GrowingArrayUtils.class src/api-impl/hax.jar.p/com/android/internal/util/XmlUtils.class src/api-impl/hax.jar.p/com/android/org/conscrypt/OpenSSLSocketFactoryImpl.class src/api-impl/hax.jar.p/com/android/org/conscrypt/OpenSSLSocketImpl.class src/api-impl/hax.jar.p/com/android/org/conscrypt/SSLParametersImpl.class src/api-impl/hax.jar.p/com/android/server/am/DumpHeapProvider.class src/api-impl/hax.jar.p/com/google/android/gles_jni/EGLImpl.class src/api-impl/hax.jar.p/com/google/android/gles_jni/EGLSurfaceImpl.class src/api-impl/hax.jar.p/com/google/android/gles_jni/GLImpl.class src/api-impl/hax.jar.p/com/google/android/vending/expansion/downloader/IDownloaderClient.class src/api-impl/hax.jar.p/com/google/android/vending/expansion/downloader/impl/DownloaderService.class src/api-impl/hax.jar.p/com/google/android/vending/licensing/LicenseChecker.class src/api-impl/hax.jar.p/com/google/android/vending/licensing/LicenseCheckerCallback.class src/api-impl/hax.jar.p/com/google/android/vending/licensing/Policy.class src/api-impl/hax.jar.p/com/htc/util/htcresutil/resutil.class src/api-impl/hax.jar.p/com/htc/widget/HtcAlertDialog.class src/api-impl/hax.jar.p/javax/microedition/khronos/egl/EGL.class src/api-impl/hax.jar.p/javax/microedition/khronos/egl/EGL10.class src/api-impl/hax.jar.p/javax/microedition/khronos/egl/EGL11.class src/api-impl/hax.jar.p/javax/microedition/khronos/egl/EGLConfig.class src/api-impl/hax.jar.p/javax/microedition/khronos/egl/EGLContext.class src/api-impl/hax.jar.p/javax/microedition/khronos/egl/EGLDisplay.class src/api-impl/hax.jar.p/javax/microedition/khronos/egl/EGLSurface.class src/api-impl/hax.jar.p/javax/microedition/khronos/opengles/GL.class src/api-impl/hax.jar.p/javax/microedition/khronos/opengles/GL10.class src/api-impl/hax.jar.p/javax/microedition/khronos/opengles/GL10Ext.class src/api-impl/hax.jar.p/javax/microedition/khronos/opengles/GL11.class src/api-impl/hax.jar.p/javax/microedition/khronos/opengles/GL11Ext.class src/api-impl/hax.jar.p/javax/microedition/khronos/opengles/GL11ExtensionPack.class src/api-impl/hax.jar.p/org/apache/harmony/xnet/provider/jsse/SSLParametersImpl.class 
javac -Xlint:all -g:none -bootclasspath /nix/store/xcdwzi4ihsvs4bf57zpfw4qjwn2hs21w-art-standalone-0-unstable-2026-08-03/lib/java/core-all_classes.jar:/nix/store/xcdwzi4ihsvs4bf57zpfw4qjwn2hs21w-art-standalone-0-unstable-2026-08-03/lib/java/core-junit_classes.jar:/nix/store/xcdwzi4ihsvs4bf57zpfw4qjwn2hs21w-art-standalone-0-unstable-2026-08-03/lib/java/junit-runner_classes.jar -source 1.8 -target 1.8 -encoding UTF-8 -Xlint:-deprecation -h /build/source/src/api-impl-jni/generated_headers -d src/api-impl/hax.jar.p -s src/api-impl/hax.jar.p -sourcepath ../src/api-impl:src/api-impl: ../src/api-impl/android/Manifest.java ../src/api-impl/android/R.java ../src/api-impl/android/accounts/Account.java ../src/api-impl/android/accounts/AccountManager.java ../src/api-impl/android/animation/AnimationHandler.java ../src/api-impl/android/animation/Animator.java ../src/api-impl/android/animation/AnimatorInflater.java ../src/api-impl/android/animation/AnimatorListenerAdapter.java ../src/api-impl/android/animation/AnimatorSet.java ../src/api-impl/android/animation/ArgbEvaluator.java ../src/api-impl/android/animation/FloatEvaluator.java ../src/api-impl/android/animation/Keyframe.java ../src/api-impl/android/animation/LayoutTransition.java ../src/api-impl/android/animation/ObjectAnimator.java ../src/api-impl/android/animation/PropertyValuesHolder.java ../src/api-impl/android/animation/StateListAnimator.java ../src/api-impl/android/animation/TimeInterpolator.java ../src/api-impl/android/animation/TypeEvaluator.java ../src/api-impl/android/animation/ValueAnimator.java ../src/api-impl/android/annotation/FloatRange.java ../src/api-impl/android/annotation/IntDef.java ../src/api-impl/android/annotation/IntRange.java ../src/api-impl/android/annotation/NonNull.java ../src/api-impl/android/annotation/Nullable.java ../src/api-impl/android/annotation/PrivateApi.java ../src/api-impl/android/annotation/SdkConstant.java ../src/api-impl/android/annotation/SuppressLint.java ../src/api-impl/android/annotation/SystemApi.java ../src/api-impl/android/annotation/TargetApi.java ../src/api-impl/android/annotation/UnsupportedAppUsage.java ../src/api-impl/android/annotation/Widget.java ../src/api-impl/android/app/ActionBar.java ../src/api-impl/android/app/Activity.java ../src/api-impl/android/app/ActivityManager.java ../src/api-impl/android/app/ActivityOptions.java ../src/api-impl/android/app/ActivityThread.java ../src/api-impl/android/app/AlarmManager.java ../src/api-impl/android/app/AlertDialog.java ../src/api-impl/android/app/AppGlobals.java ../src/api-impl/android/app/Application.java ../src/api-impl/android/app/ApplicationErrorReport.java ../src/api-impl/android/app/ApplicationExitInfo.java ../src/api-impl/android/app/AppOpsManager.java ../src/api-impl/android/app/ContextImpl.java ../src/api-impl/android/app/DatePickerDialog.java ../src/api-impl/android/app/Dialog.java ../src/api-impl/android/app/DownloadManager.java ../src/api-impl/android/app/Fragment.java ../src/api-impl/android/app/FragmentManager.java ../src/api-impl/android/app/FragmentTransaction.java ../src/api-impl/android/app/Instrumentation.java ../src/api-impl/android/app/IntentService.java ../src/api-impl/android/app/KeyguardManager.java ../src/api-impl/android/app/ListActivity.java ../src/api-impl/android/app/NativeActivity.java ../src/api-impl/android/app/Notification.java ../src/api-impl/android/app/NotificationChannel.java ../src/api-impl/android/app/NotificationChannelGroup.java ../src/api-impl/android/app/NotificationManager.java ../src/api-impl/android/app/PendingIntent.java ../src/api-impl/android/app/ProgressDialog.java ../src/api-impl/android/app/RemoteInput.java ../src/api-impl/android/app/SearchableInfo.java ../src/api-impl/android/app/SearchManager.java ../src/api-impl/android/app/Service.java ../src/api-impl/android/app/SharedElementCallback.java ../src/api-impl/android/app/SharedPreferencesImpl.java ../src/api-impl/android/app/StatusBarManager.java ../src/api-impl/android/app/TimePickerDialog.java ../src/api-impl/android/app/UiModeManager.java ../src/api-impl/android/app/WallpaperManager.java ../src/api-impl/android/app/admin/DevicePolicyManager.java ../src/api-impl/android/app/backup/BackupAgent.java ../src/api-impl/android/app/backup/BackupAgentHelper.java ../src/api-impl/android/app/backup/BackupManager.java ../src/api-impl/android/app/job/JobInfo.java ../src/api-impl/android/app/job/JobParameters.java ../src/api-impl/android/app/job/JobScheduler.java ../src/api-impl/android/app/job/JobService.java ../src/api-impl/android/app/job/JobWorkItem.java ../src/api-impl/android/app/usage/UsageStatsManager.java ../src/api-impl/android/appwidget/AppWidgetManager.java ../src/api-impl/android/appwidget/AppWidgetProvider.java ../src/api-impl/android/atl/ATLGStub.java ../src/api-impl/android/atl/ATLKeyboardDialog.java ../src/api-impl/android/atl/ATLKeyboardViewer.java ../src/api-impl/android/atl/ATLLoadedApp.java ../src/api-impl/android/atl/ATLLoadedAppManager.java ../src/api-impl/android/atl/ATLMediaContentProvider.java ../src/api-impl/android/atl/ATLPaths.java ../src/api-impl/android/atl/ATLProvider.java ../src/api-impl/android/atl/ATLSigHelper.java ../src/api-impl/android/atl/EarlyPackageParser.java ../src/api-impl/android/atl/GskCanvas.java ../src/api-impl/android/atl/GVariantBuilderParcel.java ../src/api-impl/android/atl/GVariantIterParcel.java ../src/api-impl/android/bluetooth/BluetoothAdapter.java ../src/api-impl/android/bluetooth/BluetoothManager.java ../src/api-impl/android/bluetooth/BluetoothProfile.java ../src/api-impl/android/bluetooth/le/ScanCallback.java ../src/api-impl/android/content/AbstractThreadedSyncAdapter.java ../src/api-impl/android/content/ActivityNotFoundException.java ../src/api-impl/android/content/AsyncQueryHandler.java ../src/api-impl/android/content/BroadcastReceiver.java ../src/api-impl/android/content/ClipboardManager.java ../src/api-impl/android/content/ClipData.java ../src/api-impl/android/content/ClipDescription.java ../src/api-impl/android/content/ComponentCallbacks.java ../src/api-impl/android/content/ComponentCallbacks2.java ../src/api-impl/android/content/ComponentName.java ../src/api-impl/android/content/ContentCaptureOptions.java ../src/api-impl/android/content/ContentProvider.java ../src/api-impl/android/content/ContentResolver.java ../src/api-impl/android/content/ContentUris.java ../src/api-impl/android/content/ContentValues.java ../src/api-impl/android/content/Context.java ../src/api-impl/android/content/ContextWrapper.java ../src/api-impl/android/content/DialogInterface.java ../src/api-impl/android/content/Intent.java ../src/api-impl/android/content/IntentFilter.java ../src/api-impl/android/content/IntentSender.java ../src/api-impl/android/content/Loader.java ../src/api-impl/android/content/MutableContextWrapper.java ../src/api-impl/android/content/OperationApplicationException.java ../src/api-impl/android/content/RestrictionsManager.java ../src/api-impl/android/content/SearchRecentSuggestionsProvider.java ../src/api-impl/android/content/ServiceConnection.java ../src/api-impl/android/content/SharedPreferences.java ../src/api-impl/android/content/UriMatcher.java ../src/api-impl/android/content/pm/ActivityInfo.java ../src/api-impl/android/content/pm/ApplicationInfo.java ../src/api-impl/android/content/pm/ComponentInfo.java ../src/api-impl/android/content/pm/ConfigurationInfo.java ../src/api-impl/android/content/pm/FeatureInfo.java ../src/api-impl/android/content/pm/InstrumentationInfo.java ../src/api-impl/android/content/pm/LabeledIntent.java ../src/api-impl/android/content/pm/LauncherApps.java ../src/api-impl/android/content/pm/ManifestDigest.java ../src/api-impl/android/content/pm/PackageInfo.java ../src/api-impl/android/content/pm/PackageInstaller.java ../src/api-impl/android/content/pm/PackageItemInfo.java ../src/api-impl/android/content/pm/PackageManager.java ../src/api-impl/android/content/pm/PackageParser.java ../src/api-impl/android/content/pm/PackageUserState.java ../src/api-impl/android/content/pm/PathPermission.java ../src/api-impl/android/content/pm/PermissionGroupInfo.java ../src/api-impl/android/content/pm/PermissionInfo.java ../src/api-impl/android/content/pm/ProviderInfo.java ../src/api-impl/android/content/pm/ResolveInfo.java ../src/api-impl/android/content/pm/ServiceInfo.java ../src/api-impl/android/content/pm/ShortcutInfo.java ../src/api-impl/android/content/pm/ShortcutManager.java ../src/api-impl/android/content/pm/Signature.java ../src/api-impl/android/content/pm/SigningInfo.java ../src/api-impl/android/content/pm/VerifierInfo.java ../src/api-impl/android/content/res/AssetFileDescriptor.java ../src/api-impl/android/content/res/AssetManager.java ../src/api-impl/android/content/res/ColorStateList.java ../src/api-impl/android/content/res/CompatibilityInfo.java ../src/api-impl/android/content/res/ComplexColor.java ../src/api-impl/android/content/res/Configuration.java ../src/api-impl/android/content/res/ConfigurationBoundResourceCache.java ../src/api-impl/android/content/res/ConstantState.java ../src/api-impl/android/content/res/GradientColor.java ../src/api-impl/android/content/res/Resources.java ../src/api-impl/android/content/res/StringBlock.java ../src/api-impl/android/content/res/ThemedResourceCache.java ../src/api-impl/android/content/res/TypedArray.java ../src/api-impl/android/content/res/XmlBlock.java ../src/api-impl/android/content/res/XmlResourceParser.java ../src/api-impl/android/database/AbstractCursor.java ../src/api-impl/android/database/AbstractWindowedCursor.java ../src/api-impl/android/database/CharArrayBuffer.java ../src/api-impl/android/database/ContentObservable.java ../src/api-impl/android/database/ContentObserver.java ../src/api-impl/android/database/CrossProcessCursor.java ../src/api-impl/android/database/Cursor.java ../src/api-impl/android/database/CursorWindow.java ../src/api-impl/android/database/CursorWrapper.java ../src/api-impl/android/database/DatabaseErrorHandler.java ../src/api-impl/android/database/DatabaseUtils.java ../src/api-impl/android/database/DataSetObservable.java ../src/api-impl/android/database/DataSetObserver.java ../src/api-impl/android/database/DefaultDatabaseErrorHandler.java ../src/api-impl/android/database/MatrixCursor.java ../src/api-impl/android/database/MergeCursor.java ../src/api-impl/android/database/Observable.java ../src/api-impl/android/database/SQLException.java ../src/api-impl/android/database/StaleDataException.java ../src/api-impl/android/database/sqlite/DatabaseErrorHandler.java ../src/api-impl/android/database/sqlite/DatabaseObjectNotClosedException.java ../src/api-impl/android/database/sqlite/SQLiteAbortException.java ../src/api-impl/android/database/sqlite/SQLiteAccessPermException.java ../src/api-impl/android/database/sqlite/SQLiteBindOrColumnIndexOutOfRangeException.java ../src/api-impl/android/database/sqlite/SQLiteBlobTooBigException.java ../src/api-impl/android/database/sqlite/SQLiteCantOpenDatabaseException.java ../src/api-impl/android/database/sqlite/SQLiteClosable.java ../src/api-impl/android/database/sqlite/SQLiteConnection.java ../src/api-impl/android/database/sqlite/SQLiteConnectionPool.java ../src/api-impl/android/database/sqlite/SQLiteConstraintException.java ../src/api-impl/android/database/sqlite/SQLiteCursor.java ../src/api-impl/android/database/sqlite/SQLiteCursorDriver.java ../src/api-impl/android/database/sqlite/SQLiteCustomFunction.java ../src/api-impl/android/database/sqlite/SQLiteDatabase.java ../src/api-impl/android/database/sqlite/SQLiteDatabaseConfiguration.java ../src/api-impl/android/database/sqlite/SQLiteDatabaseCorruptException.java ../src/api-impl/android/database/sqlite/SQLiteDatabaseLockedException.java ../src/api-impl/android/database/sqlite/SQLiteDatatypeMismatchException.java ../src/api-impl/android/database/sqlite/SQLiteDebug.java ../src/api-impl/android/database/sqlite/SQLiteDirectCursorDriver.java ../src/api-impl/android/database/sqlite/SQLiteDiskIOException.java ../src/api-impl/android/database/sqlite/SQLiteDoneException.java ../src/api-impl/android/database/sqlite/SQLiteException.java ../src/api-impl/android/database/sqlite/SQLiteFullException.java ../src/api-impl/android/database/sqlite/SQLiteGlobal.java ../src/api-impl/android/database/sqlite/SQLiteMisuseException.java ../src/api-impl/android/database/sqlite/SQLiteOpenHelper.java ../src/api-impl/android/database/sqlite/SQLiteOutOfMemoryException.java ../src/api-impl/android/database/sqlite/SQLiteProgram.java ../src/api-impl/android/database/sqlite/SQLiteQuery.java ../src/api-impl/android/database/sqlite/SQLiteQueryBuilder.java ../src/api-impl/android/database/sqlite/SQLiteReadOnlyDatabaseException.java ../src/api-impl/android/database/sqlite/SQLiteSession.java ../src/api-impl/android/database/sqlite/SQLiteStatement.java ../src/api-impl/android/database/sqlite/SQLiteStatementInfo.java ../src/api-impl/android/database/sqlite/SQLiteTableLockedException.java ../src/api-impl/android/database/sqlite/SQLiteTransactionListener.java ../src/api-impl/android/gesture/GestureOverlayView.java ../src/api-impl/android/gesture/GestureStore.java ../src/api-impl/android/graphics/Bitmap.java ../src/api-impl/android/graphics/BitmapFactory.java ../src/api-impl/android/graphics/BitmapShader.java ../src/api-impl/android/graphics/BlendMode.java ../src/api-impl/android/graphics/BlendModeColorFilter.java ../src/api-impl/android/graphics/BlurMaskFilter.java ../src/api-impl/android/graphics/Camera.java ../src/api-impl/android/graphics/Canvas.java ../src/api-impl/android/graphics/Color.java ../src/api-impl/android/graphics/ColorFilter.java ../src/api-impl/android/graphics/ColorMatrix.java ../src/api-impl/android/graphics/ColorMatrixColorFilter.java ../src/api-impl/android/graphics/ColorSpace.java ../src/api-impl/android/graphics/ComposeShader.java ../src/api-impl/android/graphics/CornerPathEffect.java ../src/api-impl/android/graphics/DashPathEffect.java ../src/api-impl/android/graphics/FontFamily.java ../src/api-impl/android/graphics/HardwareRenderer.java ../src/api-impl/android/graphics/Insets.java ../src/api-impl/android/graphics/LightingColorFilter.java ../src/api-impl/android/graphics/LinearGradient.java ../src/api-impl/android/graphics/MaskFilter.java ../src/api-impl/android/graphics/Matrix.java ../src/api-impl/android/graphics/Outline.java ../src/api-impl/android/graphics/Paint.java ../src/api-impl/android/graphics/Path.java ../src/api-impl/android/graphics/PathEffect.java ../src/api-impl/android/graphics/PathMeasure.java ../src/api-impl/android/graphics/Picture.java ../src/api-impl/android/graphics/PixelFormat.java ../src/api-impl/android/graphics/Point.java ../src/api-impl/android/graphics/PointF.java ../src/api-impl/android/graphics/PorterDuff.java ../src/api-impl/android/graphics/PorterDuffColorFilter.java ../src/api-impl/android/graphics/PorterDuffXfermode.java ../src/api-impl/android/graphics/RadialGradient.java ../src/api-impl/android/graphics/Rect.java ../src/api-impl/android/graphics/RectF.java ../src/api-impl/android/graphics/Region.java ../src/api-impl/android/graphics/Shader.java ../src/api-impl/android/graphics/SweepGradient.java ../src/api-impl/android/graphics/Typeface.java ../src/api-impl/android/graphics/Xfermode.java ../src/api-impl/android/graphics/drawable/AdaptiveIconDrawable.java ../src/api-impl/android/graphics/drawable/Animatable.java ../src/api-impl/android/graphics/drawable/AnimatedVectorDrawable.java ../src/api-impl/android/graphics/drawable/AnimationDrawable.java ../src/api-impl/android/graphics/drawable/BitmapDrawable.java ../src/api-impl/android/graphics/drawable/ClipDrawable.java ../src/api-impl/android/graphics/drawable/ColorDrawable.java ../src/api-impl/android/graphics/drawable/ColorStateListDrawable.java ../src/api-impl/android/graphics/drawable/Drawable.java ../src/api-impl/android/graphics/drawable/DrawableContainer.java ../src/api-impl/android/graphics/drawable/DrawableWrapper.java ../src/api-impl/android/graphics/drawable/GradientDrawable.java ../src/api-impl/android/graphics/drawable/Icon.java ../src/api-impl/android/graphics/drawable/InsetDrawable.java ../src/api-impl/android/graphics/drawable/LayerDrawable.java ../src/api-impl/android/graphics/drawable/NinePatchDrawable.java ../src/api-impl/android/graphics/drawable/PictureDrawable.java ../src/api-impl/android/graphics/drawable/RippleDrawable.java ../src/api-impl/android/graphics/drawable/ScaleDrawable.java ../src/api-impl/android/graphics/drawable/ShapeDrawable.java ../src/api-impl/android/graphics/drawable/StateListDrawable.java ../src/api-impl/android/graphics/drawable/TransitionDrawable.java ../src/api-impl/android/graphics/drawable/VectorDrawable.java ../src/api-impl/android/graphics/drawable/shapes/OvalShape.java ../src/api-impl/android/graphics/drawable/shapes/PathShape.java ../src/api-impl/android/graphics/drawable/shapes/RectShape.java ../src/api-impl/android/graphics/drawable/shapes/RoundRectShape.java ../src/api-impl/android/graphics/drawable/shapes/Shape.java ../src/api-impl/android/graphics/fonts/FontStyle.java ../src/api-impl/android/graphics/fonts/FontVariationAxis.java ../src/api-impl/android/hardware/Camera.java ../src/api-impl/android/hardware/ConsumerIrManager.java ../src/api-impl/android/hardware/GeomagneticField.java ../src/api-impl/android/hardware/Sensor.java ../src/api-impl/android/hardware/SensorEvent.java ../src/api-impl/android/hardware/SensorEventListener.java ../src/api-impl/android/hardware/SensorManager.java ../src/api-impl/android/hardware/camera2/CameraAccessException.java ../src/api-impl/android/hardware/camera2/CameraManager.java ../src/api-impl/android/hardware/display/ColorDisplayManager.java ../src/api-impl/android/hardware/display/DisplayManager.java ../src/api-impl/android/hardware/fingerprint/FingerprintManager.java ../src/api-impl/android/hardware/input/InputManager.java ../src/api-impl/android/hardware/usb/UsbManager.java ../src/api-impl/android/inputmethodservice/AbstractInputMethodService.java ../src/api-impl/android/inputmethodservice/InputMethodService.java ../src/api-impl/android/location/Criteria.java ../src/api-impl/android/location/Geocoder.java ../src/api-impl/android/location/GnssStatus.java ../src/api-impl/android/location/Location.java ../src/api-impl/android/location/LocationListener.java ../src/api-impl/android/location/LocationManager.java ../src/api-impl/android/media/AudioAttributes.java ../src/api-impl/android/media/AudioFormat.java ../src/api-impl/android/media/AudioManager.java ../src/api-impl/android/media/AudioRecord.java ../src/api-impl/android/media/AudioTimestamp.java ../src/api-impl/android/media/AudioTrack.java ../src/api-impl/android/media/MediaCodec.java ../src/api-impl/android/media/MediaCodecInfo.java ../src/api-impl/android/media/MediaCodecList.java ../src/api-impl/android/media/MediaCrypto.java ../src/api-impl/android/media/MediaDescription.java ../src/api-impl/android/media/MediaFormat.java ../src/api-impl/android/media/MediaMetadata.java ../src/api-impl/android/media/MediaMetadataRetriever.java ../src/api-impl/android/media/MediaPlayer.java ../src/api-impl/android/media/MediaRecorder.java ../src/api-impl/android/media/MediaRouter.java ../src/api-impl/android/media/MediaScannerConnection.java ../src/api-impl/android/media/Ringtone.java ../src/api-impl/android/media/RingtoneManager.java ../src/api-impl/android/media/SoundPool.java ../src/api-impl/android/media/ThumbnailUtils.java ../src/api-impl/android/media/ToneGenerator.java ../src/api-impl/android/media/audiofx/AudioEffect.java ../src/api-impl/android/media/audiofx/Equalizer.java ../src/api-impl/android/media/projection/MediaProjectionManager.java ../src/api-impl/android/media/session/MediaController.java ../src/api-impl/android/media/session/MediaSession.java ../src/api-impl/android/media/session/MediaSessionManager.java ../src/api-impl/android/media/session/PlaybackState.java ../src/api-impl/android/media/tv/TvInputManager.java ../src/api-impl/android/net/ConnectivityManager.java ../src/api-impl/android/net/LocalServerSocket.java ../src/api-impl/android/net/LocalSocket.java ../src/api-impl/android/net/Network.java ../src/api-impl/android/net/NetworkCapabilities.java ../src/api-impl/android/net/NetworkInfo.java ../src/api-impl/android/net/NetworkRequest.java ../src/api-impl/android/net/SSLCertificateSocketFactory.java ../src/api-impl/android/net/SSLSessionCache.java ../src/api-impl/android/net/TrafficStats.java ../src/api-impl/android/net/Uri.java ../src/api-impl/android/net/UriCodec.java ../src/api-impl/android/net/UrlQuerySanitizer.java ../src/api-impl/android/net/http/X509TrustManagerExtensions.java ../src/api-impl/android/net/nsd/NsdManager.java ../src/api-impl/android/net/ssl/SSLSockets.java ../src/api-impl/android/net/wifi/WifiInfo.java ../src/api-impl/android/net/wifi/WifiManager.java ../src/api-impl/android/net/wifi/p2p/WifiP2pManager.java ../src/api-impl/android/nfc/NfcAdapter.java ../src/api-impl/android/nfc/NfcManager.java ../src/api-impl/android/opengl/EGLConfig.java ../src/api-impl/android/opengl/EGLObjectHandle.java ../src/api-impl/android/opengl/GLES10.java ../src/api-impl/android/opengl/GLES20.java ../src/api-impl/android/opengl/GLSurfaceView.java ../src/api-impl/android/opengl/GLU.java ../src/api-impl/android/opengl/GLUtils.java ../src/api-impl/android/opengl/Matrix.java ../src/api-impl/android/os/AsyncTask.java ../src/api-impl/android/os/BadParcelableException.java ../src/api-impl/android/os/BaseBundle.java ../src/api-impl/android/os/BatteryManager.java ../src/api-impl/android/os/Binder.java ../src/api-impl/android/os/Build.java ../src/api-impl/android/os/Bundle.java ../src/api-impl/android/os/CancellationSignal.java ../src/api-impl/android/os/ConditionVariable.java ../src/api-impl/android/os/CountDownTimer.java ../src/api-impl/android/os/DeadObjectException.java ../src/api-impl/android/os/Debug.java ../src/api-impl/android/os/DropBoxManager.java ../src/api-impl/android/os/Environment.java ../src/api-impl/android/os/FileObserver.java ../src/api-impl/android/os/Handler.java ../src/api-impl/android/os/HandlerThread.java ../src/api-impl/android/os/IBinder.java ../src/api-impl/android/os/IInterface.java ../src/api-impl/android/os/IMessenger.java ../src/api-impl/android/os/LocaleList.java ../src/api-impl/android/os/Looper.java ../src/api-impl/android/os/MemoryFile.java ../src/api-impl/android/os/Message.java ../src/api-impl/android/os/MessageQueue.java ../src/api-impl/android/os/Messenger.java ../src/api-impl/android/os/OperationCanceledException.java ../src/api-impl/android/os/Parcel.java ../src/api-impl/android/os/Parcelable.java ../src/api-impl/android/os/ParcelFileDescriptor.java ../src/api-impl/android/os/PatternMatcher.java ../src/api-impl/android/os/PersistableBundle.java ../src/api-impl/android/os/PowerManager.java ../src/api-impl/android/os/Process.java ../src/api-impl/android/os/RemoteCallbackList.java ../src/api-impl/android/os/RemoteException.java ../src/api-impl/android/os/ResultReceiver.java ../src/api-impl/android/os/ServiceManager.java ../src/api-impl/android/os/StatFs.java ../src/api-impl/android/os/StrictMode.java ../src/api-impl/android/os/SystemClock.java ../src/api-impl/android/os/SystemProperties.java ../src/api-impl/android/os/Trace.java ../src/api-impl/android/os/UserHandle.java ../src/api-impl/android/os/UserManager.java ../src/api-impl/android/os/VibrationEffect.java ../src/api-impl/android/os/Vibrator.java ../src/api-impl/android/os/WorkSource.java ../src/api-impl/android/os/ext/SdkExtensions.java ../src/api-impl/android/os/storage/StorageManager.java ../src/api-impl/android/os/storage/StorageVolume.java ../src/api-impl/android/preference/ListPreference.java ../src/api-impl/android/preference/Preference.java ../src/api-impl/android/preference/PreferenceActivity.java ../src/api-impl/android/preference/PreferenceManager.java ../src/api-impl/android/print/PrintManager.java ../src/api-impl/android/provider/BaseColumns.java ../src/api-impl/android/provider/CalendarContract.java ../src/api-impl/android/provider/Contacts.java ../src/api-impl/android/provider/ContactsContract.java ../src/api-impl/android/provider/DocumentsContract.java ../src/api-impl/android/provider/MediaStore.java ../src/api-impl/android/provider/Settings.java ../src/api-impl/android/provider/Telephony.java ../src/api-impl/android/provider/UserDictionary.java ../src/api-impl/android/security/keystore/AndroidKeyStore.java ../src/api-impl/android/security/keystore/KeyGenerator.java ../src/api-impl/android/security/keystore/KeyGenParameterSpec.java ../src/api-impl/android/service/media/MediaBrowserService.java ../src/api-impl/android/service/notification/StatusBarNotification.java ../src/api-impl/android/speech/tts/TextToSpeech.java ../src/api-impl/android/speech/tts/UtteranceProgressListener.java ../src/api-impl/android/telecom/ConnectionService.java ../src/api-impl/android/telecom/TelecomManager.java ../src/api-impl/android/telephony/CellLocation.java ../src/api-impl/android/telephony/PhoneNumberUtils.java ../src/api-impl/android/telephony/PhoneStateListener.java ../src/api-impl/android/telephony/SubscriptionManager.java ../src/api-impl/android/telephony/TelephonyManager.java ../src/api-impl/android/text/AutoText.java ../src/api-impl/android/text/BidiFormatter.java ../src/api-impl/android/text/BoringLayout.java ../src/api-impl/android/text/ClipboardManager.java ../src/api-impl/android/text/Editable.java ../src/api-impl/android/text/GetChars.java ../src/api-impl/android/text/Html.java ../src/api-impl/android/text/InputFilter.java ../src/api-impl/android/text/Layout.java ../src/api-impl/android/text/NoCopySpan.java ../src/api-impl/android/text/ParcelableSpan.java ../src/api-impl/android/text/Selection.java ../src/api-impl/android/text/Spannable.java ../src/api-impl/android/text/SpannableString.java ../src/api-impl/android/text/SpannableStringBuilder.java ../src/api-impl/android/text/SpannableStringInternal.java ../src/api-impl/android/text/Spanned.java ../src/api-impl/android/text/SpannedString.java ../src/api-impl/android/text/SpanWatcher.java ../src/api-impl/android/text/StaticLayout.java ../src/api-impl/android/text/TextDirectionHeuristic.java ../src/api-impl/android/text/TextDirectionHeuristics.java ../src/api-impl/android/text/TextPaint.java ../src/api-impl/android/text/TextUtils.java ../src/api-impl/android/text/TextWatcher.java ../src/api-impl/android/text/format/DateFormat.java ../src/api-impl/android/text/format/DateUtils.java ../src/api-impl/android/text/format/Formatter.java ../src/api-impl/android/text/format/Time.java ../src/api-impl/android/text/method/BaseMovementMethod.java ../src/api-impl/android/text/method/DigitsKeyListener.java ../src/api-impl/android/text/method/KeyListener.java ../src/api-impl/android/text/method/LinkMovementMethod.java ../src/api-impl/android/text/method/MovementMethod.java ../src/api-impl/android/text/method/NumberKeyListener.java ../src/api-impl/android/text/method/PasswordTransformationMethod.java ../src/api-impl/android/text/method/ScrollingMovementMethod.java ../src/api-impl/android/text/method/TextKeyListener.java ../src/api-impl/android/text/method/TransformationMethod.java ../src/api-impl/android/text/style/AbsoluteSizeSpan.java ../src/api-impl/android/text/style/BackgroundColorSpan.java ../src/api-impl/android/text/style/BulletSpan.java ../src/api-impl/android/text/style/CharacterStyle.java ../src/api-impl/android/text/style/ClickableSpan.java ../src/api-impl/android/text/style/DynamicDrawableSpan.java ../src/api-impl/android/text/style/ForegroundColorSpan.java ../src/api-impl/android/text/style/ImageSpan.java ../src/api-impl/android/text/style/LeadingMarginSpan.java ../src/api-impl/android/text/style/LineBackgroundSpan.java ../src/api-impl/android/text/style/LineHeightSpan.java ../src/api-impl/android/text/style/MetricAffectingSpan.java ../src/api-impl/android/text/style/ParagraphStyle.java ../src/api-impl/android/text/style/RelativeSizeSpan.java ../src/api-impl/android/text/style/ReplacementSpan.java ../src/api-impl/android/text/style/StrikethroughSpan.java ../src/api-impl/android/text/style/StyleSpan.java ../src/api-impl/android/text/style/SubscriptSpan.java ../src/api-impl/android/text/style/SuggestionSpan.java ../src/api-impl/android/text/style/TextAppearanceSpan.java ../src/api-impl/android/text/style/TypefaceSpan.java ../src/api-impl/android/text/style/UnderlineSpan.java ../src/api-impl/android/text/style/UpdateAppearance.java ../src/api-impl/android/text/style/UpdateLayout.java ../src/api-impl/android/text/style/URLSpan.java ../src/api-impl/android/text/util/Linkify.java ../src/api-impl/android/transition/Fade.java ../src/api-impl/android/transition/Transition.java ../src/api-impl/android/util/AndroidException.java ../src/api-impl/android/util/AndroidRuntimeException.java ../src/api-impl/android/util/ArrayMap.java ../src/api-impl/android/util/ArraySet.java ../src/api-impl/android/util/AttributeSet.java ../src/api-impl/android/util/Base64.java ../src/api-impl/android/util/Base64DataException.java ../src/api-impl/android/util/Base64InputStream.java ../src/api-impl/android/util/Base64OutputStream.java ../src/api-impl/android/util/ContainerHelpers.java ../src/api-impl/android/util/DecompiledXmlResourceParser.java ../src/api-impl/android/util/DisplayMetrics.java ../src/api-impl/android/util/FloatMath.java ../src/api-impl/android/util/FloatProperty.java ../src/api-impl/android/util/JsonReader.java ../src/api-impl/android/util/JsonScope.java ../src/api-impl/android/util/JsonToken.java ../src/api-impl/android/util/JsonWriter.java ../src/api-impl/android/util/LayoutDirection.java ../src/api-impl/android/util/Log.java ../src/api-impl/android/util/LongArray.java ../src/api-impl/android/util/LongSparseArray.java ../src/api-impl/android/util/LruCache.java ../src/api-impl/android/util/MapCollections.java ../src/api-impl/android/util/MathUtils.java ../src/api-impl/android/util/Pair.java ../src/api-impl/android/util/Patterns.java ../src/api-impl/android/util/Pools.java ../src/api-impl/android/util/PrefixPrinter.java ../src/api-impl/android/util/Printer.java ../src/api-impl/android/util/Property.java ../src/api-impl/android/util/Rational.java ../src/api-impl/android/util/Size.java ../src/api-impl/android/util/SizeF.java ../src/api-impl/android/util/Slog.java ../src/api-impl/android/util/SparseArray.java ../src/api-impl/android/util/SparseBooleanArray.java ../src/api-impl/android/util/SparseIntArray.java ../src/api-impl/android/util/SparseLongArray.java ../src/api-impl/android/util/StateSet.java ../src/api-impl/android/util/TypedValue.java ../src/api-impl/android/util/Xml.java ../src/api-impl/android/util/XmlPullAttributes.java ../src/api-impl/android/view/AbsSavedState.java ../src/api-impl/android/view/ActionMode.java ../src/api-impl/android/view/AnimationSet.java ../src/api-impl/android/view/Choreographer.java ../src/api-impl/android/view/ContextMenu.java ../src/api-impl/android/view/ContextThemeWrapper.java ../src/api-impl/android/view/Display.java ../src/api-impl/android/view/DisplayCutout.java ../src/api-impl/android/view/DisplayListCanvas.java ../src/api-impl/android/view/FocusFinder.java ../src/api-impl/android/view/GestureDetector.java ../src/api-impl/android/view/Gravity.java ../src/api-impl/android/view/HardwareCanvas.java ../src/api-impl/android/view/InflateException.java ../src/api-impl/android/view/InputDevice.java ../src/api-impl/android/view/InputEvent.java ../src/api-impl/android/view/InputQueue.java ../src/api-impl/android/view/InsetsController.java ../src/api-impl/android/view/KeyCharacterMap.java ../src/api-impl/android/view/KeyEvent.java ../src/api-impl/android/view/LayoutInflater.java ../src/api-impl/android/view/Menu.java ../src/api-impl/android/view/MenuInflater.java ../src/api-impl/android/view/MenuItem.java ../src/api-impl/android/view/MotionEvent.java ../src/api-impl/android/view/OrientationEventListener.java ../src/api-impl/android/view/PointerIcon.java ../src/api-impl/android/view/RenderNode.java ../src/api-impl/android/view/ScaleGestureDetector.java ../src/api-impl/android/view/SoundEffectConstants.java ../src/api-impl/android/view/SubMenu.java ../src/api-impl/android/view/Surface.java ../src/api-impl/android/view/SurfaceHolder.java ../src/api-impl/android/view/SurfaceView.java ../src/api-impl/android/view/TextureView.java ../src/api-impl/android/view/ThreadedRenderer.java ../src/api-impl/android/view/TouchDelegate.java ../src/api-impl/android/view/VelocityTracker.java ../src/api-impl/android/view/View.java ../src/api-impl/android/view/ViewAnimationUtils.java ../src/api-impl/android/view/ViewConfiguration.java ../src/api-impl/android/view/ViewGroup.java ../src/api-impl/android/view/ViewGroupOverlay.java ../src/api-impl/android/view/ViewManager.java ../src/api-impl/android/view/ViewOutlineProvider.java ../src/api-impl/android/view/ViewOverlay.java ../src/api-impl/android/view/ViewParent.java ../src/api-impl/android/view/ViewPropertyAnimator.java ../src/api-impl/android/view/ViewStub.java ../src/api-impl/android/view/ViewTreeObserver.java ../src/api-impl/android/view/Window.java ../src/api-impl/android/view/WindowInsets.java ../src/api-impl/android/view/WindowInsetsAnimation.java ../src/api-impl/android/view/WindowInsetsController.java ../src/api-impl/android/view/WindowManager.java ../src/api-impl/android/view/WindowManagerGlobal.java ../src/api-impl/android/view/WindowManagerImpl.java ../src/api-impl/android/view/accessibility/AccessibilityManager.java ../src/api-impl/android/view/accessibility/AccessibilityNodeInfo.java ../src/api-impl/android/view/accessibility/AccessibilityNodeProvider.java ../src/api-impl/android/view/accessibility/CaptioningManager.java ../src/api-impl/android/view/animation/AccelerateDecelerateInterpolator.java ../src/api-impl/android/view/animation/AccelerateInterpolator.java ../src/api-impl/android/view/animation/AlphaAnimation.java ../src/api-impl/android/view/animation/Animation.java ../src/api-impl/android/view/animation/AnimationSet.java ../src/api-impl/android/view/animation/AnimationUtils.java ../src/api-impl/android/view/animation/AnticipateInterpolator.java ../src/api-impl/android/view/animation/BaseInterpolator.java ../src/api-impl/android/view/animation/DecelerateInterpolator.java ../src/api-impl/android/view/animation/Interpolator.java ../src/api-impl/android/view/animation/LinearInterpolator.java ../src/api-impl/android/view/animation/OvershootInterpolator.java ../src/api-impl/android/view/animation/PathInterpolator.java ../src/api-impl/android/view/animation/ScaleAnimation.java ../src/api-impl/android/view/animation/Transformation.java ../src/api-impl/android/view/animation/TranslateAnimation.java ../src/api-impl/android/view/autofill/AutofillId.java ../src/api-impl/android/view/autofill/AutofillManager.java ../src/api-impl/android/view/inputmethod/BaseInputConnection.java ../src/api-impl/android/view/inputmethod/CompletionInfo.java ../src/api-impl/android/view/inputmethod/CorrectionInfo.java ../src/api-impl/android/view/inputmethod/CursorAnchorInfo.java ../src/api-impl/android/view/inputmethod/EditorInfo.java ../src/api-impl/android/view/inputmethod/ExtractedTextRequest.java ../src/api-impl/android/view/inputmethod/InputBinding.java ../src/api-impl/android/view/inputmethod/InputConnection.java ../src/api-impl/android/view/inputmethod/InputConnectionWrapper.java ../src/api-impl/android/view/inputmethod/InputMethod.java ../src/api-impl/android/view/inputmethod/InputMethodInfo.java ../src/api-impl/android/view/inputmethod/InputMethodManager.java ../src/api-impl/android/view/inputmethod/InputMethodSession.java ../src/api-impl/android/view/inputmethod/InputMethodSubtype.java ../src/api-impl/android/view/textservice/TextServicesManager.java ../src/api-impl/android/view/translation/ViewTranslationCallback.java ../src/api-impl/android/webkit/CookieManager.java ../src/api-impl/android/webkit/CookieSyncManager.java ../src/api-impl/android/webkit/DownloadListener.java ../src/api-impl/android/webkit/MimeTypeMap.java ../src/api-impl/android/webkit/ServiceWorkerClient.java ../src/api-impl/android/webkit/ServiceWorkerController.java ../src/api-impl/android/webkit/ServiceWorkerWebSettings.java ../src/api-impl/android/webkit/URLUtil.java ../src/api-impl/android/webkit/ValueCallback.java ../src/api-impl/android/webkit/ViewAnimator.java ../src/api-impl/android/webkit/WebChromeClient.java ../src/api-impl/android/webkit/WebResourceRequest.java ../src/api-impl/android/webkit/WebResourceResponse.java ../src/api-impl/android/webkit/WebSettings.java ../src/api-impl/android/webkit/WebStorage.java ../src/api-impl/android/webkit/WebView.java ../src/api-impl/android/webkit/WebViewClient.java ../src/api-impl/android/widget/AbsListView.java ../src/api-impl/android/widget/AbsoluteLayout.java ../src/api-impl/android/widget/AbsSeekBar.java ../src/api-impl/android/widget/AbsSpinner.java ../src/api-impl/android/widget/Adapter.java ../src/api-impl/android/widget/AdapterView.java ../src/api-impl/android/widget/ArrayAdapter.java ../src/api-impl/android/widget/AutoCompleteTextView.java ../src/api-impl/android/widget/BaseAdapter.java ../src/api-impl/android/widget/BaseExpandableListAdapter.java ../src/api-impl/android/widget/Button.java ../src/api-impl/android/widget/Checkable.java ../src/api-impl/android/widget/CheckBox.java ../src/api-impl/android/widget/CheckedTextView.java ../src/api-impl/android/widget/CompoundButton.java ../src/api-impl/android/widget/CursorAdapter.java ../src/api-impl/android/widget/DatePicker.java ../src/api-impl/android/widget/EdgeEffect.java ../src/api-impl/android/widget/EditText.java ../src/api-impl/android/widget/ExpandableListAdapter.java ../src/api-impl/android/widget/ExpandableListConnector.java ../src/api-impl/android/widget/ExpandableListPosition.java ../src/api-impl/android/widget/ExpandableListView.java ../src/api-impl/android/widget/Filter.java ../src/api-impl/android/widget/Filterable.java ../src/api-impl/android/widget/FilterQueryProvider.java ../src/api-impl/android/widget/FrameLayout.java ../src/api-impl/android/widget/Gallery.java ../src/api-impl/android/widget/GridLayout.java ../src/api-impl/android/widget/GridView.java ../src/api-impl/android/widget/HeaderViewListAdapter.java ../src/api-impl/android/widget/HeterogeneousExpandableList.java ../src/api-impl/android/widget/HorizontalScrollView.java ../src/api-impl/android/widget/ImageButton.java ../src/api-impl/android/widget/ImageView.java ../src/api-impl/android/widget/LinearLayout.java ../src/api-impl/android/widget/ListAdapter.java ../src/api-impl/android/widget/ListPopupWindow.java ../src/api-impl/android/widget/ListView.java ../src/api-impl/android/widget/MediaController.java ../src/api-impl/android/widget/MultiAutoCompleteTextView.java ../src/api-impl/android/widget/OverScroller.java ../src/api-impl/android/widget/PopupMenu.java ../src/api-impl/android/widget/PopupWindow.java ../src/api-impl/android/widget/ProgressBar.java ../src/api-impl/android/widget/RadioButton.java ../src/api-impl/android/widget/RadioGroup.java ../src/api-impl/android/widget/RatingBar.java ../src/api-impl/android/widget/RelativeLayout.java ../src/api-impl/android/widget/RemoteViews.java ../src/api-impl/android/widget/Scroller.java ../src/api-impl/android/widget/ScrollView.java ../src/api-impl/android/widget/SectionIndexer.java ../src/api-impl/android/widget/SeekBar.java ../src/api-impl/android/widget/SimpleAdapter.java ../src/api-impl/android/widget/Space.java ../src/api-impl/android/widget/Spinner.java ../src/api-impl/android/widget/SpinnerAdapter.java ../src/api-impl/android/widget/Switch.java ../src/api-impl/android/widget/TableLayout.java ../src/api-impl/android/widget/TableRow.java ../src/api-impl/android/widget/TextClock.java ../src/api-impl/android/widget/TextSwitcher.java ../src/api-impl/android/widget/TextView.java ../src/api-impl/android/widget/TimePicker.java ../src/api-impl/android/widget/Toast.java ../src/api-impl/android/widget/ToggleButton.java ../src/api-impl/android/widget/Toolbar.java ../src/api-impl/android/widget/ViewAnimator.java ../src/api-impl/android/widget/ViewFlipper.java ../src/api-impl/android/widget/ViewSwitcher.java ../src/api-impl/android/widget/ZoomButton.java ../src/api-impl/android/widget/ZoomButtonsController.java ../src/api-impl/com/android/internal/Manifest.java ../src/api-impl/com/android/internal/R.java ../src/api-impl/com/android/internal/graphics/ColorUtils.java ../src/api-impl/com/android/internal/graphics/cam/Cam.java ../src/api-impl/com/android/internal/graphics/cam/CamUtils.java ../src/api-impl/com/android/internal/graphics/cam/Frame.java ../src/api-impl/com/android/internal/graphics/cam/HctSolver.java ../src/api-impl/com/android/internal/util/ArrayUtils.java ../src/api-impl/com/android/internal/util/FastXmlSerializer.java ../src/api-impl/com/android/internal/util/GrowingArrayUtils.java ../src/api-impl/com/android/internal/util/XmlUtils.java ../src/api-impl/com/android/org/conscrypt/OpenSSLSocketFactoryImpl.java ../src/api-impl/com/android/org/conscrypt/OpenSSLSocketImpl.java ../src/api-impl/com/android/org/conscrypt/SSLParametersImpl.java ../src/api-impl/com/android/server/am/DumpHeapProvider.java ../src/api-impl/com/google/android/gles_jni/EGLImpl.java ../src/api-impl/com/google/android/gles_jni/EGLSurfaceImpl.java ../src/api-impl/com/google/android/gles_jni/GLImpl.java ../src/api-impl/com/google/android/vending/expansion/downloader/IDownloaderClient.java ../src/api-impl/com/google/android/vending/expansion/downloader/impl/DownloaderService.java ../src/api-impl/com/google/android/vending/licensing/LicenseChecker.java ../src/api-impl/com/google/android/vending/licensing/LicenseCheckerCallback.java ../src/api-impl/com/google/android/vending/licensing/Policy.java ../src/api-impl/com/htc/util/htcresutil/resutil.java ../src/api-impl/com/htc/widget/HtcAlertDialog.java ../src/api-impl/javax/microedition/khronos/egl/EGL.java ../src/api-impl/javax/microedition/khronos/egl/EGL10.java ../src/api-impl/javax/microedition/khronos/egl/EGL11.java ../src/api-impl/javax/microedition/khronos/egl/EGLConfig.java ../src/api-impl/javax/microedition/khronos/egl/EGLContext.java ../src/api-impl/javax/microedition/khronos/egl/EGLDisplay.java ../src/api-impl/javax/microedition/khronos/egl/EGLSurface.java ../src/api-impl/javax/microedition/khronos/opengles/GL.java ../src/api-impl/javax/microedition/khronos/opengles/GL10.java ../src/api-impl/javax/microedition/khronos/opengles/GL10Ext.java ../src/api-impl/javax/microedition/khronos/opengles/GL11.java ../src/api-impl/javax/microedition/khronos/opengles/GL11Ext.java ../src/api-impl/javax/microedition/khronos/opengles/GL11ExtensionPack.java ../src/api-impl/org/apache/harmony/xnet/provider/jsse/SSLParametersImpl.java
../src/api-impl/android/view/inputmethod/BaseInputConnection.java:154: warning: auxiliary class ExtractedText in ../src/api-impl/android/view/inputmethod/InputConnection.java should not be accessed from outside its own source file
	public ExtractedText getExtractedText(ExtractedTextRequest request, int flags) {
	       ^
../src/api-impl/android/provider/Settings.java:100: error: cannot find symbol
		public static boolean canWrite(Context context) {
		                               ^
  symbol:   class Context
  location: class System
../src/api-impl/android/os/Parcel.java:58: warning: [cast] redundant cast to byte
		data[pos++] = (byte)value;
		              ^
../src/api-impl/android/os/Bundle.java:38: warning: [unchecked] unchecked conversion
		EMPTY.mMap = ArrayMap.EMPTY;
		                     ^
  required: ArrayMap<String,Object>
  found:    ArrayMap
../src/api-impl/android/os/Bundle.java:789: warning: [unchecked] unchecked cast
			return (T)o;
			          ^
  required: T
  found:    Object
  where T is a type-variable:
    T extends Parcelable declared in method <T>getParcelable(String)
../src/api-impl/android/os/Bundle.java:831: warning: [unchecked] unchecked cast
			return (ArrayList<T>)o;
			                     ^
  required: ArrayList<T>
  found:    Object
  where T is a type-variable:
    T extends Parcelable declared in method <T>getParcelableArrayList(String)
../src/api-impl/android/os/Bundle.java:853: warning: [unchecked] unchecked cast
			return (SparseArray<T>)o;
			                       ^
  required: SparseArray<T>
  found:    Object
  where T is a type-variable:
    T extends Parcelable declared in method <T>getSparseParcelableArray(String)
../src/api-impl/android/os/Bundle.java:895: warning: [unchecked] unchecked cast
			return (ArrayList<Integer>)o;
			                           ^
  required: ArrayList<Integer>
  found:    Object
../src/api-impl/android/os/Bundle.java:916: warning: [unchecked] unchecked cast
			return (ArrayList<String>)o;
			                          ^
  required: ArrayList<String>
  found:    Object
../src/api-impl/android/os/Bundle.java:937: warning: [unchecked] unchecked cast
			return (ArrayList<CharSequence>)o;
			                                ^
  required: ArrayList<CharSequence>
  found:    Object
../src/api-impl/android/util/AndroidException.java:22: warning: [serial] serializable class AndroidException has no definition of serialVersionUID
public class AndroidException extends Exception{
       ^
../src/api-impl/android/os/RemoteException.java:23: warning: [serial] serializable class RemoteException has no definition of serialVersionUID
public class RemoteException extends AndroidException {
       ^
../src/api-impl/android/util/ArrayMap.java:63: warning: [rawtypes] found raw type: ArrayMap
	public static final ArrayMap EMPTY = new ArrayMap(true);
	                    ^
  missing type arguments for generic class ArrayMap<K,V>
  where K,V are type-variables:
    K extends Object declared in class ArrayMap
    V extends Object declared in class ArrayMap
../src/api-impl/android/util/ArrayMap.java:63: warning: [rawtypes] found raw type: ArrayMap
	public static final ArrayMap EMPTY = new ArrayMap(true);
	                                         ^
  missing type arguments for generic class ArrayMap<K,V>
  where K,V are type-variables:
    K extends Object declared in class ArrayMap
    V extends Object declared in class ArrayMap
../src/api-impl/android/util/ArrayMap.java:268: warning: [rawtypes] found raw type: ArrayMap
	public ArrayMap(ArrayMap map) {
	                ^
  missing type arguments for generic class ArrayMap<K,V>
  where K,V are type-variables:
    K extends Object declared in class ArrayMap
    V extends Object declared in class ArrayMap
../src/api-impl/android/util/ArrayMap.java:271: warning: [unchecked] unchecked method invocation: method putAll in class ArrayMap is applied to given types
			putAll(map);
			      ^
  required: ArrayMap<? extends K,? extends V>
  found:    ArrayMap
  where K,V are type-variables:
    K extends Object declared in class ArrayMap
    V extends Object declared in class ArrayMap
../src/api-impl/android/util/ArrayMap.java:271: warning: [unchecked] unchecked conversion
			putAll(map);
			       ^
  required: ArrayMap<? extends K,? extends V>
  found:    ArrayMap
  where K,V are type-variables:
    K extends Object declared in class ArrayMap
    V extends Object declared in class ArrayMap
../src/api-impl/android/util/ArrayMap.java:371: warning: [unchecked] unchecked cast
		return index >= 0 ? (V)mArray[(index << 1) + 1] : null;
		                             ^
  required: V
  found:    Object
  where V is a type-variable:
    V extends Object declared in class ArrayMap
../src/api-impl/android/util/ArrayMap.java:380: warning: [unchecked] unchecked cast
		return (K)mArray[index << 1];
		                ^
  required: K
  found:    Object
  where K is a type-variable:
    K extends Object declared in class ArrayMap
../src/api-impl/android/util/ArrayMap.java:389: warning: [unchecked] unchecked cast
		return (V)mArray[(index << 1) + 1];
		                ^
  required: V
  found:    Object
  where V is a type-variable:
    V extends Object declared in class ArrayMap
../src/api-impl/android/util/ArrayMap.java:400: warning: [unchecked] unchecked cast
		V old = (V)mArray[index];
		                 ^
  required: V
  found:    Object
  where V is a type-variable:
    V extends Object declared in class ArrayMap
../src/api-impl/android/util/ArrayMap.java:434: warning: [unchecked] unchecked cast
			final V old = (V)mArray[index];
			                       ^
  required: V
  found:    Object
  where V is a type-variable:
    V extends Object declared in class ArrayMap
../src/api-impl/android/util/ArrayMap.java:592: warning: [unchecked] unchecked cast
		return (V)old;
		          ^
  required: V
  found:    Object
  where V is a type-variable:
    V extends Object declared in class ArrayMap
../src/api-impl/android/util/MapCollections.java:57: warning: [unchecked] unchecked cast
			return (T)res;
			          ^
  required: T
  found:    Object
  where T is a type-variable:
    T extends Object declared in class MapCollections.ArrayIterator
../src/api-impl/android/util/MapCollections.java:111: warning: [unchecked] unchecked cast
			return (K)colGetEntry(mIndex, 0);
			                     ^
  required: K
  found:    Object
  where K is a type-variable:
    K extends Object declared in class MapCollections
../src/api-impl/android/util/MapCollections.java:120: warning: [unchecked] unchecked cast
			return (V)colGetEntry(mIndex, 1);
			                     ^
  required: V
  found:    Object
  where V is a type-variable:
    V extends Object declared in class MapCollections
../src/api-impl/android/util/MapCollections.java:499: warning: [unchecked] unchecked cast
			array[i] = (T)colGetEntry(i, offset);
			                         ^
  required: T
  found:    Object
  where T is a type-variable:
    T extends Object declared in method <T>toArrayHelper(T[],int)
../src/api-impl/android/content/pm/PackageParser.java:3109: warning: [rawtypes] found raw type: Component
	                                 Component outInfo, String[] outError)
	                                 ^
  missing type arguments for generic class Component<II>
  where II is a type-variable:
    II extends IntentInfo declared in class Component
../src/api-impl/android/content/pm/PackageParser.java:3864: warning: [rawtypes] found raw type: Component
	public final static class Instrumentation extends Component {
	                                                  ^
  missing type arguments for generic class Component<II>
  where II is a type-variable:
    II extends IntentInfo declared in class Component
../src/api-impl/android/content/IntentFilter.java:100: warning: [rawtypes] found raw type: Iterator
	public final Iterator authoritiesIterator() {
	             ^
  missing type arguments for generic class Iterator<E>
  where E is a type-variable:
    E extends Object declared in interface Iterator
../src/api-impl/android/content/pm/PackageManager.java:67: warning: [serial] serializable class NameNotFoundException has no definition of serialVersionUID
	public static class NameNotFoundException extends AndroidException {
	              ^
../src/api-impl/android/content/pm/PackageManager.java:991: warning: [dep-ann] deprecated item is not annotated with @Deprecated
	public static final String FEATURE_NFC_HCE = "android.hardware.nfc.hce";
	                           ^
../src/api-impl/android/content/res/Resources.java:132: warning: [rawtypes] found raw type: LongSparseArray
		sPreloadedDrawables = new LongSparseArray[2];
		                          ^
  missing type arguments for generic class LongSparseArray<E>
  where E is a type-variable:
    E extends Object declared in class LongSparseArray
../src/api-impl/android/content/res/Resources.java:132: warning: [unchecked] unchecked conversion
		sPreloadedDrawables = new LongSparseArray[2];
		                      ^
  required: LongSparseArray<ConstantState>[]
  found:    LongSparseArray[]
../src/api-impl/android/content/res/Resources.java:168: warning: [serial] serializable class NotFoundException has no definition of serialVersionUID
	public static class NotFoundException extends RuntimeException {
	              ^
../src/api-impl/android/content/ContentResolver.java:150: warning: [rawtypes] found raw type: List
	public List getPersistedUriPermissions() {
	       ^
  missing type arguments for generic class List<E>
  where E is a type-variable:
    E extends Object declared in interface List
../src/api-impl/android/app/Activity.java:266: warning: [unchecked] unchecked cast
		return (T)view;
		          ^
  required: T
  found:    View
  where T is a type-variable:
    T extends View declared in method <T>findViewById(int)
../src/api-impl/android/view/LayoutInflater.java:93: warning: [rawtypes] found raw type: Class
		Class view_class = Class.forName(view_class_name, false, classLoader);
		^
  missing type arguments for generic class Class<T>
  where T is a type-variable:
    T extends Object declared in class Class
../src/api-impl/android/view/LayoutInflater.java:95: warning: [rawtypes] found raw type: Constructor
		Constructor constructor = view_class.getConstructor(Context.class, AttributeSet.class);
		^
  missing type arguments for generic class Constructor<T>
  where T is a type-variable:
    T extends Object declared in class Constructor
../src/api-impl/android/view/LayoutInflater.java:95: warning: [unchecked] unchecked call to getConstructor(Class<?>...) as a member of the raw type Class
		Constructor constructor = view_class.getConstructor(Context.class, AttributeSet.class);
		                                                   ^
  where T is a type-variable:
    T extends Object declared in class Class
../src/api-impl/android/content/res/ColorStateList.java:759: warning: [cast] redundant cast to ColorStateList
			return (ColorStateList)mSrc.obtainForTheme(theme);
			       ^
../src/api-impl/android/view/Display.java:15: warning: [static] static variable should be qualified by type name, Display, instead of by an expression
		outMetrics.widthPixels = this.window_width;
		                             ^
../src/api-impl/android/view/Display.java:16: warning: [static] static variable should be qualified by type name, Display, instead of by an expression
		outMetrics.heightPixels = this.window_height;
		                              ^
../src/api-impl/android/app/PendingIntent.java:62: warning: [serial] serializable class PendingIntent.CanceledException has no definition of serialVersionUID
	public class CanceledException extends Exception {
	       ^
../src/api-impl/android/content/IntentSender.java:4: warning: [serial] serializable class IntentSender.SendIntentException has no definition of serialVersionUID
	public class SendIntentException extends Exception {
	       ^
../src/api-impl/android/database/Cursor.java:360: warning: [dep-ann] deprecated item is not annotated with @Deprecated
	void deactivate();
	     ^
../src/api-impl/android/database/SQLException.java:26: warning: [serial] serializable class SQLException has no definition of serialVersionUID
public class SQLException extends RuntimeException {
       ^
../src/api-impl/android/app/Dialog.java:111: warning: [cast] redundant cast to int
				int heightMeasureSpec = View.MeasureSpec.makeMeasureSpec(lp.height >= 0 ? lp.height : (int)(displayFrame.height()),
				                                                                                      ^
../src/api-impl/android/view/MenuInflater.java:56: warning: [rawtypes] found raw type: Class
	private static final Class<?>[] ACTION_VIEW_CONSTRUCTOR_SIGNATURE = new Class[] {Context.class};
	                                                                        ^
  missing type arguments for generic class Class<T>
  where T is a type-variable:
    T extends Object declared in class Class
../src/api-impl/android/view/MenuInflater.java:216: warning: [rawtypes] found raw type: Class
		private static final Class<?>[] PARAM_TYPES = new Class[] {MenuItem.class};
		                                                  ^
  missing type arguments for generic class Class<T>
  where T is a type-variable:
    T extends Object declared in class Class
../src/api-impl/android/util/AndroidRuntimeException.java:22: warning: [serial] serializable class AndroidRuntimeException has no definition of serialVersionUID
public class AndroidRuntimeException extends RuntimeException{
       ^
../src/api-impl/android/view/KeyCharacterMap.java:690: warning: [serial] serializable class UnavailableException has no definition of serialVersionUID
	public static class UnavailableException extends AndroidRuntimeException {
	              ^
../src/api-impl/android/graphics/Region.java:21: warning: [overrides] Class Region overrides equals, but neither it nor any superclass overrides hashCode method
public class Region {
       ^
../src/api-impl/android/animation/Animator.java:614: warning: [unchecked] unchecked cast
				T item = (T)array[i];
				                 ^
  required: T
  found:    Object
  where T,A are type-variables:
    T extends Object declared in method <T,A>callOnList(ArrayList<T>,AnimatorCaller<T,A>,A,boolean)
    A extends Object declared in method <T,A>callOnList(ArrayList<T>,AnimatorCaller<T,A>,A,boolean)
../src/api-impl/android/animation/ValueAnimator.java:493: warning: [rawtypes] found raw type: TypeEvaluator
	public static ValueAnimator ofObject(TypeEvaluator evaluator, Object... values) {
	                                     ^
  missing type arguments for generic class TypeEvaluator<T>
  where T is a type-variable:
    T extends Object declared in interface TypeEvaluator
../src/api-impl/android/animation/ValueAnimator.java:1038: warning: [rawtypes] found raw type: TypeEvaluator
	public void setEvaluator(TypeEvaluator value) {
	                         ^
  missing type arguments for generic class TypeEvaluator<T>
  where T is a type-variable:
    T extends Object declared in interface TypeEvaluator
../src/api-impl/android/animation/PropertyValuesHolder.java:17: warning: [rawtypes] found raw type: Property
	Property property;
	^
  missing type arguments for generic class Property<T,V>
  where T,V are type-variables:
    T extends Object declared in class Property
    V extends Object declared in class Property
../src/api-impl/android/animation/PropertyValuesHolder.java:28: warning: [rawtypes] found raw type: TypeEvaluator
	public static PropertyValuesHolder ofObject(String propertyName, TypeEvaluator evaluator, Object... values) {
	                                                                 ^
  missing type arguments for generic class TypeEvaluator<T>
  where T is a type-variable:
    T extends Object declared in interface TypeEvaluator
../src/api-impl/android/animation/PropertyValuesHolder.java:33: warning: [unchecked] unchecked conversion
		propertyValuesHolder.evaluator = evaluator;
		                                 ^
  required: TypeEvaluator<Object>
  found:    TypeEvaluator
../src/api-impl/android/animation/PropertyValuesHolder.java:53: warning: [rawtypes] found raw type: Property
	public static PropertyValuesHolder ofFloat(Property property, float... values) {
	                                           ^
  missing type arguments for generic class Property<T,V>
  where T,V are type-variables:
    T extends Object declared in class Property
    V extends Object declared in class Property
../src/api-impl/android/animation/PropertyValuesHolder.java:62: warning: [rawtypes] found raw type: Property
	public static PropertyValuesHolder ofObject(Property property, TypeEvaluator evaluator, Object... values) {
	                                            ^
  missing type arguments for generic class Property<T,V>
  where T,V are type-variables:
    T extends Object declared in class Property
    V extends Object declared in class Property
../src/api-impl/android/animation/PropertyValuesHolder.java:62: warning: [rawtypes] found raw type: TypeEvaluator
	public static PropertyValuesHolder ofObject(Property property, TypeEvaluator evaluator, Object... values) {
	                                                               ^
  missing type arguments for generic class TypeEvaluator<T>
  where T is a type-variable:
    T extends Object declared in interface TypeEvaluator
../src/api-impl/android/animation/PropertyValuesHolder.java:68: warning: [unchecked] unchecked conversion
		propertyValuesHolder.evaluator = evaluator;
		                                 ^
  required: TypeEvaluator<Object>
  found:    TypeEvaluator
../src/api-impl/android/animation/PropertyValuesHolder.java:72: warning: [rawtypes] found raw type: Property
	public static PropertyValuesHolder ofInt(Property property, int... values) {
	                                         ^
  missing type arguments for generic class Property<T,V>
  where T,V are type-variables:
    T extends Object declared in class Property
    V extends Object declared in class Property
../src/api-impl/android/animation/PropertyValuesHolder.java:81: warning: [rawtypes] found raw type: Property
	public static PropertyValuesHolder ofKeyframe(Property property, Keyframe... values) {
	                                              ^
  missing type arguments for generic class Property<T,V>
  where T,V are type-variables:
    T extends Object declared in class Property
    V extends Object declared in class Property
../src/api-impl/android/animation/PropertyValuesHolder.java:115: warning: [rawtypes] found raw type: Property
	public void setProperty(Property property) {
	                        ^
  missing type arguments for generic class Property<T,V>
  where T,V are type-variables:
    T extends Object declared in class Property
    V extends Object declared in class Property
../src/api-impl/android/animation/PropertyValuesHolder.java:171: warning: [unchecked] unchecked call to get(T) as a member of the raw type Property
				values_int = new int[] {(Integer)property.get(target), values_int[0]};
				                                             ^
  where T,V are type-variables:
    T extends Object declared in class Property
    V extends Object declared in class Property
../src/api-impl/android/animation/PropertyValuesHolder.java:173: warning: [unchecked] unchecked call to get(T) as a member of the raw type Property
				values_float = new float[] {(Float)property.get(target), values_float[0]};
				                                               ^
  where T,V are type-variables:
    T extends Object declared in class Property
    V extends Object declared in class Property
../src/api-impl/android/animation/PropertyValuesHolder.java:175: warning: [unchecked] unchecked call to get(T) as a member of the raw type Property
				values_object = new Object[] {property.get(target), values_object[0]};
				                                          ^
  where T,V are type-variables:
    T extends Object declared in class Property
    V extends Object declared in class Property
../src/api-impl/android/animation/PropertyValuesHolder.java:210: warning: [unchecked] unchecked call to set(T,V) as a member of the raw type Property
			property.set(target, value);
			            ^
  where T,V are type-variables:
    T extends Object declared in class Property
    V extends Object declared in class Property
../src/api-impl/android/animation/ObjectAnimator.java:77: warning: [rawtypes] found raw type: Property
	private Property mProperty;
	        ^
  missing type arguments for generic class Property<T,V>
  where T,V are type-variables:
    T extends Object declared in class Property
    V extends Object declared in class Property
../src/api-impl/android/animation/ObjectAnimator.java:129: warning: [rawtypes] found raw type: Property
	public void setProperty(@NonNull Property property) {
	                                 ^
  missing type arguments for generic class Property<T,V>
  where T,V are type-variables:
    T extends Object declared in class Property
    V extends Object declared in class Property
../src/api-impl/android/animation/ObjectAnimator.java:419: warning: [rawtypes] found raw type: TypeEvaluator
	                                      TypeEvaluator evaluator, Object... values) {
	                                      ^
  missing type arguments for generic class TypeEvaluator<T>
  where T is a type-variable:
    T extends Object declared in interface TypeEvaluator
../src/api-impl/android/view/SurfaceHolder.java:60: warning: [serial] serializable class BadSurfaceTypeException has no definition of serialVersionUID
	public static class BadSurfaceTypeException extends RuntimeException {
	              ^
../src/api-impl/android/content/pm/PackageInstaller.java:8: warning: [rawtypes] found raw type: List
	public List getMySessions() {
	       ^
  missing type arguments for generic class List<E>
  where E is a type-variable:
    E extends Object declared in interface List
../src/api-impl/android/animation/AnimatorInflater.java:326: warning: [rawtypes] found raw type: TypeEvaluator
			TypeEvaluator evaluator = null;
			^
  missing type arguments for generic class TypeEvaluator<T>
  where T is a type-variable:
    T extends Object declared in interface TypeEvaluator
../src/api-impl/android/animation/AnimatorInflater.java:396: warning: [unchecked] unchecked method invocation: method setEvaluator in class PropertyValuesHolder is applied to given types
				returnValue.setEvaluator(evaluator);
				                        ^
  required: TypeEvaluator<Object>
  found:    TypeEvaluator
../src/api-impl/android/animation/AnimatorInflater.java:396: warning: [unchecked] unchecked conversion
				returnValue.setEvaluator(evaluator);
				                         ^
  required: TypeEvaluator<Object>
  found:    TypeEvaluator
../src/api-impl/android/app/ActivityOptions.java:9: warning: [unchecked] Possible heap pollution from parameterized vararg type Pair<View,String>
	public static ActivityOptions makeSceneTransitionAnimation(Activity activity, Pair<View, String>... pairs) {
	                                                                    ^
../src/api-impl/android/text/TextUtils.java:67: warning: [rawtypes] found raw type: Iterable
	public static String join(CharSequence delimiter, Iterable tokens) {
	                                                  ^
  missing type arguments for generic class Iterable<T>
  where T is a type-variable:
    T extends Object declared in interface Iterable
../src/api-impl/android/text/Spanned.java:196: warning: [rawtypes] found raw type: Class
	public int nextSpanTransition(int start, int limit, Class type);
	                                                    ^
  missing type arguments for generic class Class<T>
  where T is a type-variable:
    T extends Object declared in class Class
../src/api-impl/android/app/Instrumentation.java:323: warning: [rawtypes] found raw type: Class
	private static Object getFieldObject(Class cls, Object obj, String field_name) {
	                                     ^
  missing type arguments for generic class Class<T>
  where T is a type-variable:
    T extends Object declared in class Class
../src/api-impl/android/app/Instrumentation.java:337: warning: [rawtypes] found raw type: Class
	private static void setFieldObject(Class cls, Object obj, String field_name, Object value) {
	                                   ^
  missing type arguments for generic class Class<T>
  where T is a type-variable:
    T extends Object declared in class Class
../src/api-impl/android/app/Instrumentation.java:348: warning: [rawtypes] found raw type: Class
	private static Object createObject(Class cls, Class[] type_array, Object[] value_array) {
	                                   ^
  missing type arguments for generic class Class<T>
  where T is a type-variable:
    T extends Object declared in class Class
../src/api-impl/android/app/Instrumentation.java:348: warning: [rawtypes] found raw type: Class
	private static Object createObject(Class cls, Class[] type_array, Object[] value_array) {
	                                              ^
  missing type arguments for generic class Class<T>
  where T is a type-variable:
    T extends Object declared in class Class
../src/api-impl/android/app/Instrumentation.java:350: warning: [rawtypes] found raw type: Constructor
			Constructor ctor = cls.getDeclaredConstructor(type_array);
			^
  missing type arguments for generic class Constructor<T>
  where T is a type-variable:
    T extends Object declared in class Constructor
../src/api-impl/android/app/Instrumentation.java:350: warning: [unchecked] unchecked call to getDeclaredConstructor(Class<?>...) as a member of the raw type Class
			Constructor ctor = cls.getDeclaredConstructor(type_array);
			                                             ^
  where T is a type-variable:
    T extends Object declared in class Class
../src/api-impl/android/app/Instrumentation.java:372: warning: [rawtypes] found raw type: Class
		Class[] type_array = {DexFile.class, File.class};
		^
  missing type arguments for generic class Class<T>
  where T is a type-variable:
    T extends Object declared in class Class
../src/api-impl/android/app/ListActivity.java:323: warning: [rawtypes] found raw type: AdapterView
		public void onItemClick(AdapterView parent, View v, int position, long id) {
		                        ^
  missing type arguments for generic class AdapterView<T>
  where T is a type-variable:
    T extends Adapter declared in class AdapterView
../src/api-impl/android/widget/AbsListView.java:5216: warning: [rawtypes] found raw type: ArrayList
			ArrayList<View>[] scrapViews = new ArrayList[viewTypeCount];
			                                   ^
  missing type arguments for generic class ArrayList<E>
  where E is a type-variable:
    E extends Object declared in class ArrayList
../src/api-impl/android/app/SharedPreferencesImpl.java:104: warning: [rawtypes] found raw type: Map
		Map map = null;
		^
  missing type arguments for generic class Map<K,V>
  where K,V are type-variables:
    K extends Object declared in interface Map
    V extends Object declared in interface Map
../src/api-impl/android/app/SharedPreferencesImpl.java:128: warning: [unchecked] unchecked conversion
			mMap = map;
			       ^
  required: Map<String,Object>
  found:    Map
../src/api-impl/android/app/SharedPreferencesImpl.java:225: warning: [unchecked] unchecked cast
			Set<String> v = (Set<String>)mMap.get(key);
			                                     ^
  required: Set<String>
  found:    Object
../src/api-impl/android/content/ActivityNotFoundException.java:3: warning: [serial] serializable class ActivityNotFoundException has no definition of serialVersionUID
public class ActivityNotFoundException extends Exception {
       ^
../src/api-impl/android/content/ClipboardManager.java:110: warning: [dep-ann] deprecated item is not annotated with @Deprecated
	public CharSequence getText() {
	                    ^
../src/api-impl/android/content/ClipboardManager.java:118: warning: [dep-ann] deprecated item is not annotated with @Deprecated
	public void setText(CharSequence text) {
	            ^
../src/api-impl/android/content/ClipboardManager.java:123: warning: [dep-ann] deprecated item is not annotated with @Deprecated
	public boolean hasText() {
	               ^
../src/api-impl/android/content/OperationApplicationException.java:23: warning: [serial] serializable class OperationApplicationException has no definition of serialVersionUID
public class OperationApplicationException extends Exception {
       ^
../src/api-impl/android/content/pm/ShortcutManager.java:10: warning: [rawtypes] found raw type: List
	public List getShortcuts(int matchFlags) {
	       ^
  missing type arguments for generic class List<E>
  where E is a type-variable:
    E extends Object declared in interface List
../src/api-impl/android/database/StaleDataException.java:3: warning: [serial] serializable class StaleDataException has no definition of serialVersionUID
public class StaleDataException extends RuntimeException {
       ^
../src/api-impl/android/database/sqlite/DatabaseObjectNotClosedException.java:28: warning: [serial] serializable class DatabaseObjectNotClosedException has no definition of serialVersionUID
public class DatabaseObjectNotClosedException extends RuntimeException {
       ^
Note: Some input files use or override a deprecated API.
Note: Recompile with -Xlint:deprecation for details.
Note: Some input files additionally use unchecked or unsafe operations.
1 error
100 warnings
only showing the first 100 warnings, of 211 total; use -Xmaxwarns if you would like to see more
[98/134] Compiling C object libtranslation_layer_main.so.p/src_api-impl-jni_sensors_android_hardware_SensorManager.c.o
[99/134] Compiling C object libtranslation_layer_main.so.p/src_api-impl-jni_text_android_text_Layout.c.o
[100/134] Compiling C object libtranslation_layer_main.so.p/src_api-impl-jni_util.c.o
[101/134] Compiling C object libtranslation_layer_main.so.p/src_api-impl-jni_handle_cache.c.o
[102/134] Compiling C object libtranslation_layer_main.so.p/src_api-impl-jni_views_AndroidLayout.c.o
[103/134] Compiling C object libtranslation_layer_main.so.p/src_api-impl-jni_views_android_view_WindowManagerImpl.c.o
[104/134] Compiling C object libtranslation_layer_main.so.p/src_api-impl-jni_views_android_view_ViewTreeObserver.c.o
[105/134] Compiling C object libtranslation_layer_main.so.p/src_api-impl-jni_views_android_view_inputmethod_InputMethodManager.c.o
[106/134] Compiling C object libtranslation_layer_main.so.p/src_api-impl-jni_views_android_view_ViewGroup.c.o
[107/134] Compiling C object libtranslation_layer_main.so.p/src_api-impl-jni_widgets_android_widget_Button.c.o
[108/134] Compiling C object libtranslation_layer_main.so.p/src_api-impl-jni_widgets_android_widget_CheckBox.c.o
[109/134] Compiling C object libtranslation_layer_main.so.p/src_api-impl-jni_widgets_android_view_SurfaceView.c.o
[110/134] Compiling C object libtranslation_layer_main.so.p/src_api-impl-jni_widgets_android_widget_DatePicker.c.o
[111/134] Compiling C object libtranslation_layer_main.so.p/src_api-impl-jni_widgets_WrapperWidget.c.o
[112/134] Compiling C object libtranslation_layer_main.so.p/src_api-impl-jni_widgets_android_widget_EditText.c.o
[113/134] Compiling C object libtranslation_layer_main.so.p/src_api-impl-jni_widgets_android_webkit_WebView.c.o
[114/134] Compiling C object libtranslation_layer_main.so.p/src_api-impl-jni_widgets_android_widget_CompoundButton.c.o
[115/134] Compiling C object libtranslation_layer_main.so.p/src_api-impl-jni_widgets_android_widget_ImageButton.c.o
[116/134] Compiling C object libtranslation_layer_main.so.p/src_api-impl-jni_views_android_view_View.c.o
[117/134] Compiling C object libtranslation_layer_main.so.p/src_api-impl-jni_widgets_android_widget_ImageView.c.o
[118/134] Compiling C object libtranslation_layer_main.so.p/src_api-impl-jni_widgets_android_widget_PopupMenu.c.o
[119/134] Compiling C object libtranslation_layer_main.so.p/src_api-impl-jni_widgets_android_widget_PopupWindow.c.o
[120/134] Compiling C object libtranslation_layer_main.so.p/src_api-impl-jni_widgets_android_widget_Progressbar.c.o
ninja: build stopped: subcommand failed.
